epoch,startPos,prefixLength,learnRate,MSE,MAE,RMSE,meanLoss,totalLoss
57,1,mix,0.007,148.8921034316622,3.921562757828431,12.202135199696084,4.226906360035211,1200.44140625
57,1,1,0.007,168.78037104284496,4.489015988910628,12.991549986158116,5.799233846618358,1200.44140625
57,1,2,0.007,84.6655186930642,2.1113439699357137,9.201386780972975,18.18850615530303,1200.44140625
57,1,3,0.007,63.120643270748594,1.589957925498311,7.9448501100240145,92.34164663461539,1200.44140625
57,1,4,0.007,51.12393213541698,2.0626410890372426,7.150100148628478,400.1471354166667,1200.44140625
