epoch,startPos,prefixLength,learnRate,MSE,MAE,RMSE,meanLoss,totalLoss
133,1,mix,0.0009,160.9751491602264,4.182907124786014,12.687598242387185,4.160352511456493,1177.3797607421875
133,1,1,0.0009,181.47342556048798,4.758894090176634,13.47120727924888,5.715435731758192,1177.3797607421875
133,1,2,0.0009,124.65671035764065,2.9239056892959354,11.16497695284861,17.572832249883394,1177.3797607421875
133,1,3,0.0009,40.68744943483987,1.2812735363256067,6.378671447475553,90.5676739032452,1177.3797607421875
133,1,4,0.0009,49.99995689303673,1.2500151187680615,7.071064763742214,392.4599202473958,1177.3797607421875
