epoch,startPos,prefixLength,learnRate,MSE,MAE,RMSE,meanLoss,totalLoss
19,1,mix,0.01,148.87472003498306,3.9231722796169595,12.201422869279757,4.227223570917694,1200.531494140625
19,1,1,0.01,169.4782844359785,4.500293815189007,13.018382558366401,5.799669053819445,1200.531494140625
19,1,2,0.01,84.65791155533235,2.112944041057691,9.200973402598898,18.189871123342805,1200.531494140625
19,1,3,0.01,63.11624854534834,1.5908436980712395,7.9445735282234216,92.34857647235577,1200.531494140625
19,1,4,0.01,34.37178462269852,1.500624013657216,5.8627454850691345,400.1771647135417,1200.531494140625
