epoch,startPos,prefixLength,learnRate,MSE,MAE,RMSE,meanLoss,totalLoss
190,1,mix,0.0003999999999999998,148.89391304592834,3.921452390385623,12.202209351012149,4.226369508555238,1200.2889404296875
190,1,1,0.0003999999999999998,170.00187285680434,4.505723934416631,13.038476630987393,5.798497296761775,1200.2889404296875
190,1,2,0.0003999999999999998,84.66627693602447,2.1112291275908355,9.201427983526496,18.186196067116477,1200.2889404296875
190,1,3,0.0003999999999999998,63.12102679954485,1.5898599540950826,7.944874246930838,92.32991849459134,1200.2889404296875
190,1,4,0.0003999999999999998,98.1247997257697,3.437513744083745,9.905796269143117,400.0963134765625,1200.2889404296875
