epoch,startPos,prefixLength,learnRate,MSE,MAE,RMSE,meanLoss,totalLoss
152,1,mix,0.0006999999999999999,160.97595402689137,4.18293104815292,12.687629960985282,4.160321023354682,1177.370849609375
152,1,1,0.0006999999999999999,179.00564473426235,4.7067766434917475,13.379299112220428,5.715392473831917,1177.370849609375
152,1,2,0.0006999999999999999,124.65687409113933,2.9239231657117593,11.16498428530642,17.57269924790112,1177.370849609375
152,1,3,0.0006999999999999999,40.68771838779813,1.2813329432535454,6.378692529648856,90.56698843149039,1177.370849609375
152,1,4,0.0006999999999999999,125.00052132451216,3.1250851871108125,11.18036320181559,392.4569498697917,1177.370849609375
