epoch,startPos,prefixLength,learnRate,MSE,MAE,RMSE,meanLoss,totalLoss
152,1,mix,0.0006999999999999999,162.63096447891778,4.1636109799097465,12.752684598895943,4.176202478543134,1186.04150390625
152,1,1,0.0006999999999999999,181.65143816955467,4.718286847924062,13.477812811044478,5.729669100996377,1186.04150390625
152,1,2,0.0006999999999999999,104.11515505781612,2.4366732948795233,10.203683406388897,17.970325816761363,1186.04150390625
152,1,3,0.0006999999999999999,67.04178817104571,2.052151038175604,8.187904992795515,91.2339618389423,1186.04150390625
152,1,4,0.0006999999999999999,116.23447287089309,3.4531548028462566,10.781209249007881,395.34716796875,1186.04150390625
