epoch,startPos,prefixLength,learnRate,MSE,MAE,RMSE,meanLoss,totalLoss
171,1,mix,0.0005999999999999998,162.630602987392,4.163615258296617,12.752670425734054,4.176178408340669,1186.03466796875
171,1,1,0.0005999999999999998,180.66774004324,4.688199152590152,13.441270030887706,5.72963607714372,1186.03466796875
171,1,2,0.0005999999999999998,106.77340476538369,2.524936834627571,10.333121733792924,17.970222241950758,1186.03466796875
171,1,3,0.0005999999999999998,67.04201656554079,2.0521973385475576,8.187918939849173,91.23343599759616,1186.03466796875
171,1,4,0.0005999999999999998,156.53231851863484,4.593867707881145,12.511287644308831,395.3448893229167,1186.03466796875
