epoch,startPos,prefixLength,learnRate,MSE,MAE,RMSE,meanLoss,totalLoss
209,1,mix,0.00019999999999999982,162.63046264871116,4.163547368447172,12.752664923407623,4.176135855661312,1186.0225830078125
209,1,1,0.00019999999999999982,181.095515019987,4.704425922761752,13.457173366646764,5.729577695689915,1186.0225830078125
209,1,2,0.00019999999999999982,104.11504583170198,2.436623079356436,10.20367805409902,17.970039136482008,1186.0225830078125
209,1,3,0.00019999999999999982,67.04179971420648,2.052122657148478,8.187905697686466,91.23250638521634,1186.0225830078125
209,1,4,0.00019999999999999982,146.18789896276522,4.843789793958422,12.090818787938442,395.3408610026042,1186.0225830078125
