epoch,startPos,prefixLength,learnRate,MSE,MAE,RMSE,meanLoss,totalLoss
190,1,mix,0.0003999999999999998,162.62928193518937,4.163584441849208,12.752618630508378,4.176164224114217,1186.0306396484375
190,1,1,0.0003999999999999998,180.877644920301,4.69933599495226,13.449075987602308,5.7296166166591185,1186.0306396484375
190,1,2,0.0003999999999999998,104.64529936097689,2.4679291810607538,10.229628505521443,17.970161206794508,1186.0306396484375
190,1,3,0.0003999999999999998,67.04086111176022,2.052198566185931,8.18784838109257,91.23312612680289,1186.0306396484375
190,1,4,0.0003999999999999998,110.52977310573364,3.375103786296677,10.513314087657308,395.3435465494792,1186.0306396484375
