epoch,startPos,prefixLength,learnRate,MSE,MAE,RMSE,meanLoss,totalLoss
190,1,mix,0.0003999999999999998,151.29549379011948,4.099629634820492,12.300223322774245,4.1779746335302566,1182.3668212890625
190,1,1,0.0003999999999999998,171.79977779750294,4.6788525078421515,13.107241425925706,5.739644763539139,1182.3668212890625
190,1,2,0.0003999999999999998,98.14535212884545,2.520249180705493,9.906833607608712,17.91464880741004,1182.3668212890625
190,1,3,0.0003999999999999998,60.582149283159836,1.9336254571065652,7.783453557589962,90.9512939453125,1182.3668212890625
190,1,4,0.0003999999999999998,117.59396830949812,3.8437794553196056,10.84407526299491,394.1222737630208,1182.3668212890625
