epoch,startPos,prefixLength,learnRate,MSE,MAE,RMSE,meanLoss,totalLoss
95,1,mix,0.003,178.42423915713334,4.547361618954868,13.35755363669311,4.06807541001773,1147.197265625
95,1,1,0.003,203.55434841302028,5.176510729132571,14.267247401409294,5.568918765169903,1147.197265625
95,1,2,0.003,117.67894277885486,2.8662335276083146,10.847992569081843,17.381776751893938,1147.197265625
95,1,3,0.003,82.32600636275104,2.601815898161476,9.073367972409752,88.24594350961539,1147.197265625
95,1,4,0.003,89.90411305758651,3.3127430777049085,9.48177794812695,382.3990885416667,1147.197265625
