epoch,startPos,prefixLength,learnRate,MSE,MAE,RMSE,meanLoss,totalLoss
38,1,mix,0.008,178.4142293975261,4.548164924088421,13.357178946077129,4.068735542026817,1147.3834228515625
38,1,1,0.008,202.62359539695453,5.16524840015686,14.234591507906172,5.569822441027003,1147.3834228515625
38,1,2,0.008,117.62530545178453,2.8721062924824388,10.84552006368457,17.384597315932766,1147.3834228515625
38,1,3,0.008,82.78762578874412,2.646659166241079,9.098770564683127,88.26026329627403,1147.3834228515625
38,1,4,0.008,122.33420567869965,4.238060142455652,11.060479450670284,382.4611409505208,1147.3834228515625
