epoch,startPos,prefixLength,learnRate,MSE,MAE,RMSE,meanLoss,totalLoss
171,1,mix,0.0005999999999999998,168.2342283454607,4.311690384877794,12.970513804219966,4.113814822355344,1164.2095947265625
171,1,1,0.0005999999999999998,192.44219872134212,5.054148972088185,13.872353755630012,5.624200940708032,1164.2095947265625
171,1,2,0.0005999999999999998,100.5278944743894,2.360916853101705,10.026359981288792,17.639539314038824,1164.2095947265625
171,1,3,0.0005999999999999998,86.49586890222594,2.844310567190405,9.300315527025194,89.55458420973558,1164.2095947265625
171,1,4,0.0005999999999999998,252.19329968844778,6.422331318957731,15.88059506720223,388.0698649088542,1164.2095947265625
