epoch,startPos,prefixLength,learnRate,MSE,MAE,RMSE,meanLoss,totalLoss
19,1,mix,0.01,168.21800546768128,4.313298335845401,12.969888413848489,4.11551906194788,1164.69189453125
19,1,1,0.01,191.75889621824055,5.0427957114745645,13.847703644223492,5.626530891455314,1164.69189453125
19,1,2,0.01,100.61141825478337,2.3763435894267304,10.030524326015234,17.64684688683712,1164.69189453125
19,1,3,0.01,85.44584196972448,2.7627886697882786,9.243692009674731,89.59168419471153,1164.69189453125
19,1,4,0.01,359.73343062172154,9.168959747068584,18.966639940214016,388.2306315104167,1164.69189453125
