epoch,startPos,prefixLength,learnRate,MSE,MAE,RMSE,meanLoss,totalLoss
19,1,mix,0.01,178.4290139506173,4.5482389303849935,13.357732365585758,4.06953722365359,1147.6094970703125
19,1,1,0.01,204.61440832301307,5.228244894880468,14.304349279957234,5.570919888690837,1147.6094970703125
19,1,2,0.01,117.9221034043452,2.900081503270913,10.859194417835294,17.388022682883523,1147.6094970703125
19,1,3,0.01,82.74622912001782,2.653547734986205,9.096495430659976,88.27765362079327,1147.6094970703125
19,1,4,0.01,66.39697594816376,2.316133982880274,8.148433956789718,382.5364990234375,1147.6094970703125
