epoch,startPos,prefixLength,learnRate,MSE,MAE,RMSE,meanLoss,totalLoss
133,1,mix,0.0009,168.23519769096916,4.311728416832112,12.970551171440986,4.113893326937942,1164.2318115234375
133,1,1,0.0009,193.50089116174334,5.067416840528424,13.910459775354061,5.624308268229167,1164.2318115234375
133,1,2,0.0009,100.52466972223839,2.3614607435952433,10.02619916629619,17.639875932173297,1164.2318115234375
133,1,3,0.0009,85.92985850273558,2.7978367008036003,9.269835947994743,89.55629319411058,1164.2318115234375
133,1,4,0.0009,372.28492944243357,9.687948281643912,19.294686559839047,388.0772705078125,1164.2318115234375
