epoch,startPos,prefixLength,learnRate,MSE,MAE,RMSE,meanLoss,totalLoss
133,1,mix,0.0009,178.42759100879204,4.547125670325434,13.357679102628271,4.067945980856605,1147.1607666015625
133,1,1,0.0009,204.54654626765577,5.193825970447926,14.301977005563105,5.568741585444478,1147.1607666015625
133,1,2,0.0009,117.68360224191832,2.8658426673644244,10.848207328490654,17.381223736387312,1147.1607666015625
133,1,3,0.0009,82.32796995078293,2.601591821242451,9.073476177892513,88.24313589242789,1147.1607666015625
133,1,4,0.0009,66.54697363039224,2.296902400880356,8.157632844789735,382.3869222005208,1147.1607666015625
