epoch,startPos,prefixLength,learnRate,MSE,MAE,RMSE,meanLoss,totalLoss
57,1,mix,0.007,168.19720253628552,4.314574307277023,12.969086418722235,4.11507175836462,1164.5653076171875
57,1,1,0.007,192.39133518453167,5.041786148244193,13.870520364590929,5.625919360469505,1164.5653076171875
57,1,2,0.007,100.5547204942864,2.365427347434246,10.027697666677351,17.64492890329072,1164.5653076171875
57,1,3,0.007,83.15035554391979,2.567847557598725,9.118681677957609,89.58194673978366,1164.5653076171875
57,1,4,0.007,382.45093488439926,9.021273902151734,19.556352801184563,388.1884358723958,1164.5653076171875
