epoch,startPos,prefixLength,learnRate,MSE,MAE,RMSE,meanLoss,totalLoss
19,1,mix,0.01,148.8361519341147,3.9796488473315446,12.199842291362405,4.2124092452517665,4768.447265625
19,1,1,0.01,170.2972368394314,4.5699510585895045,13.049798344780328,5.493602840581797,4768.447265625
19,1,2,0.01,92.23740163034924,2.3253857854200195,9.604030488828595,17.40309221031022,4768.447265625
19,1,3,0.01,71.4400395034115,2.1688625847860887,8.452220980512251,89.970703125,4768.447265625
19,1,4,0.01,102.54519334492129,3.25055684956169,10.126460059908462,476.8447265625,4768.447265625
