epoch,startPos,prefixLength,learnRate,MSE,MAE,RMSE,meanLoss,totalLoss
114,1,mix,0.002,178.4282493196887,4.5471351225043515,13.357703744270147,4.068015673481826,1147.180419921875
114,1,1,0.002,202.68089581601123,5.153246794737605,14.236604082997154,5.568836989912015,1147.180419921875
114,1,2,0.002,117.68198964592386,2.8660078106896663,10.848133002776278,17.381521513967805,1147.180419921875
114,1,3,0.002,82.80060395918603,2.6445611666048308,9.099483719375844,88.24464768629808,1147.180419921875
114,1,4,0.002,92.67132855911838,3.015697501380373,9.626594857950467,382.3934733072917,1147.180419921875
