epoch,startPos,prefixLength,learnRate,MSE,MAE,RMSE,meanLoss,totalLoss
152,1,mix,0.0006999999999999999,168.23304129500443,4.311782528258239,12.970468044562017,4.113838114923808,1164.2161865234375
152,1,1,0.0006999999999999999,192.71741472172,5.060575542684931,13.882269797180863,5.624232785137379,1164.2161865234375
152,1,2,0.0006999999999999999,100.5265050396555,2.361159814946244,10.026290691958591,17.639639189749055,1164.2161865234375
152,1,3,0.0006999999999999999,87.61898805995881,2.938223729724996,9.360501485495252,89.55509127103366,1164.2161865234375
152,1,4,0.0006999999999999999,309.2352346196383,7.406791673740372,17.585085573281646,388.0720621744792,1164.2161865234375
