epoch,startPos,prefixLength,learnRate,MSE,MAE,RMSE,meanLoss,totalLoss
209,1,mix,0.00019999999999999982,178.42808811446608,4.5470958051662755,13.35769771010207,4.067882781333112,1147.1429443359375
209,1,1,0.00019999999999999982,205.07532200526373,5.201655821957601,14.32045118022696,5.568655069591929,1147.1429443359375
209,1,2,0.00019999999999999982,117.68379178680004,2.8658115449845956,10.84821606471774,17.38095370205966,1147.1429443359375
209,1,3,0.00019999999999999982,81.38280135576437,2.515626638447074,9.021241674834146,88.24176494891827,1147.1429443359375
209,1,4,0.00019999999999999982,55.40623537789569,2.0000023836775753,7.443536483278341,382.3809814453125,1147.1429443359375
