epoch,startPos,prefixLength,learnRate,MSE,MAE,RMSE,meanLoss,totalLoss
171,1,mix,0.0005999999999999998,178.42880120485182,4.5471665128111445,13.357724402189612,4.067905290752438,1147.1492919921875
171,1,1,0.0005999999999999998,203.3173528612189,5.174995010027581,14.258939401695306,5.568685883457221,1147.1492919921875
171,1,2,0.0005999999999999998,117.68451222932717,2.8659104455685216,10.848249270242972,17.381049878669508,1147.1492919921875
171,1,3,0.0005999999999999998,82.8012476320273,2.6446163510040606,9.099519087953347,88.24225323016827,1147.1492919921875
171,1,4,0.0005999999999999998,72.92217834622839,2.6719358645668763,8.53944836311037,382.3830973307292,1147.1492919921875
