epoch,startPos,prefixLength,learnRate,MSE,MAE,RMSE,meanLoss,totalLoss
95,1,mix,0.003,168.23588114885655,4.311927985593987,12.970577517938688,4.114325102142226,1164.35400390625
95,1,1,0.003,192.15920109475468,5.0451870881952345,13.86214994489508,5.624898569595411,1164.35400390625
95,1,2,0.003,100.54903421558019,2.364123782129301,10.027414134041747,17.64172733191288,1164.35400390625
95,1,3,0.003,87.64764690107403,2.9413690450019203,9.362032199318374,89.56569260817308,1164.35400390625
95,1,4,0.003,499.05999531963596,11.91008199704811,22.3396507430093,388.1180013020833,1164.35400390625
