epoch,startPos,prefixLength,learnRate,MSE,MAE,RMSE,meanLoss,totalLoss
171,1,mix,0.0005999999999999998,158.91156834693226,4.19423241555353,12.606013182086247,4.1478478529428005,1173.8409423828125
171,1,1,0.0005999999999999998,182.09695392793915,4.832637437881949,13.49433043644401,5.698257001858313,1173.8409423828125
171,1,2,0.0005999999999999998,107.27843877613321,2.747248113867655,10.357530534646433,17.785468823982008,1173.8409423828125
171,1,3,0.0005999999999999998,46.74608136443084,1.4882875138386193,6.8371106005703055,90.2954571063702,1173.8409423828125
171,1,4,0.0005999999999999998,90.06248516066697,3.93750478104576,9.49012566622102,391.2803141276042,1173.8409423828125
