epoch,startPos,prefixLength,learnRate,MSE,MAE,RMSE,meanLoss,totalLoss
114,1,mix,0.002,158.9094069045022,4.194412655975157,12.605927451183518,4.147971217286882,1173.8758544921875
114,1,1,0.002,182.7097338967909,4.8424431435977775,13.517016456925356,5.698426478117415,1173.8758544921875
114,1,2,0.002,105.93641433306027,2.697926306468215,10.292541684786137,17.785997795336176,1173.8758544921875
114,1,3,0.002,46.74458665705113,1.4886764110514719,6.837001291286343,90.2981426532452,1173.8758544921875
114,1,4,0.002,71.35613101023537,2.641019319451061,8.447255827204204,391.2919514973958,1173.8758544921875
