epoch,startPos,prefixLength,learnRate,MSE,MAE,RMSE,meanLoss,totalLoss
152,1,mix,0.0006999999999999999,158.91105634972325,4.1942711349092185,12.605992874411886,4.147851735037544,1173.842041015625
152,1,1,0.0006999999999999999,182.1640170635753,4.837180651433803,13.496815071103823,5.698262335027306,1173.842041015625
152,1,2,0.0006999999999999999,105.26802384743858,2.6728449094656592,10.260020655312474,17.78548546993371,1173.842041015625
152,1,3,0.0006999999999999999,46.74590585647791,1.4883345380713848,6.837097765607708,90.29554161658653,1173.842041015625
152,1,4,0.0006999999999999999,132.9682114110244,4.281282684715961,11.53118430218789,391.2806803385417,1173.842041015625
