epoch,startPos,prefixLength,learnRate,MSE,MAE,RMSE,meanLoss,totalLoss
131,3,mix,0.009000000000000006,59.01370875877075,1.812932023557778,7.6820380602266445,2.370101341834435,30.811317443847656
131,3,3,0.009000000000000006,59.01372197032058,1.8129339231197719,7.682038920125345,2.370101341834435,30.811317443847656
131,3,4,0.009000000000000006,281.5230412636925,7.781400188229782,16.778648374159715,10.270439147949219,30.811317443847656
