epoch,startPos,prefixLength,learnRate,MSE,MAE,RMSE,meanLoss,totalLoss
223,2,mix,0.00830000000000001,112.09573126058187,2.8219544077005025,10.587527155128429,2.404237661788713,161.08392333984375
223,2,2,0.00830000000000001,111.97758089575687,2.8112126769763677,10.58194598813266,2.404237661788713,161.08392333984375
223,2,3,0.00830000000000001,59.01266142938995,1.8131864434653835,7.681969892507387,12.391071026141827,161.08392333984375
223,2,4,0.00830000000000001,199.53792507574906,5.328532321961575,14.125789361156036,53.69464111328125,161.08392333984375
