epoch,startPos,prefixLength,learnRate,MSE,MAE,RMSE,meanLoss,totalLoss
484,2,mix,0.006000000000000008,111.97944980121795,2.8109595761516175,10.582034294086272,2.389503820618587,160.0967559814453
484,2,2,0.006000000000000008,111.97946168612876,2.8109606414122936,10.582034855647034,2.389503820618587,160.0967559814453
484,2,3,0.006000000000000008,59.01380434818034,1.8129216132839474,7.682044281841932,12.315135075495792,160.0967559814453
484,2,4,0.006000000000000008,278.8994901030688,6.53153748492241,16.700284132405315,53.36558532714844,160.0967559814453
