epoch,startPos,prefixLength,learnRate,MSE,MAE,RMSE,meanLoss,totalLoss
421,3,mix,0.006500000000000009,59.012100383215206,1.8133025396523408,7.681933375343424,2.4762226985051083,32.190895080566406
421,3,3,0.006500000000000009,59.012095466209864,1.813301891873607,7.681933055306448,2.4762226985051083,32.190895080566406
421,3,4,0.006500000000000009,408.69924278699574,10.062768683296781,20.21631130515643,10.730298360188803,32.190895080566406
