epoch,startPos,prefixLength,learnRate,MSE,MAE,RMSE,meanLoss,totalLoss
204,1,mix,0.0002999999999999998,183.85956775836414,4.722982262375244,13.55948257708841,4.871375519095115,1003.5033569335938
204,1,1,0.0002999999999999998,183.4229699705328,4.710662589205229,13.54337365542769,4.871375519095115,1003.5033569335938
204,1,2,0.0002999999999999998,111.98218690689096,2.8105786252164577,10.582163621249245,14.977662043784981,1003.5033569335938
204,1,3,0.0002999999999999998,59.01548083623266,1.8125332348444374,7.682153398379432,77.19256591796875,1003.5033569335938
204,1,4,0.0002999999999999998,289.31191216796446,7.281270296053037,17.009171413327707,334.50111897786456,1003.5033569335938
