epoch,startPos,prefixLength,learnRate,MSE,MAE,RMSE,meanLoss,totalLoss
455,2,mix,0.006300000000000009,111.983359838847,2.810733864291265,10.582219041337549,2.347407554512593,157.27630615234375
455,2,2,0.006300000000000009,112.10152238433254,2.8214755045928825,10.587800639619758,2.347407554512593,157.27630615234375
455,2,3,0.006300000000000009,59.016316048112905,1.8126937714073392,7.682207758718382,12.098177396334135,157.27630615234375
455,2,4,0.006300000000000009,239.15852062715277,6.281439083187479,15.4647509073749,52.425435384114586,157.27630615234375
