epoch,startPos,prefixLength,learnRate,MSE,MAE,RMSE,meanLoss,totalLoss
426,2,mix,0.006500000000000009,113.39498868293454,2.848104330352868,10.648708310538632,2.392935681698927,160.32669067382812
426,2,2,0.006500000000000009,111.98481546221632,2.8109957977534066,10.582287817963389,2.392935681698927,160.32669067382812
426,2,3,0.006500000000000009,59.017271097954236,1.8129574280195584,7.682269918321944,12.33282235952524,160.32669067382812
426,2,4,0.006500000000000009,218.23928206650066,5.578578588569599,14.77292395115133,53.442230224609375,160.32669067382812
