epoch,startPos,prefixLength,learnRate,MSE,MAE,RMSE,meanLoss,totalLoss
252,2,mix,0.008000000000000012,112.09234136180311,2.8224484132051657,10.587367064657913,2.3605182704640857,158.15472412109375
252,2,2,0.008000000000000012,111.9742042447724,2.811709094190178,10.581786439196947,2.3605182704640857,158.15472412109375
252,2,3,0.008000000000000012,59.01046635974048,1.8136900178510587,7.681827019644511,12.165748009314903,158.15472412109375
252,2,4,0.008000000000000012,255.08975409154056,6.828861099067581,15.971529485041204,52.718241373697914,158.15472412109375
