epoch,startPos,prefixLength,learnRate,MSE,MAE,RMSE,meanLoss,totalLoss
44,3,mix,0.009800000000000001,59.016268924371715,1.8126857923597868,7.682204691647556,2.3781298123873196,30.915687561035156
44,3,3,0.009800000000000001,59.01626298846139,1.812686242111738,7.682204305305958,2.3781298123873196,30.915687561035156
44,3,4,0.009800000000000001,334.3157958758636,9.156435898409654,18.284304632002378,10.305229187011719,30.915687561035156
