epoch,startPos,prefixLength,learnRate,MSE,MAE,RMSE,meanLoss,totalLoss
146,1,mix,0.0007999999999999999,184.1735828760754,4.725720161210026,13.571056807635705,4.862623196203732,1001.7003784179688
146,1,1,0.0007999999999999999,183.42238437212066,4.710696252073105,13.543352036040437,4.862623196203732,1001.7003784179688
146,1,2,0.0007999999999999999,113.51016754241236,2.8584715035428303,10.654115052054411,14.950751916686102,1001.7003784179688
146,1,3,0.0007999999999999999,59.015288117258834,1.8125776669575941,7.682140855078019,77.05387526292067,1001.7003784179688
146,1,4,0.0007999999999999999,329.10784571510465,8.078169460322897,18.141329767001775,333.90012613932294,1001.7003784179688
