epoch,startPos,prefixLength,learnRate,MSE,MAE,RMSE,meanLoss,totalLoss
368,2,mix,0.0070000000000000106,111.98034374872567,2.810828222995255,10.582076532927065,2.3724246807952425,158.95245361328125
368,2,2,0.0070000000000000106,111.98034111503841,2.8108282740384993,10.582076408486117,2.3724246807952425,158.95245361328125
368,2,3,0.0070000000000000106,59.014376147627154,1.812786082722596,7.682081498371854,12.22711181640625,158.95245361328125
368,2,4,0.0070000000000000106,283.6199508165241,7.125168546047462,16.84101988647137,52.984151204427086,158.95245361328125
