epoch,startPos,prefixLength,learnRate,MSE,MAE,RMSE,meanLoss,totalLoss
165,2,mix,0.008800000000000007,111.97222726603921,2.8120059622316376,10.581693024560824,2.3573822476970614,157.94461059570312
165,2,2,0.008800000000000007,113.3822537637809,2.8491121522935146,10.648110337697524,2.3573822476970614,157.94461059570312
165,2,3,0.008800000000000007,59.00916783770796,1.8139988655780144,7.681742500091237,12.149585430438702,157.94461059570312
165,2,4,0.008800000000000007,284.20896046157316,7.079058986289965,16.858498167439862,52.64820353190104,157.94461059570312
