epoch,startPos,prefixLength,learnRate,MSE,MAE,RMSE,meanLoss,totalLoss
49,2,mix,0.009800000000000001,111.98066126415597,2.810771627649032,10.58209153542701,2.3761323387943096,159.20086669921875
49,2,2,0.009800000000000001,113.39078835926357,2.847880878941538,10.64851108649766,2.3761323387943096,159.20086669921875
49,2,3,0.009800000000000001,59.014588294491574,1.8127305663109041,7.68209530626193,12.24622051532452,159.20086669921875
49,2,4,0.009800000000000001,324.6204737116367,7.8126251277283245,18.017227137149508,53.06695556640625,159.20086669921875
