epoch,startPos,prefixLength,learnRate,MSE,MAE,RMSE,meanLoss,totalLoss
30,1,mix,0.009000000000000001,184.62315221526194,4.738672798273141,13.587610246664493,4.856971518507281,1000.5361328125
30,1,1,0.009000000000000001,182.68671369757703,4.697205238078508,13.516164903461966,4.856971518507281,1000.5361328125
30,1,2,0.009000000000000001,111.99128547414911,2.8121640974894717,10.58259351360285,14.933375116604477,1000.5361328125
30,1,3,0.009000000000000001,59.02143446539209,1.8141100096295304,7.6825408860215045,76.96431790865384,1000.5361328125
30,1,4,0.009000000000000001,248.25460117673921,6.329744333983399,15.75609726984253,333.5120442708333,1000.5361328125
