epoch,startPos,prefixLength,learnRate,MSE,MAE,RMSE,meanLoss,totalLoss
117,1,mix,0.001,183.42238749301438,4.7106944432087525,13.543352151259096,4.859981796116505,1001.15625
117,1,1,0.001,183.10508185947688,4.707088741946868,13.531632638358051,4.859981796116505,1001.15625
117,1,2,0.001,111.98186415150812,2.8106180024749072,10.582148371266968,14.942630597014926,1001.15625
117,1,3,0.001,59.015295347221944,1.8125753945979568,7.682141325647553,77.01201923076923,1001.15625
117,1,4,0.001,283.79549188023583,7.484413413438347,16.846230791492673,333.71875,1001.15625
