epoch,startPos,prefixLength,learnRate,MSE,MAE,RMSE,meanLoss,totalLoss
14,3,mix,0.01,111.98158122095114,2.8106595700437254,10.582135002963776,2.3744809734287546,159.09022521972656
14,3,3,0.01,59.01512188109428,1.8126145801452083,7.682130035419492,12.23770963228666,159.09022521972656
14,3,4,0.01,191.85790449015386,5.2344270090462715,13.851278081467928,53.03007507324219,159.09022521972656
