epoch,startPos,prefixLength,learnRate,MSE,MAE,RMSE,meanLoss,totalLoss
450,3,mix,0.006300000000000009,59.01871385342187,1.8133704198057785,7.682363819386705,2.386412840623122,31.023366928100586
450,3,3,0.006300000000000009,59.01873090100093,1.813369684639838,7.682364928913552,2.386412840623122,31.023366928100586
450,3,4,0.006300000000000009,335.38884778725304,8.063390512801561,18.313624649076246,10.341122309366861,31.023366928100586
