epoch,startPos,prefixLength,learnRate,MSE,MAE,RMSE,meanLoss,totalLoss
334,3,mix,0.007300000000000011,59.01758306384286,1.813060742423886,7.6822902225731395,2.3614268669715295,30.698549270629883
334,3,3,0.007300000000000011,59.01757832243683,1.8130597533668151,7.6822899139798695,2.3614268669715295,30.698549270629883
334,3,4,0.007300000000000011,212.3347889684416,6.109970263577452,14.57171194364072,10.232849756876627,30.698549270629883
