epoch,startPos,prefixLength,learnRate,MSE,MAE,RMSE,meanLoss,totalLoss
479,3,mix,0.006000000000000008,59.01639367587046,1.8127257615836925,7.682212811154769,2.3865815676175632,31.02556037902832
479,3,3,0.006000000000000008,59.016394432889456,1.8127260271336354,7.682212860425664,2.3865815676175632,31.02556037902832
479,3,4,0.006000000000000008,221.67446638567938,6.015876210844226,14.88873622527041,10.341853459676107,31.02556037902832
