epoch,startPos,prefixLength,learnRate,MSE,MAE,RMSE,meanLoss,totalLoss
339,2,mix,0.007300000000000011,111.97271684370648,2.8119289415444655,10.581716157774526,2.3685746833459653,158.6945037841797
339,2,2,0.007300000000000011,111.97269837309713,2.811928563737979,10.581715285013916,2.3685746833459653,158.6945037841797
339,2,3,0.007300000000000011,59.009495893593666,1.813918288576133,7.681763853021887,12.207269521859976,158.6945037841797
339,2,4,0.007300000000000011,157.61034782920646,4.31348991714367,12.554295990982787,52.8981679280599,158.6945037841797
