epoch,startPos,prefixLength,learnRate,MSE,MAE,RMSE,meanLoss,totalLoss
310,2,mix,0.007500000000000012,113.38598302887894,2.848562263195902,10.648285450197085,2.3583123506005133,158.00692749023438
310,2,2,0.007500000000000012,111.97590801659602,2.8114561686552975,10.581866943814594,2.3583123506005133,158.00692749023438
310,2,3,0.007500000000000012,59.01159250785278,1.8134311237226939,7.681900318791749,12.154379037710337,158.00692749023438
310,2,4,0.007500000000000012,191.86263228563263,5.375551954497496,13.851448743204902,52.668975830078125,158.00692749023438
