epoch,startPos,prefixLength,learnRate,MSE,MAE,RMSE,meanLoss,totalLoss
136,2,mix,0.009000000000000006,111.98238013439375,2.8106368675822857,10.582172751112777,2.3795088582964086,159.42709350585938
136,2,2,0.009000000000000006,111.98235351516023,2.810637803289186,10.582171493373192,2.3795088582964086,159.42709350585938
136,2,3,0.009000000000000006,59.01579547348323,1.8125688181391624,7.682173876806176,12.263622577373798,159.42709350585938
136,2,4,0.009000000000000006,214.79727038741387,5.515712542717466,14.655963645813737,53.142364501953125,159.42709350585938
