epoch,startPos,prefixLength,learnRate,MSE,MAE,RMSE,meanLoss,totalLoss
78,2,mix,0.009500000000000003,111.99065384625479,2.8120488139805957,10.582563670786715,2.355518398000233,157.81973266601562
78,2,2,0.009500000000000003,111.99065330406076,2.8120487912547105,10.582563645169385,2.355518398000233,157.81973266601562
78,2,3,0.009500000000000003,59.02106001977785,1.8140094663826858,7.682516516075826,12.139979435847355,157.81973266601562
78,2,4,0.009500000000000003,181.9985895814534,4.767143613551525,13.490685289541572,52.60657755533854,157.81973266601562
