epoch,startPos,prefixLength,learnRate,MSE,MAE,RMSE,meanLoss,totalLoss
276,3,mix,0.007800000000000013,59.013076685983584,1.8130707703423923,7.681996920461735,2.3950265737680287,31.135345458984375
276,3,3,0.007800000000000013,59.0130380583927,1.8130733503348893,7.681994406297931,2.3950265737680287,31.135345458984375
276,3,4,0.007800000000000013,203.88322061552915,5.265979925417923,14.278768175705114,10.378448486328125,31.135345458984375
