epoch,startPos,prefixLength,learnRate,MSE,MAE,RMSE,meanLoss,totalLoss
397,2,mix,0.00680000000000001,111.9673484194606,2.812717066048208,10.581462489630656,2.3681251184264225,158.6643829345703
397,2,2,0.00680000000000001,111.96734653219059,2.8127170855516397,10.581462400452528,2.3681251184264225,158.6643829345703
397,2,3,0.00680000000000001,59.006021218596196,1.8147285236309472,7.681537685815009,12.204952533428486,158.6643829345703
397,2,4,0.00680000000000001,211.8000269962768,5.2671864100775565,14.553351057274638,52.88812764485677,158.6643829345703
