epoch,startPos,prefixLength,learnRate,MSE,MAE,RMSE,meanLoss,totalLoss
218,3,mix,0.00830000000000001,59.009425047473606,1.8139269396588134,7.681759241701969,2.424540299635667,31.519023895263672
218,3,3,0.00830000000000001,59.009417486195595,1.8139272457628977,7.681758749543987,2.424540299635667,31.519023895263672
218,3,4,0.00830000000000001,193.10557191477054,5.688373744571436,13.896243086344256,10.506341298421225,31.519023895263672
