epoch,startPos,prefixLength,learnRate,MSE,MAE,RMSE,meanLoss,totalLoss
305,3,mix,0.007500000000000012,59.017828052908676,1.8131201433689057,7.682306167610653,2.3800619565523586,30.940805435180664
305,3,3,0.007500000000000012,59.017818596225815,1.8131212007399427,7.682305552125991,2.3800619565523586,30.940805435180664
305,3,4,0.007500000000000012,301.55583605034144,7.4225163825713025,17.365363113115183,10.313601811726889,30.940805435180664
