epoch,startPos,prefixLength,learnRate,MSE,MAE,RMSE,meanLoss,totalLoss
363,3,mix,0.0070000000000000106,59.01695482745875,1.8129008690600585,7.6822493338513,2.36172969524677,30.702486038208008
363,3,3,0.0070000000000000106,59.016965313316604,1.8128987125667209,7.682250016324423,2.36172969524677,30.702486038208008
363,3,4,0.0070000000000000106,167.941272452099,5.000432024716702,12.959215734453185,10.234162012736002,30.702486038208008
