epoch,startPos,prefixLength,learnRate,MSE,MAE,RMSE,meanLoss,totalLoss
73,3,mix,0.009500000000000003,59.025443362120754,1.8152162013448105,7.682801791151504,2.4037117591271033,31.248252868652344
73,3,3,0.009500000000000003,59.0254572910203,1.8152169843997399,7.682802697650142,2.4037117591271033,31.248252868652344
73,3,4,0.009500000000000003,166.2591191733099,4.5808492805372225,12.894150579751653,10.416084289550781,31.248252868652344
