epoch,startPos,prefixLength,learnRate,MSE,MAE,RMSE,meanLoss,totalLoss
281,2,mix,0.007800000000000013,113.39205981921943,2.8477035005452542,10.648570787632462,2.3930415822498836,160.3337860107422
281,2,2,0.007800000000000013,112.10007568553397,2.8213367215956424,10.587732320262633,2.3930415822498836,160.3337860107422
281,2,3,0.007800000000000013,59.01543666676866,1.812547262276297,7.682150523568818,12.333368154672476,160.3337860107422
281,2,4,0.007800000000000013,372.38936842245994,9.171892295323232,19.297392788210015,53.44459533691406,160.3337860107422
