epoch,startPos,prefixLength,learnRate,MSE,MAE,RMSE,meanLoss,totalLoss
59,1,mix,0.006,182.682560275067,4.696787571983543,13.516011256101669,4.865794357744235,1002.3536376953125
59,1,1,0.006,183.4419157233956,4.714514502667236,13.544073084688948,4.865794357744235,1002.3536376953125
59,1,2,0.006,113.39908692954103,2.848867393616956,10.64890073808283,14.960502055153919,1002.3536376953125
59,1,3,0.006,59.01995733844129,1.8137066049371242,7.6824447501066535,77.1041259765625,1002.3536376953125
59,1,4,0.006,238.7024855503773,6.344964623218402,15.449999532374664,334.1178792317708,1002.3536376953125
