epoch,startPos,prefixLength,learnRate,MSE,MAE,RMSE,meanLoss,totalLoss
175,1,mix,0.0004999999999999998,183.42567808560418,4.711561384718944,13.543473634396907,4.862126026338744,1001.5979614257812
175,1,1,0.0004999999999999998,183.10566810312355,4.707054228822951,13.53165430031094,4.862126026338744,1001.5979614257812
175,1,2,0.0004999999999999998,111.98219601568239,2.8105753753585248,10.582164051633407,14.949223304862407,1001.5979614257812
175,1,3,0.0004999999999999998,59.015491980507896,1.8125303634447505,7.682154123714773,77.04599703275241,1001.5979614257812
175,1,4,0.0004999999999999998,213.62460912184991,5.187521791182718,14.61590261057626,333.86598714192706,1001.5979614257812
