epoch,startPos,prefixLength,learnRate,MSE,MAE,RMSE,meanLoss,totalLoss
209,1,mix,0.00019999999999999982,160.56007805886296,4.209320773648753,12.671230329327257,4.152948925436175,1175.2845458984375
209,1,1,0.00019999999999999982,183.719870682221,4.8413741981646226,13.554330329537532,5.677703120282307,1175.2845458984375
209,1,2,0.00019999999999999982,97.41980880273104,2.502794653762267,9.870147354661482,17.80734160452178,1175.2845458984375
209,1,3,0.00019999999999999982,70.78498866059967,1.8867568344233092,8.41338152353735,90.40650353064903,1175.2845458984375
209,1,4,0.00019999999999999982,167.42144291752942,4.671901490717119,12.939143824748584,391.7615152994792,1175.2845458984375
