epoch,startPos,prefixLength,learnRate,MSE,MAE,RMSE,meanLoss,totalLoss
152,1,mix,0.0006999999999999999,173.52447505127884,4.450100328773,13.17286889979851,4.094476383060954,1158.73681640625
152,1,1,0.0006999999999999999,196.74739747801044,5.017442542626171,14.026667368908782,5.597762398097826,1158.73681640625
152,1,2,0.0006999999999999999,104.34550898776274,2.656258457699405,10.214964952840647,17.556618430397727,1158.73681640625
152,1,3,0.0006999999999999999,107.61710769997056,2.8046966065522057,10.373866574232125,89.13360126201923,1158.73681640625
152,1,4,0.0006999999999999999,161.0311215914536,4.781256594992186,12.68980384369489,386.24560546875,1158.73681640625
