epoch,startPos,prefixLength,learnRate,MSE,MAE,RMSE,meanLoss,totalLoss
38,1,mix,0.008,154.87866373064742,4.14685099582113,12.445025662112851,4.1684138968639575,1179.6611328125
38,1,1,0.008,180.7047740669306,4.860527331653342,13.442647583974319,5.698846052234299,1179.6611328125
38,1,2,0.008,86.16761697838142,2.2663448969046036,9.282651398085648,17.87365352746212,1179.6611328125
38,1,3,0.008,70.7568085149748,2.1061760379523093,8.411706635099371,98.30509440104167,1179.6611328125
38,1,4,0.008,99.95670525340898,2.516318945158673,9.997835028315329,393.2203776041667,1179.6611328125
