epoch,startPos,prefixLength,learnRate,MSE,MAE,RMSE,meanLoss,totalLoss
171,1,mix,0.0005999999999999998,154.87322828858126,4.146181208324678,12.444807282098878,4.167783703483878,1179.4827880859375
171,1,1,0.0005999999999999998,180.46349293776532,4.818962803512511,13.433670121666875,5.697984483506945,1179.4827880859375
171,1,2,0.0005999999999999998,86.16473787669516,2.2656775500275366,9.282496317084922,17.870951334635418,1179.4827880859375
171,1,3,0.0005999999999999998,70.75416726298697,2.1055298596983505,8.411549635054588,98.2902323404948,1179.4827880859375
171,1,4,0.0005999999999999998,88.92220088412644,2.578186142959794,9.42985688566515,393.1609293619792,1179.4827880859375
