epoch,startPos,prefixLength,learnRate,MSE,MAE,RMSE,meanLoss,totalLoss
152,1,mix,0.0006999999999999999,160.55939105300519,4.209373710684641,12.671203220413016,4.152979982194125,1175.2933349609375
152,1,1,0.0006999999999999999,185.7129028203131,4.888798756203276,13.627652138953104,5.677745579521437,1175.2933349609375
152,1,2,0.0006999999999999999,96.36068987320917,2.458729610005047,9.816348092504114,17.807474772135418,1175.2933349609375
152,1,3,0.0006999999999999999,70.7847422950136,1.8868130279785476,8.413366882230537,90.4071796123798,1175.2933349609375
152,1,4,0.0006999999999999999,255.34234026945842,6.531307133123505,15.979434917088227,391.7644449869792,1175.2933349609375
