epoch,startPos,prefixLength,learnRate,MSE,MAE,RMSE,meanLoss,totalLoss
114,1,mix,0.002,173.5301906395107,4.450713546114255,13.173085843473073,4.094567827959364,1158.7626953125
114,1,1,0.002,197.15847924440692,5.0289038738526415,14.041313301981653,5.597887416968599,1158.7626953125
114,1,2,0.002,104.97039901186386,2.6808108124381866,10.245506283823355,17.55701053503788,1158.7626953125
114,1,3,0.002,107.62083509013515,2.8053451704483905,10.37404622556383,89.13559194711539,1158.7626953125
114,1,4,0.002,150.0678809847885,4.094414045333906,12.250219630063311,386.2542317708333,1158.7626953125
