epoch,startPos,prefixLength,learnRate,MSE,MAE,RMSE,meanLoss,totalLoss
190,1,mix,0.0003999999999999998,173.52480463965142,4.4500975017852085,13.172881409913757,4.094433680018772,1158.7247314453125
190,1,1,0.0003999999999999998,196.99140057928452,5.026759733194415,14.035362502596238,5.5977040166440215,1158.7247314453125
190,1,2,0.0003999999999999998,104.34566065932545,2.6562670442205083,10.214972376826355,17.556435324928977,1158.7247314453125
190,1,3,0.0003999999999999998,107.61726831385236,2.8047035668012974,10.373874315502977,89.13267164963942,1158.7247314453125
190,1,4,0.0003999999999999998,129.00012820644653,4.156266711372368,11.357822335573248,386.2415771484375,1158.7247314453125
