epoch,startPos,prefixLength,learnRate,MSE,MAE,RMSE,meanLoss,totalLoss
76,1,mix,0.005,160.5631560438226,4.209616264463263,12.671351784392327,4.153372505107111,1175.4044189453125
76,1,1,0.005,183.73676595178918,4.845742385004109,13.554953557714212,5.678282217127114,1175.4044189453125
76,1,2,0.005,96.89233874342237,2.481057956570754,9.843390612153028,17.809157862807766,1175.4044189453125
76,1,3,0.005,70.78661179658533,1.887100421322657,8.413477984554623,90.4157245342548,1175.4044189453125
76,1,4,0.005,150.143583268729,4.140977132511125,12.253309074234968,391.8014729817708,1175.4044189453125
