epoch,startPos,prefixLength,learnRate,MSE,MAE,RMSE,meanLoss,totalLoss
57,1,mix,0.007,154.86893141081774,4.14639968118498,12.444634643524804,4.168404407299028,1179.658447265625
57,1,1,0.007,180.63963693883377,4.862110884590296,13.440224586621824,5.6988330785778984,1179.658447265625
57,1,2,0.007,86.16216962594075,2.265986810460631,9.282357977687607,17.873612837357953,1179.658447265625
57,1,3,0.007,70.75186426664834,2.1058216344392804,8.411412739049746,98.30487060546875,1179.658447265625
57,1,4,0.007,144.21459884222267,3.625379162725949,12.008938289550107,393.219482421875,1179.658447265625
