epoch,startPos,prefixLength,learnRate,MSE,MAE,RMSE,meanLoss,totalLoss
38,1,mix,0.008,166.8741081532609,4.274074503252799,12.917976163209966,4.135321195892226,1170.2958984375
38,1,1,0.008,191.08110648054065,4.905597997990536,13.823208979124226,5.681048050667476,1170.2958984375
38,1,2,0.008,106.46887595218166,2.6027069338720317,10.318375645041309,17.46710296175373,1170.2958984375
38,1,3,0.008,72.28452672089811,2.160264590355567,8.50203074099936,90.02276141826923,1170.2958984375
38,1,4,0.008,214.32558556401574,6.734452217069816,14.639862894303885,390.0986328125,1170.2958984375
