epoch,startPos,prefixLength,learnRate,MSE,MAE,RMSE,meanLoss,totalLoss
38,1,mix,0.008,164.4769283763731,4.195772211991246,12.824855881310055,4.158524907519876,1176.862548828125
38,1,1,0.008,186.01575389879568,4.809668294881301,13.63875925070883,5.685326322841184,1176.862548828125
38,1,2,0.008,111.55039399110755,2.7795799066493867,10.561741996049115,17.831250739820074,1176.862548828125
38,1,3,0.008,82.64245823404258,2.1806442850615895,9.090789747543532,90.52788837139423,1176.862548828125
38,1,4,0.008,4.90530192014326,0.34501313241526077,2.2147916200273245,392.2875162760417,1176.862548828125
