epoch,startPos,prefixLength,learnRate,MSE,MAE,RMSE,meanLoss,totalLoss
19,1,mix,0.01,160.5425653859633,4.210763381350313,12.670539269737626,4.153802986279815,1175.5262451171875
19,1,1,0.01,184.42425886458432,4.856634697211225,13.580289351283511,5.678870749358394,1175.5262451171875
19,1,2,0.01,96.87634283837731,2.4828351209251944,9.842578058536153,17.81100371389678,1175.5262451171875
19,1,3,0.01,70.77657903955769,1.888622888314785,8.412881732174634,90.4250957782452,1175.5262451171875
19,1,4,0.01,194.88977783219372,5.235544700699393,13.960292899226495,391.8420817057292,1175.5262451171875
