epoch,startPos,prefixLength,learnRate,MSE,MAE,RMSE,meanLoss,totalLoss
57,1,mix,0.007,166.86443503548006,4.27493521630607,12.917601752472478,4.135221555460468,1170.2677001953125
57,1,1,0.007,191.08195991271756,4.903686309234847,13.823239848628742,5.680911165996663,1170.2677001953125
57,1,2,0.007,106.46440560811253,2.6035256055242826,10.318159022234177,17.46668209246735,1170.2677001953125
57,1,3,0.007,72.28097625489346,2.1611208949345837,8.501821937378685,90.02059232271634,1170.2677001953125
57,1,4,0.007,179.90801989606126,6.234938954006793,13.41297953088952,390.0892333984375,1170.2677001953125
