epoch,startPos,prefixLength,learnRate,MSE,MAE,RMSE,meanLoss,totalLoss
76,1,mix,0.005,173.5370648158077,4.4515066304311155,13.173346758352931,4.094840005935292,1158.8397216796875
76,1,1,0.005,195.6296539051499,5.006325337082917,13.986767099839401,5.598259525022645,1158.8397216796875
76,1,2,0.005,104.9749943157358,2.6816713219293034,10.245730540851433,17.558177601207387,1158.8397216796875
76,1,3,0.005,107.62555860805804,2.806195089398443,10.374273883412663,89.14151705228366,1158.8397216796875
76,1,4,0.005,138.01360465540824,4.532765027695859,11.747919162788287,386.2799072265625,1158.8397216796875
