epoch,startPos,prefixLength,learnRate,MSE,MAE,RMSE,meanLoss,totalLoss
19,1,mix,0.01,154.86788207541613,4.146516548365852,12.444592483300372,4.168894845268331,1179.7972412109375
19,1,1,0.01,181.21000971153398,4.8638960065268115,13.461426733876836,5.699503580729167,1179.7972412109375
19,1,2,0.01,86.16159185099102,2.2661328108587546,9.282326855427524,17.875715775923297,1179.7972412109375
19,1,3,0.01,70.75108789910298,2.106000344328322,8.411366589270912,98.31643676757812,1179.7972412109375
19,1,4,0.01,89.48087058819954,2.672395563248756,9.459432889354389,393.2657470703125,1179.7972412109375
