epoch,startPos,prefixLength,learnRate,MSE,MAE,RMSE,meanLoss,totalLoss
57,1,mix,0.007,173.52594715469954,4.450254525265028,13.172924776020682,4.095015131542624,1158.8892822265625
57,1,1,0.007,194.92230135981987,4.984617504789825,13.961457708986547,5.5984989479544085,1158.8892822265625
57,1,2,0.007,104.3468348265056,2.6564967267245265,10.215029849516133,17.55892851858428,1158.8892822265625
57,1,3,0.007,107.61845634180092,2.804924392959606,10.37393157591667,89.14532940204327,1158.8892822265625
57,1,4,0.007,219.76836286302466,6.078367758185095,14.824586431432907,386.2964274088542,1158.8892822265625
