epoch,startPos,prefixLength,learnRate,MSE,MAE,RMSE,meanLoss,totalLoss
76,1,mix,0.005,154.87063484263845,4.146284692010378,12.444703083747658,4.1682836310181095,1179.624267578125
76,1,1,0.005,179.283947630091,4.811161113333141,13.389695576453223,5.698667959314614,1179.624267578125
76,1,2,0.005,86.1631981537231,2.2658372592217186,9.282413379812553,17.873094963304926,1179.624267578125
76,1,3,0.005,70.75257595409282,2.1056845322411277,8.411455043813337,98.30202229817708,1179.624267578125
76,1,4,0.005,72.95189404944686,1.9533449214113716,8.541188093552726,393.2080891927083,1179.624267578125
