epoch,startPos,prefixLength,learnRate,MSE,MAE,RMSE,meanLoss,totalLoss
95,1,mix,0.003,164.48904897966327,4.19482207393439,12.825328416054822,4.15804999792955,1176.7281494140625
95,1,1,0.003,187.7936234263815,4.883487380927832,13.703781355026848,5.684677050309481,1176.7281494140625
95,1,2,0.003,110.9832041268695,2.755547346181044,10.534856625833571,17.829214385061555,1176.7281494140625
95,1,3,0.003,82.65992744610699,2.19143767217345,9.091750516050634,90.51754995492789,1176.7281494140625
95,1,4,0.003,9.421801416079846,0.6094214537828293,3.0694953031532473,392.2427164713542,1176.7281494140625
