epoch,startPos,prefixLength,learnRate,MSE,MAE,RMSE,meanLoss,totalLoss
209,1,mix,0.00019999999999999982,154.87277109540256,4.14612814638437,12.444788913252108,4.167742725817138,1179.47119140625
209,1,1,0.00019999999999999982,179.2422543622013,4.808160155034097,13.38813856972661,5.6979284608997585,1179.47119140625
209,1,2,0.00019999999999999982,86.16449918912978,2.2656277725953125,9.2824834602131,17.870775627367426,1179.47119140625
209,1,3,0.00019999999999999982,70.75390641616089,2.1054693101808075,8.41153412976259,98.28926595052083,1179.47119140625
209,1,4,0.00019999999999999982,75.20312560776804,2.3281257129729305,8.671973570518308,393.1570638020833,1179.47119140625
