epoch,startPos,prefixLength,learnRate,MSE,MAE,RMSE,meanLoss,totalLoss
171,1,mix,0.0005999999999999998,160.56008483157015,4.209317558348894,12.671230596574674,4.152967904566034,1175.2899169921875
171,1,1,0.0005999999999999998,185.2939473103461,4.88887948018018,13.612271937863499,5.677729067595108,1175.2899169921875
171,1,2,0.0005999999999999998,97.41989066562473,2.5027836563896813,9.870151501655116,17.807422984730113,1175.2899169921875
171,1,3,0.0005999999999999998,70.78503368980108,1.8867476057778703,8.413384199583488,90.40691669170673,1175.2899169921875
171,1,4,0.0005999999999999998,128.4684844243052,3.7812727976062206,11.334393871059238,391.7633056640625,1175.2899169921875
