epoch,startPos,prefixLength,learnRate,MSE,MAE,RMSE,meanLoss,totalLoss
114,1,mix,0.002,154.86472742261628,4.146791298376383,12.444465734719843,4.167931223084143,1179.5245361328125
114,1,1,0.002,180.74527321133144,4.841425240519374,13.444153867437379,5.698186164892814,1179.5245361328125
114,1,2,0.002,86.16009438701984,2.266429102695838,9.282246192976128,17.871583880800188,1179.5245361328125
114,1,3,0.002,70.74998659387859,2.1062319013610704,8.411301123719124,98.29371134440105,1179.5245361328125
114,1,4,0.002,81.21437655883683,2.313257784569032,9.011901939037998,393.1748453776042,1179.5245361328125
