epoch,startPos,prefixLength,learnRate,MSE,MAE,RMSE,meanLoss,totalLoss
57,1,mix,0.007,160.57615358025168,4.211150864272063,12.671864644962543,4.1535575516232335,1175.456787109375
57,1,1,0.007,184.47825817225404,4.862644730302254,13.58227735588749,5.678535203426932,1175.456787109375
57,1,2,0.007,96.8998666542467,2.482587610867032,9.84377298876029,17.809951319839016,1175.456787109375
57,1,3,0.007,70.79254216353819,1.8886685821503306,8.413830409720545,90.4197528545673,1175.456787109375
57,1,4,0.007,149.73382330820542,3.939405235270897,12.236577270961247,391.8189290364583,1175.456787109375
