epoch,startPos,prefixLength,learnRate,MSE,MAE,RMSE,meanLoss,totalLoss
152,1,mix,0.0006999999999999999,154.87097415072108,4.146276021582999,12.444716716370891,4.167796212455831,1179.486328125
152,1,1,0.0006999999999999999,178.5344015063285,4.786468027975297,13.361676597879791,5.698001585144928,1179.486328125
152,1,2,0.0006999999999999999,86.16350532673367,2.2658078109117175,9.282429925764786,17.87100497159091,1179.486328125
152,1,3,0.0006999999999999999,70.75303084826406,2.1056390536552954,8.411482083929327,98.29052734375,1179.486328125
152,1,4,0.0006999999999999999,200.07611529442062,4.765777670026409,14.144826449780874,393.162109375,1179.486328125
