epoch,startPos,prefixLength,learnRate,MSE,MAE,RMSE,meanLoss,totalLoss
19,1,mix,0.01,173.51810924728082,4.450454634620813,13.17262727200921,4.095228646753534,1158.94970703125
19,1,1,0.01,201.16925481629,5.0979308179662,14.183414779815543,5.59879085522343,1158.94970703125
19,1,2,0.01,105.58511572037281,2.7043535573113653,10.275461825162546,17.55984404592803,1158.94970703125
19,1,3,0.01,107.61504373509686,2.8049281782467688,10.37376709470079,89.1499774639423,1158.94970703125
19,1,4,0.01,220.98030169814825,5.6720512991405485,14.865406206967513,386.3165690104167,1158.94970703125
