epoch,startPos,prefixLength,learnRate,MSE,MAE,RMSE,meanLoss,totalLoss
133,1,mix,0.0009,160.56014596362942,4.2093074467466955,12.671233008812893,4.153002843418728,1175.2998046875
133,1,1,0.0009,185.98280478128748,4.89391630398277,13.637551275111214,5.677776834239131,1175.2998046875
133,1,2,0.0009,96.36107852790488,2.4586556115512623,9.81636788878172,17.807572798295453,1175.2998046875
133,1,3,0.0009,70.78513876144477,1.886725340092994,8.413390443896251,90.40767728365384,1175.2998046875
133,1,4,0.0009,309.7499476041127,7.343763165353096,17.599714418254425,391.7666015625,1175.2998046875
