epoch,startPos,prefixLength,learnRate,MSE,MAE,RMSE,meanLoss,totalLoss
19,1,mix,0.01,164.4898493601659,4.194813684413388,12.82535961913606,4.1587121107553005,1176.91552734375
19,1,1,0.01,185.9409173440097,4.785122220233314,13.636015449683596,5.685582257699275,1176.91552734375
19,1,2,0.01,110.98406819979208,2.7556622836844316,10.534897635942746,17.832053444602273,1176.91552734375
19,1,3,0.01,82.67225536549901,2.2032206994062093,9.092428463589858,90.53196364182692,1176.91552734375
19,1,4,0.01,9.812544686249478,0.6875502687835251,3.1324981542292214,392.30517578125,1176.91552734375
