epoch,startPos,prefixLength,learnRate,MSE,MAE,RMSE,meanLoss,totalLoss
133,1,mix,0.0009,164.48981687442316,4.194776448360741,12.82535835267082,4.157917144020539,1176.6905517578125
133,1,1,0.0009,185.37258959232815,4.780590959391769,13.615160285223533,5.684495419119867,1176.6905517578125
133,1,2,0.0009,111.55782561071632,2.778503141872698,10.562093808081631,17.82864472360322,1176.6905517578125
133,1,3,0.0009,82.63275808584756,2.1640708272672136,9.090256216732703,90.51465782752403,1176.6905517578125
133,1,4,0.0009,10.203104490227332,0.765634580281116,3.194229874355841,392.2301839192708,1176.6905517578125
