epoch,startPos,prefixLength,learnRate,MSE,MAE,RMSE,meanLoss,totalLoss
190,1,mix,0.0003999999999999998,154.87192981488627,4.146197050234607,12.444755112692507,4.167769900480344,1179.4788818359375
190,1,1,0.0003999999999999998,180.70255043302916,4.825421135239164,13.4425648755373,5.697965612733998,1179.4788818359375
190,1,2,0.0003999999999999998,86.16403337367036,2.2657119789412867,9.282458369078224,17.870892149029356,1179.4788818359375
190,1,3,0.0003999999999999998,70.75348961808339,2.105548242489931,8.411509354336081,98.28990681966145,1179.4788818359375
190,1,4,0.0003999999999999998,72.39026608248273,1.8594605387309002,8.508246945316216,393.1596272786458,1179.4788818359375
