epoch,startPos,prefixLength,learnRate,MSE,MAE,RMSE,meanLoss,totalLoss
38,1,mix,0.008,166.86780767514372,4.2623457952462855,12.91773229615569,4.13498000289863,1170.1993408203125
38,1,1,0.008,195.20071846646422,4.987161203152263,13.971425069278517,5.680579324370449,1170.1993408203125
38,1,2,0.008,99.4703845589748,2.390083763165087,9.973484073230116,17.730293042732008,1170.1993408203125
38,1,3,0.008,61.16287677446757,2.140963749709954,7.82066984180176,90.0153339092548,1170.1993408203125
38,1,4,0.008,188.00335196816232,5.812801678991491,13.711431433959122,390.0664469401042,1170.1993408203125
