epoch,startPos,prefixLength,learnRate,MSE,MAE,RMSE,meanLoss,totalLoss
95,1,mix,0.003,154.86956509151636,4.146372895575679,12.444660103494847,4.167990748536882,1179.5413818359375
95,1,1,0.003,179.96246034262762,4.833835853984493,13.415008771619481,5.698267545101148,1179.5413818359375
95,1,2,0.003,86.16262634955281,2.2659388030472334,9.282382579357135,17.871839118726324,1179.5413818359375
95,1,3,0.003,70.75258512528474,2.105727603602986,8.411455588974166,98.2951151529948,1179.5413818359375
95,1,4,0.003,135.95069025554398,3.265884075219674,11.659789460172254,393.1804606119792,1179.5413818359375
