epoch,startPos,prefixLength,learnRate,MSE,MAE,RMSE,meanLoss,totalLoss
19,1,mix,0.01,152.15759753436842,3.991697170292196,12.33521777409578,4.2089287807535305,4768.71630859375
19,1,1,0.01,169.45025724246258,4.447637345330192,13.017306067019495,5.51296683074422,4768.71630859375
19,1,2,0.01,100.0919958090812,2.6038063875873663,10.004598733036783,17.092173149081543,4768.71630859375
19,1,3,0.01,91.74176452172098,2.6021561608157264,9.578192132219993,89.97577940742924,4768.71630859375
19,1,4,0.01,101.82109774308837,3.6053609552570074,10.090644069785059,476.871630859375,4768.71630859375
