epoch,startPos,prefixLength,learnRate,MSE,MAE,RMSE,meanLoss,totalLoss
95,1,mix,0.003,173.5246986560563,4.450125846341681,13.172877387118438,4.094643313134938,1158.7840576171875
95,1,1,0.003,196.64457793813466,5.016620169618676,14.023001744923754,5.597990616508152,1158.7840576171875
95,1,2,0.003,104.96733612475721,2.680236178950674,10.245356808074437,17.557334206321023,1158.7840576171875
95,1,3,0.003,107.61757473679458,2.8047633073964136,10.373889084465603,89.13723520132211,1158.7840576171875
95,1,4,0.003,120.45367800530033,3.703207513903294,10.975139088198397,386.2613525390625,1158.7840576171875
