epoch,startPos,prefixLength,learnRate,MSE,MAE,RMSE,meanLoss,totalLoss
152,1,mix,0.0006999999999999999,164.49046140984746,4.194812341031261,12.825383480030819,4.15791843805212,1176.69091796875
152,1,1,0.0006999999999999999,184.54332538620878,4.748569165140918,13.584672443095887,5.684497188254831,1176.69091796875
152,1,2,0.0006999999999999999,111.55824383424661,2.778555650192723,10.562113606388005,17.82865027225379,1176.69091796875
152,1,3,0.0006999999999999999,82.67214997506977,2.203188824498369,9.09242266808301,90.51468599759616,1176.69091796875
152,1,4,0.0006999999999999999,5.296926448517366,0.421939633417594,2.3015052571126935,392.2303059895833,1176.69091796875
