epoch,startPos,prefixLength,learnRate,MSE,MAE,RMSE,meanLoss,totalLoss
19,1,mix,0.01,160.55003557801618,4.2547771393725125,12.670834052185207,4.14378413647677,2341.238037109375
19,1,1,0.01,185.79745766363163,4.886545021712689,13.630754112067008,5.587680279497315,2341.238037109375
19,1,2,0.01,98.96873663409626,2.60767587012906,9.948303203767779,17.603293512100564,2341.238037109375
19,1,3,0.01,118.4322212160487,3.4916018058967375,10.882656900594114,93.649521484375,2341.238037109375
19,1,4,0.01,24.657661833520326,1.3755191278742132,4.965648178588604,468.247607421875,2341.238037109375
