epoch,startPos,prefixLength,learnRate,MSE,MAE,RMSE,meanLoss,totalLoss
171,1,mix,0.0005999999999999998,173.52416111279842,4.450125366705405,13.172856983691823,4.094464305432862,1158.7333984375
171,1,1,0.0005999999999999998,200.25184984620657,5.082358034496353,14.15103705903587,5.597745886171498,1158.7333984375
171,1,2,0.0005999999999999998,104.34531848098203,2.656286512398332,10.214955627949738,17.556566642992426,1158.7333984375
171,1,3,0.0005999999999999998,107.61690505659914,2.804724883046859,10.37385680721491,89.13333834134616,1158.7333984375
171,1,4,0.0005999999999999998,103.60907703125879,2.9844063748813596,10.17885440662449,386.2444661458333,1158.7333984375
