epoch,startPos,prefixLength,learnRate,MSE,MAE,RMSE,meanLoss,totalLoss
57,1,mix,0.007,156.4661881213058,4.125986862543613,12.50864453573231,4.167801819926016,1179.4879150390625
57,1,1,0.007,187.956692255508,4.965642679642874,13.709729838895731,5.698009251396437,1179.4879150390625
57,1,2,0.007,93.62049902990263,2.29841018827109,9.675768653182166,18.145967923677883,1179.4879150390625
57,1,3,0.007,88.8399454978278,2.4068594792709823,9.425494443148741,90.72983961838942,1179.4879150390625
57,1,4,0.007,51.7155879219241,2.000568298239159,7.1913550824531045,393.1626383463542,1179.4879150390625
