epoch,startPos,prefixLength,learnRate,MSE,MAE,RMSE,meanLoss,totalLoss
133,1,mix,0.0009,156.47207202093423,4.125493713125313,12.508879726855408,4.167151784728357,1179.303955078125
133,1,1,0.0009,186.12153296922037,4.922224555685007,13.642636584224487,5.697120555932971,1179.303955078125
133,1,2,0.0009,88.3720545912261,2.202322584601663,9.400641179793329,18.14313777043269,1179.303955078125
133,1,3,0.0009,88.83296209582386,2.3958946692179475,9.425123983047854,90.71568885216347,1179.303955078125
133,1,4,0.0009,139.39003182343436,3.828178265373481,11.806355569075258,393.101318359375,1179.303955078125
