epoch,startPos,prefixLength,learnRate,MSE,MAE,RMSE,meanLoss,totalLoss
152,1,mix,0.0006999999999999999,156.4708104369105,4.125599443545172,12.508829299215435,4.167139275756405,1179.3004150390625
152,1,1,0.0006999999999999999,188.79848727751047,4.978811240896203,13.740396183426098,5.697103454294988,1179.3004150390625
152,1,2,0.0006999999999999999,88.37138114995412,2.2024521322212727,9.400605360824063,18.14308330829327,1179.3004150390625
152,1,3,0.0006999999999999999,88.83743538902571,2.401221655395299,9.425361286922943,90.71541654146634,1179.3004150390625
152,1,4,0.0006999999999999999,48.186693703573326,1.7501799887286325,6.941663612101448,393.1001383463542,1179.3004150390625
