epoch,startPos,prefixLength,learnRate,MSE,MAE,RMSE,meanLoss,totalLoss
209,1,mix,0.00019999999999999982,156.47270764211746,4.125440444677314,12.5089051336285,4.167088377180875,1179.2860107421875
209,1,1,0.00019999999999999982,187.33112545799307,4.949519508038657,13.686896122130578,5.697033868319746,1179.2860107421875
209,1,2,0.00019999999999999982,90.99826191156102,2.2500003715118293,9.539300913146677,18.142861703725963,1179.2860107421875
209,1,3,0.00019999999999999982,88.8437478853578,2.406250338708947,9.425696148580103,90.7143085186298,1179.2860107421875
209,1,4,0.00019999999999999982,45.124998654318624,1.531250357017532,6.717514321110051,393.0953369140625,1179.2860107421875
