epoch,startPos,prefixLength,learnRate,MSE,MAE,RMSE,meanLoss,totalLoss
280,3,mix,0.007700000000000012,59.02307226827491,1.8145926365850755,7.682647477808344,2.431979546180138,31.615734100341797
280,3,3,0.007700000000000012,59.02311352502799,1.8145931482599735,7.682650162868799,2.431979546180138,31.615734100341797
280,3,4,0.007700000000000012,345.2214027134718,8.127133487843821,18.580134625816676,10.538578033447266,31.615734100341797
