epoch,startPos,prefixLength,learnRate,MSE,MAE,RMSE,meanLoss,totalLoss
204,3,mix,0.00840000000000001,59.01525769399963,1.8125819310252496,7.682138874948801,2.390046926645132,31.07061004638672
204,3,3,0.00840000000000001,59.015271992675885,1.81258318742573,7.682139805592963,2.390046926645132,31.07061004638672
204,3,4,0.00840000000000001,209.54587701208862,5.421924233960681,14.475699534464255,10.35687001546224,31.07061004638672
