epoch,startPos,prefixLength,learnRate,MSE,MAE,RMSE,meanLoss,totalLoss
375,3,mix,0.00690000000000001,59.0171719693421,1.812943748130806,7.682263466540451,2.4068778111384463,31.289411544799805
375,3,3,0.00690000000000001,59.017158149546646,1.8129435182086127,7.682262567079222,2.4068778111384463,31.289411544799805
375,3,4,0.00690000000000001,213.62945664583364,5.1879704462203335,14.616068440105009,10.429803848266602,31.289411544799805
