epoch,startPos,prefixLength,learnRate,MSE,MAE,RMSE,meanLoss,totalLoss
20,1,mix,0.01,183.06681557191627,4.709706105732808,13.530218607691314,4.867056244785346,1002.6135864257812
20,1,1,0.01,182.63304060530422,4.698289812134904,13.514179242754782,4.867056244785346,1002.6135864257812
20,1,2,0.01,111.9592641133138,2.8138594723802726,10.581080479483832,14.964381886951958,1002.6135864257812
20,1,3,0.01,59.00090701047604,1.8159239225597048,7.68120478899476,77.12412203275241,1002.6135864257812
20,1,4,0.01,233.96833526762475,5.79913272200065,15.296023511606693,334.20452880859375,1002.6135864257812
