epoch,startPos,prefixLength,learnRate,MSE,MAE,RMSE,meanLoss,totalLoss
318,3,mix,0.007400000000000012,59.017925124188515,1.81314580637968,7.682312485455698,2.390040030846229,31.070520401000977
318,3,3,0.007400000000000012,59.01792818474905,1.8131453811615756,7.68231268465096,2.390040030846229,31.070520401000977
318,3,4,0.007400000000000012,334.27625790122823,8.360040996010866,18.283223400189264,10.356840133666992,31.070520401000977
