epoch,startPos,prefixLength,learnRate,MSE,MAE,RMSE,meanLoss,totalLoss
153,1,mix,0.0006999999999999999,183.42316891141803,4.710645143756575,13.54338100000949,4.862069139202822,1001.5862426757812
153,1,1,0.0006999999999999999,182.67196764545258,4.695621081329875,13.515619395553154,4.862069139202822,1001.5862426757812
153,1,2,0.0006999999999999999,111.98231585132802,2.8105569186746404,10.582169713784031,14.949048398145989,1001.5862426757812
153,1,3,0.0006999999999999999,59.01557215919892,1.8125115560241287,7.682159342216153,77.04509559044472,1001.5862426757812
153,1,4,0.0006999999999999999,241.7185648139603,5.968756539718498,15.54730088516847,333.86208089192706,1001.5862426757812
