epoch,startPos,prefixLength,learnRate,MSE,MAE,RMSE,meanLoss,totalLoss
58,1,mix,0.007,182.66646896014578,4.698065571753764,13.515415974365931,4.862094323611954,1001.5914306640625
58,1,1,0.007,182.6610598764071,4.696263412227643,13.515215864957803,4.862094323611954,1001.5914306640625
58,1,2,0.007,111.97611261876848,2.8113563764950413,10.581876611394053,14.949125830806903,1001.5914306640625
58,1,3,0.007,59.01190551577887,1.8133568038708745,7.681920691843861,77.04549466646634,1001.5914306640625
58,1,4,0.007,167.50511237934631,4.859854729706058,12.942376612482976,333.8638102213542,1001.5914306640625
