epoch,startPos,prefixLength,learnRate,MSE,MAE,RMSE,meanLoss,totalLoss
229,2,mix,0.008200000000000011,111.97837358254593,2.811102312997491,10.581983442745784,2.38441968320021,159.75611877441406
229,2,2,0.008200000000000011,111.97836486466936,2.8111022974431705,10.581983030825052,2.38441968320021,159.75611877441406
229,2,3,0.008200000000000011,59.013160728646604,1.813069500120264,7.682002390565015,12.288932213416466,159.75611877441406
229,2,4,0.008200000000000011,185.7898916791865,4.890972815004716,13.630476575644247,53.25203959147135,159.75611877441406
