epoch,startPos,prefixLength,learnRate,MSE,MAE,RMSE,meanLoss,totalLoss
248,2,mix,0.008100000000000012,111.98534418131388,2.811112537224318,10.58231279925678,2.3653202341563664,158.47645568847656
248,2,2,0.008100000000000012,113.39551356271414,2.8482210035570574,10.648732955742394,2.3653202341563664,158.47645568847656
248,2,3,0.008100000000000012,59.01769793047496,1.8130808669851604,7.682297698636454,12.190496591421274,158.47645568847656
248,2,4,0.008100000000000012,314.25846593837196,7.750569088393604,17.727336684859683,52.82548522949219,158.47645568847656
