epoch,startPos,prefixLength,learnRate,MSE,MAE,RMSE,meanLoss,totalLoss
191,2,mix,0.008600000000000009,111.97552738128255,2.8114788492466687,10.58184895853662,2.375761800737523,159.17604064941406
191,2,2,0.008600000000000009,111.97552982415966,2.811479609380399,10.581849073964326,2.375761800737523,159.17604064941406
191,2,3,0.008600000000000009,59.0114145804517,1.8134530388374515,7.681888737833405,12.244310819185698,159.17604064941406
191,2,4,0.008600000000000009,185.67604396008468,4.875589009297983,13.626299716360442,53.05868021647135,159.17604064941406
