epoch,startPos,prefixLength,learnRate,MSE,MAE,RMSE,meanLoss,totalLoss
432,3,mix,0.006400000000000009,59.01821771350414,1.8132279728206413,7.682331528481711,2.3899612426757812,31.069496154785156
432,3,3,0.006400000000000009,59.01823574816914,1.81322814382861,7.682332702257117,2.3899612426757812,31.069496154785156
432,3,4,0.006400000000000009,238.0091259487281,6.3132353289429375,15.42754439140358,10.356498718261719,31.069496154785156
