epoch,startPos,prefixLength,learnRate,MSE,MAE,RMSE,meanLoss,totalLoss
451,3,mix,0.0062000000000000085,58.994964859815795,1.8173030318357632,7.680817981166836,2.3849497575026293,31.00434684753418
451,3,3,0.0062000000000000085,58.99495109323304,1.8173022317478171,7.680817085000335,2.3849497575026293,31.00434684753418
451,3,4,0.0062000000000000085,370.33952208940093,9.954878749878844,19.24420749444884,10.334782282511393,31.00434684753418
