epoch,startPos,prefixLength,learnRate,MSE,MAE,RMSE,meanLoss,totalLoss
134,1,mix,0.0009,183.4265997496021,4.711600635747601,13.543507660484492,4.862461423410953,1001.6670532226562
134,1,1,0.0009,183.4266001309432,4.711600632931887,13.543507674562864,4.862461423410953,1001.6670532226562
134,1,2,0.0009,111.98275347915586,2.8106130912439795,10.582190391367746,14.950254525711287,1001.6670532226562
134,1,3,0.0009,59.01585947198019,1.812565717327999,7.682178042194817,77.05131178635817,1001.6670532226562
134,1,4,0.0009,184.12567474950984,5.312566320519522,13.569291608242114,333.88901774088544,1001.6670532226562
