epoch,startPos,prefixLength,learnRate,MSE,MAE,RMSE,meanLoss,totalLoss
413,3,mix,0.0066000000000000095,59.017228297796365,1.8129590710042294,7.6822671326761585,2.395083500788762,31.136085510253906
413,3,3,0.0066000000000000095,59.01723566295161,1.8129598166016194,7.682267612036931,2.395083500788762,31.136085510253906
413,3,4,0.0066000000000000095,188.6290718324875,4.562985749267682,13.734229932270958,10.378695170084635,31.136085510253906
