epoch,startPos,prefixLength,learnRate,MSE,MAE,RMSE,meanLoss,totalLoss
147,3,mix,0.008900000000000007,59.02355146419009,1.8146965252208247,7.68267866464491,2.4048956357515774,31.263643264770508
147,3,3,0.008900000000000007,59.02354400064871,1.8146965838786855,7.68267817890667,2.4048956357515774,31.263643264770508
147,3,4,0.008900000000000007,314.33257862909784,8.174082263198216,17.729426912032373,10.42121442159017,31.263643264770508
