epoch,startPos,prefixLength,learnRate,MSE,MAE,RMSE,meanLoss,totalLoss
90,3,mix,0.009400000000000004,59.014918610613925,1.8126672956065022,7.68211680532221,2.4037020756648135,31.248126983642578
90,3,3,0.009400000000000004,59.01487846224859,1.8126664162489305,7.682114192216137,2.4037020756648135,31.248126983642578
90,3,4,0.009400000000000004,326.4811093982421,8.359431164919897,18.06878826590876,10.41604232788086,31.248126983642578
