epoch,startPos,prefixLength,learnRate,MSE,MAE,RMSE,meanLoss,totalLoss
128,3,mix,0.009100000000000006,59.01500222721839,1.8126383426146617,7.682122247609601,2.407184600830078,31.293399810791016
128,3,3,0.009100000000000006,59.014975622444304,1.8126388173114378,7.682120516006261,2.407184600830078,31.293399810791016
128,3,4,0.009100000000000006,211.54506906768833,5.171949639646073,14.544588996176149,10.431133270263672,31.293399810791016
