epoch,startPos,prefixLength,learnRate,MSE,MAE,RMSE,meanLoss,totalLoss
343,2,mix,0.007200000000000011,112.09591706988572,2.8219390664826847,10.587535930039893,2.3573246286876164,157.9407501220703
343,2,2,0.007200000000000011,111.97776121793564,2.811198264932102,10.581954508404184,2.3573246286876164,157.9407501220703
343,2,3,0.007200000000000011,59.01274057346231,1.813166116743787,7.68197504379325,12.149288470928486,157.9407501220703
343,2,4,0.007200000000000011,237.2871443479957,5.98479323477477,15.404127510118698,52.64691670735677,157.9407501220703
