epoch,startPos,prefixLength,learnRate,MSE,MAE,RMSE,meanLoss,totalLoss
210,1,mix,0.00019999999999999982,182.67444567238175,4.696543113186516,13.515711067952797,4.861046948479217,1001.3756713867188
210,1,1,0.00019999999999999982,183.42835026312636,4.712468537143087,13.543572285889951,4.861046948479217,1001.3756713867188
210,1,2,0.00019999999999999982,111.98216711179471,2.8105824539061146,10.582162685944434,14.945905543085354,1001.3756713867188
210,1,3,0.00019999999999999982,59.01546528226623,1.8125369777943234,7.682152386035194,77.02889779897836,1001.3756713867188
210,1,4,0.00019999999999999982,183.12455265502197,5.0312727080576,13.532352074012188,333.79189046223956,1001.3756713867188
