epoch,startPos,prefixLength,learnRate,MSE,MAE,RMSE,meanLoss,totalLoss
172,1,mix,0.0005999999999999998,182.67230498422725,4.695632445190285,13.515631875137295,4.863363617832221,1001.8529052734375
172,1,1,0.0005999999999999998,183.42621119469635,4.711557921974372,13.543493315784387,4.863363617832221,1001.8529052734375
172,1,2,0.0005999999999999998,111.98251528706068,2.8105683913775783,10.5821791369765,14.953028436916977,1001.8529052734375
172,1,3,0.0005999999999999998,59.01569891440087,1.8125210635527225,7.682167592183919,77.06560809795673,1001.8529052734375
172,1,4,0.0005999999999999998,184.6251799881588,4.656271148716883,13.587684864912006,333.9509684244792,1001.8529052734375
