epoch,startPos,prefixLength,learnRate,MSE,MAE,RMSE,meanLoss,totalLoss
153,2,mix,0.008900000000000007,111.9756936987153,2.8114641003163,10.581856817152428,2.3562152919484607,157.86642456054688
153,2,2,0.008900000000000007,111.97566954440362,2.8114631048545107,10.581855675844555,2.3562152919484607,157.86642456054688
153,2,3,0.008900000000000007,59.011495762454445,1.8134350952416298,7.681894021818737,12.143571120042067,157.86642456054688
153,2,4,0.008900000000000007,241.11015160322907,6.4380658575028065,15.52772203522555,52.62214152018229,157.86642456054688
