epoch,startPos,prefixLength,learnRate,MSE,MAE,RMSE,meanLoss,totalLoss
457,2,mix,0.0062000000000000085,111.98272394244921,2.8106302808420303,10.58218899578198,2.3633418296700093,158.34390258789062
457,2,2,0.0062000000000000085,111.98271088923099,2.810630486779388,10.582188379027798,2.3633418296700093,158.34390258789062
457,2,3,0.0062000000000000085,59.01593609630784,1.8125935713431431,7.682183029341845,12.18030019906851,158.34390258789062
457,2,4,0.0062000000000000085,175.68814499085852,4.468837314338941,13.254740472406787,52.78130086263021,158.34390258789062
