epoch,startPos,prefixLength,learnRate,MSE,MAE,RMSE,meanLoss,totalLoss
305,2,mix,0.007600000000000012,111.97827426239007,2.8111179809203577,10.581978749855343,2.3634306494869404,158.349853515625
305,2,2,0.007600000000000012,112.09641328571016,2.8218570851915388,10.58755936397573,2.3634306494869404,158.349853515625
305,2,3,0.007600000000000012,59.01308658770289,1.813082342552434,7.681997564937318,12.180757962740385,158.349853515625
305,2,4,0.007600000000000012,342.56547167142793,8.797087428239138,18.508524297507567,52.783284505208336,158.349853515625
