epoch,startPos,prefixLength,learnRate,MSE,MAE,RMSE,meanLoss,totalLoss
381,2,mix,0.00690000000000001,111.97837277198039,2.811109835618879,10.581983404446465,2.36728930117479,158.60838317871094
381,2,2,0.00690000000000001,111.97837083913195,2.8111095248136735,10.58198331311914,2.36728930117479,158.60838317871094
381,2,3,0.00690000000000001,59.013148238394876,1.8130749721776738,7.682001577609502,12.20064485990084,158.60838317871094
381,2,4,0.00690000000000001,333.7070120322658,8.37529181188711,18.267649329682946,52.86946105957031,158.60838317871094
