epoch,startPos,prefixLength,learnRate,MSE,MAE,RMSE,meanLoss,totalLoss
58,2,mix,0.009700000000000002,113.39482951685062,2.8480793252751084,10.648700837043485,2.3483078230672807,157.3366241455078
58,2,2,0.009700000000000002,111.98463491582484,2.8109698080027954,10.582279287366443,2.3483078230672807,157.3366241455078
58,2,3,0.009700000000000002,59.0171456515552,1.812928117332035,7.682261753647502,12.10281724196214,157.3366241455078
58,2,4,0.009700000000000002,229.66109204570458,5.812943748606813,15.154573304639909,52.44554138183594,157.3366241455078
