epoch,startPos,prefixLength,learnRate,MSE,MAE,RMSE,meanLoss,totalLoss
495,2,mix,0.005900000000000008,111.987574041887,2.811479752991602,10.58241815663542,2.4137627900536383,161.72210693359375
495,2,2,0.005900000000000008,111.9875723599943,2.8114794165848025,10.58241807716905,2.4137627900536383,161.72210693359375
495,2,3,0.005900000000000008,59.019013270926365,1.8134382483335685,7.6823833066911185,12.440162071814903,161.72210693359375
495,2,4,0.005900000000000008,222.88547550297204,5.625939886940614,14.929349466837865,53.907368977864586,161.72210693359375
