epoch,startPos,prefixLength,learnRate,MSE,MAE,RMSE,meanLoss,totalLoss
267,2,mix,0.007900000000000013,113.38623633827495,2.8485404804549717,10.648297344565231,2.3561059752506996,157.85910034179688
267,2,2,0.007900000000000013,111.97616023126469,2.8114330827155527,10.581878861112742,2.3561059752506996,157.85910034179688
267,2,3,0.007900000000000013,59.01170177572462,1.8134088376732507,7.681907430822414,12.14300771859976,157.85910034179688
267,2,4,0.007900000000000013,308.2488774732403,7.641155080405952,17.557017898072562,52.61970011393229,157.85910034179688
