epoch,startPos,prefixLength,learnRate,MSE,MAE,RMSE,meanLoss,totalLoss
191,1,mix,0.0003999999999999998,182.67223945455305,4.695624642461171,13.515629450919148,4.86334465545358,1001.8489990234375
191,1,1,0.0003999999999999998,182.67494355179363,4.696526091669069,13.515729486483282,4.86334465545358,1001.8489990234375
191,1,2,0.0003999999999999998,111.98247040575346,2.8105587778573686,10.582177016368298,14.952970134678171,1001.8489990234375
191,1,3,0.0003999999999999998,59.01566566548502,1.8125116527881282,7.682165428151428,77.0653076171875,1001.8489990234375
191,1,4,0.0003999999999999998,337.6876627633872,7.750011989840814,18.37627989456482,333.9496663411458,1001.8489990234375
