epoch,startPos,prefixLength,learnRate,MSE,MAE,RMSE,meanLoss,totalLoss
489,3,mix,0.005900000000000008,59.012479230249106,1.81321883599594,7.681958033616762,2.4646729689378004,32.040748596191406
489,3,3,0.005900000000000008,59.01247834210848,1.8132199418407708,7.681957975809844,2.4646729689378004,32.040748596191406
489,3,4,0.005900000000000008,192.53734497075536,5.484749129523152,13.875782679573623,10.680249532063803,32.040748596191406
