epoch,startPos,prefixLength,learnRate,MSE,MAE,RMSE,meanLoss,totalLoss
52,3,mix,0.009700000000000002,59.021564877779,1.8141676809532328,7.682549373598519,2.3663466526911807,30.76250648498535
52,3,3,0.009700000000000002,59.02161440017289,1.8141657387805026,7.68255259664214,2.3663466526911807,30.76250648498535
52,3,4,0.009700000000000002,185.26648957135166,5.032929273620539,13.611263334876439,10.254168828328451,30.76250648498535
