epoch,startPos,prefixLength,learnRate,MSE,MAE,RMSE,meanLoss,totalLoss
400,2,mix,0.00670000000000001,111.98482785759802,2.811008823523821,10.582288403629812,2.351078318126166,157.52224731445312
400,2,2,0.00670000000000001,113.3950081806608,2.848117592943197,10.64870922603584,2.351078318126166,157.52224731445312
400,2,3,0.00670000000000001,59.01731563287839,1.8129749686963805,7.682272816873819,12.117095947265625,157.52224731445312
400,2,4,0.00670000000000001,213.62956955966203,5.1879866232234235,14.61607230276527,52.507415771484375,157.52224731445312
