epoch,startPos,prefixLength,learnRate,MSE,MAE,RMSE,meanLoss,totalLoss
39,1,mix,0.008,183.8516847938819,4.722398246923603,13.55919189309901,4.859792764904429,1001.1173095703125
39,1,1,0.008,183.10318882927143,4.708275241217935,13.531562689847446,4.859792764904429,1001.1173095703125
39,1,2,0.008,111.97921708975828,2.810969135197098,10.582023298488728,14.942049396571829,1001.1173095703125
39,1,3,0.008,59.013713696100716,1.8129368827585495,7.682038381582112,77.00902381310097,1001.1173095703125
39,1,4,0.008,156.97986815577295,4.140981067857865,12.529160712345139,333.7057698567708,1001.1173095703125
