epoch,startPos,prefixLength,learnRate,MSE,MAE,RMSE,meanLoss,totalLoss
223,3,mix,0.008200000000000011,59.01958067018427,1.813613182104291,7.682420235198298,2.3741895235501804,30.864463806152344
223,3,3,0.008200000000000011,59.019572687321244,1.8136116553041575,7.6824197156443645,2.3741895235501804,30.864463806152344
223,3,4,0.008200000000000011,207.91836785434776,5.5948901084138924,14.419374738675314,10.288154602050781,30.864463806152344
