epoch,startPos,prefixLength,learnRate,MSE,MAE,RMSE,meanLoss,totalLoss
115,2,mix,0.009200000000000005,111.9800416993125,2.8108579323575213,10.582062261171615,2.3637157838736007,158.36895751953125
115,2,2,0.009200000000000005,111.98002889153808,2.8108580313688662,10.58206165600721,2.3637157838736007,158.36895751953125
115,2,3,0.009200000000000005,59.01422695358514,1.8128196414670015,7.682071787843768,12.182227501502403,158.36895751953125
115,2,4,0.009200000000000005,222.62069086429727,5.562728588154641,14.92047890867774,52.789652506510414,158.36895751953125
