epoch,startPos,prefixLength,learnRate,MSE,MAE,RMSE,meanLoss,totalLoss
438,2,mix,0.006400000000000009,111.9794303767098,2.810961747330566,10.582033376280279,2.3633759911380596,158.34619140625
438,2,2,0.006400000000000009,111.97942893117177,2.8109612106134705,10.582033307978755,2.3633759911380596,158.34619140625
438,2,3,0.006400000000000009,59.01379345132818,1.8129225592460898,7.682043572600209,12.18047626201923,158.34619140625
438,2,4,0.006400000000000009,300.25727159561495,8.109574729324322,17.32793327536827,52.782063802083336,158.34619140625
