epoch,startPos,prefixLength,learnRate,MSE,MAE,RMSE,meanLoss,totalLoss
394,3,mix,0.00670000000000001,59.020002859671,1.8137239653783581,7.682447712784708,2.3745803833007812,30.869544982910156
394,3,3,0.00670000000000001,59.020006021999706,1.8137255841670594,7.682447918599885,2.3745803833007812,30.869544982910156
394,3,4,0.00670000000000001,349.94307173663816,8.735628618265764,18.706765400160396,10.289848327636719,30.869544982910156
