epoch,startPos,prefixLength,learnRate,MSE,MAE,RMSE,meanLoss,totalLoss
261,3,mix,0.007900000000000013,59.01582934830661,1.8125764692386497,7.682176081573932,2.3369356302114634,30.380163192749023
261,3,3,0.007900000000000013,59.015796260199664,1.812579554413702,7.6821739280102,2.3369356302114634,30.380163192749023
261,3,4,0.007900000000000013,329.1572703338483,8.1876079226966,18.142691926333544,10.126721064249674,30.380163192749023
