epoch,startPos,prefixLength,learnRate,MSE,MAE,RMSE,meanLoss,totalLoss
356,3,mix,0.007100000000000011,59.008958529026714,1.8140391966267089,7.681728876302959,2.4156134678767276,31.40297508239746
356,3,3,0.007100000000000011,59.00894112126689,1.8140393572180074,7.681727743240247,2.4156134678767276,31.40297508239746
356,3,4,0.007100000000000011,267.0693939811557,6.625879743536643,16.342257921754744,10.467658360799154,31.40297508239746
