epoch,startPos,prefixLength,learnRate,MSE,MAE,RMSE,meanLoss,totalLoss
476,2,mix,0.006100000000000008,111.98041695191552,2.810807527877614,10.582079991755663,2.389360114709655,160.08712768554688
476,2,2,0.006100000000000008,111.98042111368851,2.810808059999516,10.582080188398145,2.389360114709655,160.08712768554688
476,2,3,0.006100000000000008,59.01446911870167,1.8127621434148864,7.6820875495337635,12.31439443734976,160.08712768554688
476,2,4,0.006100000000000008,276.55756209120665,7.281324470460277,16.63001990651865,53.36237589518229,160.08712768554688
