epoch,startPos,prefixLength,learnRate,MSE,MAE,RMSE,meanLoss,totalLoss
172,2,mix,0.008700000000000008,111.97756509264896,2.811235173213845,10.581945241431226,2.3672619720003496,158.60655212402344
172,2,2,0.008700000000000008,112.09570831212054,2.8219757410267334,10.587526071378552,2.3672619720003496,158.60655212402344
172,2,3,0.008700000000000008,59.012571235755125,1.813206434774429,7.681964022029466,12.200504009540264,158.60655212402344
172,2,4,0.008700000000000008,197.61657114313354,4.938046236646187,14.057616125898926,52.86885070800781,158.60655212402344
