epoch,startPos,prefixLength,learnRate,MSE,MAE,RMSE,meanLoss,totalLoss
96,2,mix,0.009400000000000004,111.97570141561143,2.8114901136877393,10.58185718178106,2.368701991750233,158.70303344726562
96,2,2,0.009400000000000004,111.97568839486823,2.8114901314637564,10.581856566542008,2.368701991750233,158.70303344726562
96,2,3,0.009400000000000004,59.01144414643519,1.8134699473680485,7.681890662228615,12.207925649789663,158.70303344726562
96,2,4,0.009400000000000004,246.234840391256,6.500598962815275,15.691871793742644,52.90101114908854,158.70303344726562
