epoch,startPos,prefixLength,learnRate,MSE,MAE,RMSE,meanLoss,totalLoss
39,2,mix,0.0099,111.98500444722993,2.8110257876029436,10.582296747267577,2.357722268175723,157.96739196777344
39,2,2,0.0099,111.9850031565066,2.811025571968372,10.582296686282548,2.357722268175723,157.96739196777344
39,2,3,0.0099,59.01734571224365,1.8129817443235652,7.682274774586213,12.15133784367488,157.96739196777344
39,2,4,0.0099,203.75495387766935,5.219236787142108,14.274275949331699,52.65579732259115,157.96739196777344
