epoch,startPos,prefixLength,learnRate,MSE,MAE,RMSE,meanLoss,totalLoss
71,3,mix,0.009600000000000003,59.01265079749893,1.8131820763253472,7.681969200504446,2.3871873708871694,31.033435821533203
71,3,3,0.009600000000000003,59.012660206618214,1.8131825616226251,7.681969812920265,2.3871873708871694,31.033435821533203
71,3,4,0.009600000000000003,157.64917354583207,4.31296960418058,12.555842207746641,10.344478607177734,31.033435821533203
