epoch,startPos,prefixLength,learnRate,MSE,MAE,RMSE,meanLoss,totalLoss
166,3,mix,0.008700000000000008,59.0082115241633,1.814212813649192,7.681680253965489,2.4035496344933143,31.246145248413086
166,3,3,0.008700000000000008,59.00819310584872,1.8142131518970928,7.681679055118661,2.4035496344933143,31.246145248413086
166,3,4,0.008700000000000008,265.3316068770183,6.797671700887804,16.289002636043076,10.41538174947103,31.246145248413086
