epoch,startPos,prefixLength,learnRate,MSE,MAE,RMSE,meanLoss,totalLoss
470,3,mix,0.006100000000000008,59.01339383291341,1.8130052380824964,7.682017562653278,2.345586923452524,30.492630004882812
470,3,3,0.006100000000000008,59.013373167739076,1.8130058425872448,7.6820162176175515,2.345586923452524,30.492630004882812
470,3,4,0.006100000000000008,297.8192779769319,7.26590351120376,17.257441234926223,10.164210001627604,30.492630004882812
