epoch,startPos,prefixLength,learnRate,MSE,MAE,RMSE,meanLoss,totalLoss
109,3,mix,0.009200000000000005,59.01660540687715,1.8127913664019957,7.682226591742602,2.362330803504357,30.71030044555664
109,3,3,0.009200000000000005,59.016613687328366,1.8127907447404823,7.682227130678211,2.362330803504357,30.71030044555664
109,3,4,0.009200000000000005,198.76850534840221,5.234687315839437,14.098528481667945,10.236766815185547,30.71030044555664
