epoch,startPos,prefixLength,learnRate,MSE,MAE,RMSE,meanLoss,totalLoss
419,2,mix,0.0066000000000000095,112.10579228007471,2.822244887668262,10.588002279942836,2.3598637367362407,158.11087036132812
419,2,2,0.0066000000000000095,111.98762017375716,2.8115033305376187,10.58242033628211,2.3598637367362407,158.11087036132812
419,2,3,0.0066000000000000095,59.01911166991513,1.8134665604379734,7.682389710885222,12.162374643179087,158.11087036132812
419,2,4,0.0066000000000000095,279.41887701364806,6.6572131470056775,16.715827141175158,52.70362345377604,158.11087036132812
