epoch,startPos,prefixLength,learnRate,MSE,MAE,RMSE,meanLoss,totalLoss
77,1,mix,0.005,183.42591194895425,4.7109567725123656,13.543482268196545,4.860938211089199,1001.353271484375
77,1,1,0.005,183.111331807889,4.708252620133224,13.531863574832885,4.860938211089199,1001.353271484375
77,1,2,0.005,111.98409727124044,2.8108937205582833,10.582253884274392,14.945571216184701,1001.353271484375
77,1,3,0.005,59.016842704889854,1.8128418080876827,7.682242036338731,77.0271747295673,1001.353271484375
77,1,4,0.005,251.14489032349593,6.484722825699919,15.847551556107836,333.784423828125,1001.353271484375
