epoch,startPos,prefixLength,learnRate,MSE,MAE,RMSE,meanLoss,totalLoss
362,2,mix,0.007100000000000011,112.09598234446288,2.8219354725117114,10.587539012653643,2.379298195910098,159.41297912597656
362,2,2,0.007100000000000011,111.97783581687811,2.8111946647400714,10.581958033222307,2.379298195910098,159.41297912597656
362,2,3,0.007100000000000011,59.01275135104635,1.8131628259968693,7.6819757452784465,12.26253685584435,159.41297912597656
362,2,4,0.007100000000000011,148.25940657846527,3.8598878516058903,12.17618193763814,53.13765970865885,159.41297912597656
