epoch,startPos,prefixLength,learnRate,MSE,MAE,RMSE,meanLoss,totalLoss
286,2,mix,0.007700000000000012,111.97907851942631,2.8110127473934483,10.582016751046385,2.372322651877332,158.94561767578125
286,2,2,0.007700000000000012,113.38919048668797,2.848121190140631,10.648436058252308,2.372322651877332,158.94561767578125
286,2,3,0.007700000000000012,59.0135553220579,1.8129763651675148,7.6820280735010265,12.226585975060097,158.94561767578125
286,2,4,0.007700000000000012,247.75835609887667,6.234675263453028,15.740341676687857,52.98187255859375,158.94561767578125
