epoch,startPos,prefixLength,learnRate,MSE,MAE,RMSE,meanLoss,totalLoss
210,2,mix,0.00840000000000001,111.98765135363871,2.8115150658022685,10.582421809474365,2.368678306465718,158.70144653320312
210,2,2,0.00840000000000001,112.10584547018061,2.822257966200482,10.588004791752818,2.368678306465718,158.70144653320312
210,2,3,0.00840000000000001,59.019154042653554,1.8134775028436252,7.682392468668439,12.207803579477163,158.70144653320312
210,2,4,0.00840000000000001,229.80830379268014,5.9853530747423065,15.159429533880228,52.900482177734375,158.70144653320312
