epoch,startPos,prefixLength,learnRate,MSE,MAE,RMSE,meanLoss,totalLoss
77,2,mix,0.009600000000000003,111.97401575496056,2.8117480801038255,10.58177753286094,2.352700304629198,157.63092041015625
77,2,2,0.009600000000000003,111.97401469035407,2.811747744438435,10.581777482557175,2.352700304629198,157.63092041015625
77,2,3,0.009600000000000003,59.01029394986616,1.813735379445916,7.681815797704743,12.125455416165865,157.63092041015625
77,2,4,0.009600000000000003,184.7825461623918,4.860283177053134,13.593474396282645,52.54364013671875,157.63092041015625
