epoch,startPos,prefixLength,learnRate,MSE,MAE,RMSE,meanLoss,totalLoss
185,3,mix,0.008600000000000009,59.01264438582609,1.8131814544490226,7.681968783184822,2.348965278038612,30.536548614501953
185,3,3,0.008600000000000009,59.01264977117031,1.8131808943849137,7.681969133703305,2.348965278038612,30.536548614501953
185,3,4,0.008600000000000009,286.0352624028293,7.109787009940192,16.912577047949533,10.178849538167318,30.536548614501953
