epoch,startPos,prefixLength,learnRate,MSE,MAE,RMSE,meanLoss,totalLoss
324,2,mix,0.007400000000000012,112.09849929084803,2.8215736659014112,10.587657875604407,2.387507424425723,159.96299743652344
324,2,2,0.007400000000000012,111.98033952841162,2.810832323020392,10.582076333518465,2.387507424425723,159.96299743652344
324,2,3,0.007400000000000012,59.01436261220811,1.8127924073116901,7.6820806173983955,12.30484595665565,159.96299743652344
324,2,4,0.007400000000000012,225.40227232255063,5.5314322389194786,15.013403089324905,53.32099914550781,159.96299743652344
