epoch,startPos,prefixLength,learnRate,MSE,MAE,RMSE,meanLoss,totalLoss
299,3,mix,0.007600000000000012,59.020328379596705,1.8138278045685183,7.682468898706763,2.429170461801382,31.57921600341797
299,3,3,0.007600000000000012,59.02036726926858,1.813827835514985,7.682471429772361,2.429170461801382,31.57921600341797
299,3,4,0.007600000000000012,156.99521562167743,4.141978906925942,12.529773167207674,10.526405334472656,31.57921600341797
