epoch,startPos,learnRate,MSE,MAE,RMSE,meanLoss,totalLoss
0,1,0.01,160.9687615507271,4.202189919583066,12.687346513385968,4.176414031443242,1181.9251708984375
1,1,0.01,160.84157521233635,4.202015695735996,12.682333192766084,4.16102066309629,1177.56884765625
2,1,0.01,160.81502709214487,4.204420188871461,12.681286491998549,4.159141297896422,1177.0369873046875
3,1,0.01,160.90331119713747,4.197903205038862,12.68476689565628,4.158348487880963,1176.8126220703125
4,1,0.01,160.9025758866528,4.196540219050137,12.68473791162643,4.157651436202518,1176.6153564453125
5,1,0.01,160.89514847098008,4.197230153553545,12.684445138474922,4.156937993457376,1176.4134521484375
6,1,0.01,160.92165585447773,4.197003692142177,12.685489972976121,4.157201975899956,1176.4881591796875
7,1,0.01,160.87843111139796,4.198629025982293,12.68378615049142,4.157661357111308,1176.6181640625
