epoch,startPos,learnRate,MSE,MAE,RMSE,meanLoss,totalLoss
0,1,0.01,1674309582.8465958,37311.883952815355,40918.32820200009,39870.2629969419,13037576.0
