epoch,startPos,learnRate,MSE,MAE,RMSE,meanLoss,totalLoss
0,1,0.01,1596141652.4856725,35888.678090165304,39951.74154509003,42026.214067278284,13742572.0
1,1,0.01,1607645040.5328074,35145.645001667304,40095.44912496688,28638.80733944954,9364890.0
2,1,0.01,1694028737.6042864,32119.913503507287,41158.580364296904,27588.382262996944,9021401.0
