epoch,startPos,learnRate,MSE,MAE,RMSE,meanLoss,totalLoss
0,1,0.01,1842749001.3640375,36034.738368022874,42927.25243203946,52212.20795107033,17073392.0
1,1,0.01,2392702182.7583737,26343.87555887613,48915.25511288246,30679.935779816515,10032339.0
