epoch,startPos,learnRate,MSE,MAE,RMSE,meanLoss,totalLoss
0,1,0.01,1695713098.9695075,39703.08387186441,41179.03713018928,42468.41896024465,13887173.0
1,1,0.01,1617720575.321235,36903.84567223974,40220.89724659602,29251.8623853211,9565359.0
2,1,0.01,1667746862.3866727,34199.194863193006,40838.05654517209,27899.97247706422,9123291.0
3,1,0.01,1789764316.5859902,31186.916031802994,42305.60620752278,26765.284403669724,8752248.0
4,1,0.01,1913876379.740075,29461.043404820455,43747.87285960399,26111.44648318043,8538443.0
5,1,0.01,2046107681.0057733,27879.738885718656,45233.92179554823,25527.029051987767,8347338.5
6,1,0.01,2091323507.3902206,27578.965044504188,45730.990667054444,25046.0749235474,8190066.5
7,1,0.01,2121610463.8386602,27314.984002906156,46060.94293258292,24856.408256880735,8128045.5
