epoch,startPos,learnRate,MSE,MAE,RMSE,meanLoss,totalLoss
0,1,0.01,540.1270789664429,13.223548872590376,23.24063422040033,12.82539207056949,3898.919189453125
1,1,0.01,540.2228447091238,13.22293926948586,23.242694437373732,12.822779605263158,3898.125
2,1,0.01,518.1751975391829,13.13956080905747,22.76346189706616,12.794080232319079,3889.400390625
3,1,0.01,451.9325242794746,12.910629915085455,21.258704670780734,12.645856355365954,3844.34033203125
4,1,0.01,429.01765944121087,12.831820671494382,20.712741475748953,12.55588732267681,3816.98974609375
