epoch,startPos,learnRate,MSE,MAE,RMSE,meanLoss,totalLoss
0,5,0.01,512.2307221863396,14.314992831842652,22.632514711943514,14.486951290573204,5244.2763671875
1,5,0.01,492.3359187789786,14.255735048590035,22.18864391482676,14.095811032458563,5102.68359375
2,5,0.01,487.98550234778384,14.24753178444402,22.090393892997557,14.07729411256906,5095.98046875
3,5,0.01,486.27248255245837,14.241047012703172,22.05158684885191,14.067041555162293,5092.26904296875
4,5,0.01,483.4966250738393,14.237535742069113,21.98855668464484,14.060325664709945,5089.837890625
5,5,0.01,482.55130426673674,14.227888009835933,21.967050422547327,14.051249298601519,5086.55224609375
6,5,0.01,481.50138688746125,14.230042948435093,21.94313985936063,14.046230252935082,5084.7353515625
