epoch,startPos,learnRate,MSE,MAE,RMSE,meanLoss,totalLoss
1,1,0.01,556.0890800465801,17.130830635852885,23.5815410871847,18.408175590343046,2448.287353515625
2,1,0.01,480.0713203181151,17.074877838293713,21.910529895876895,18.076755609727442,2404.20849609375
3,1,0.01,441.288905220209,17.11128220097585,21.006877569505875,17.911081414473685,2382.173828125
4,1,0.01,429.3342174323625,17.141983260711033,20.72038169128075,17.873379126527254,2377.159423828125
5,1,0.01,422.6267045208499,17.168174919305425,20.55788667448213,17.861814570606203,2375.621337890625
6,1,0.01,422.62161866755196,17.159503326497294,20.557762978192738,17.862156000352442,2375.666748046875
7,1,0.01,420.3152682492024,17.173327352512967,20.50159184671284,17.862631432095863,2375.72998046875
8,1,0.01,421.67393061239994,17.165846835031655,20.53470064579467,17.860239588228385,2375.411865234375
9,1,0.01,416.16891523190696,17.188272124890126,20.4002185094157,17.875912314967106,2377.496337890625
