epoch,startPos,learnRate,MSE,MAE,RMSE,meanLoss,totalLoss
0,1,0.01,3863.7793519703982,54.431431220441134,62.15930623784662,56.530759240164976,22273.119140625
