epoch,startPos,learnRate,MSE,MAE,RMSE,meanLoss,totalLoss
0,5,0.01,453.4124880125537,13.716205413465376,21.293484637619876,14.550636010534703,5136.37451171875
1,5,0.01,439.59213661742973,13.389819371855104,20.96645264744205,14.072112086136686,4967.45556640625
2,5,0.01,434.4931752094793,13.353230646446153,20.84449987909231,14.010587265403682,4945.7373046875
