epoch,startPos,learnRate,MSE,MAE,RMSE,meanLoss,totalLoss
0,1,0.01,7266721215.271349,77580.33389269242,85245.06563591438,76513.04790419161,12777679.0
1,1,0.01,7266464712.962055,77578.72015093124,85243.56112318428,76511.39520958083,12777403.0
2,1,0.01,7266209195.1384535,77577.12690460682,85242.06235854722,76509.8263473054,12777141.0
