epoch,startPos,learnRate,MSE,MAE,RMSE,meanLoss,totalLoss
0,1,0.01,153.8235500882432,3.9598212756382836,12.402562238837715,4.260138713138204,1209.87939453125
1,1,0.01,153.8141276063666,3.958631335844153,12.402182372726447,4.215412408533231,1197.1771240234375
2,1,0.01,153.80830291055187,3.958900598458318,12.401947545065326,4.215379312004842,1197.167724609375
3,1,0.01,153.80112471469343,3.959547591326035,12.401658143760189,4.215089180100132,1197.0853271484375
4,1,0.01,153.78253105019863,3.9612241854367314,12.400908476809214,4.215400803257042,1197.173828125
5,1,0.01,153.81549211249128,3.9588036777850775,12.402237383330933,4.215428312059859,1197.181640625
6,1,0.01,153.8257040180637,3.960093239408785,12.402649072599923,4.215116688902949,1197.0931396484375
7,1,0.01,153.80881266601693,3.9588546582660844,12.401968096476338,4.215450233137104,1197.1878662109375
