epoch,startPos,learnRate,MSE,MAE,RMSE,meanLoss,totalLoss
0,1,0.01,159.88903089133947,4.208535128975042,12.644723440682263,4.163136404731669,1178.1676025390625
