epoch,startPos,learnRate,MSE,MAE,RMSE,meanLoss,totalLoss
0,1,0.01,838.8080601461306,23.99055924773216,28.962183276578624,30.42194883765244,6236.49951171875
1,1,0.01,790.9799664543866,23.49507517814636,28.124366063155744,24.202974942835365,4961.60986328125
