epoch,startPos,learnRate,MSE,MAE,RMSE,meanLoss,totalLoss
0,2,0.01,9138188.734317597,454.9122118298737,3022.9437200049883,413.658999650838,74044.9609375
1,2,0.01,9135884.374333642,453.4178954863191,3022.5625509381343,410.884907472067,73548.3984375
2,2,0.01,9135283.42855721,453.2558504851656,3022.4631393215054,410.52636173184356,73484.21875
3,2,0.01,9135139.455418361,453.21419691471687,3022.439322040785,410.4567912011173,73471.765625
4,2,0.01,9135004.498842267,453.2371503829337,3022.416996187367,410.4471019553073,73470.03125
5,2,0.01,9134976.365912803,453.2210940338063,3022.4123421387762,410.42994937150837,73466.9609375
