epoch,startPos,prefixLength,learnRate,MSE,MAE,RMSE,meanLoss,totalLoss
60,1,mix,0.009000000000000001,893.9139704141684,23.856487021154287,29.898394110958005,22.02083830311705,8654.189453125
60,1,1,0.009000000000000001,868.4413085871528,23.008658222854137,29.46932826833949,45.07390340169271,8654.189453125
60,1,2,0.009000000000000001,828.4610780875735,24.03638894242399,28.782999810436255,65.56204131155303,8654.189453125
60,1,3,0.009000000000000001,685.9696673634801,21.712805688381195,26.191022648294588,173.0837890625,8654.189453125
60,1,4,0.009000000000000001,784.6933808835977,20.740772199630737,28.0123790650419,432.70947265625,8654.189453125
