epoch,startPos,prefixLength,learnRate,MSE,MAE,RMSE,meanLoss,totalLoss
19,1,mix,0.01,176.10553942735402,4.404010172507366,13.270476232123473,4.768171037946429,634.166748046875
19,1,1,0.01,176.56063795140872,4.418688202810396,13.287612199014868,4.768171037946429,634.166748046875
19,1,2,0.01,84.402141775251,2.5794589856606245,9.187063827755361,22.648812430245535,634.166748046875
19,1,3,0.01,17.059616093962937,1.2238048813305795,4.130328811845727,158.54168701171875,634.166748046875
19,1,4,0.01,14.628616695142272,1.483536920743063,3.824737467479601,634.166748046875,634.166748046875
