epoch,startPos,prefixLength,learnRate,MSE,MAE,RMSE,meanLoss,totalLoss
38,1,mix,0.008,166.5482493274563,4.137561268247131,12.905357388598592,4.2531548731075315,684.7579345703125
38,1,1,0.008,186.70913782370576,4.647196080096498,13.664155218077177,5.187560110381155,684.7579345703125
38,1,2,0.008,63.258764936421294,1.7188555893074604,7.95353788803582,24.455640520368302,684.7579345703125
38,1,3,0.008,7.171801360382196,0.7969089283692483,2.6780219118562485,171.18948364257812,684.7579345703125
38,1,4,0.008,1.8576236125916126e-08,0.00013559526883000217,0.0001362946665351074,684.7579345703125,684.7579345703125
