epoch,startPos,prefixLength,learnRate,MSE,MAE,RMSE,meanLoss,totalLoss
38,1,mix,0.008,171.29662365052815,4.304728754706558,13.088033605187913,4.223246765136719,675.719482421875
38,1,1,0.008,190.9881736034834,4.747164120722065,13.819847090452319,5.119086988044508,675.719482421875
38,1,2,0.008,94.9597073572478,2.5508523830030754,9.744727156634392,24.132838657924108,675.719482421875
38,1,3,0.008,27.660057948028765,1.282925622392213,5.259283026043452,225.23982747395834,675.719482421875
38,1,4,0.008,0.6259796776898118,0.3138866042554582,0.7911887750024085,675.719482421875,675.719482421875
