epoch,startPos,prefixLength,learnRate,MSE,MAE,RMSE,meanLoss,totalLoss
19,1,mix,0.01,183.65084192713388,4.621094024371304,13.551783717545595,4.152077102661133,664.3323364257812
19,1,1,0.01,217.86728934414842,5.31313804368491,14.760328226165853,5.032820730498343,664.3323364257812
19,1,2,0.01,71.49888729324745,2.222665995409443,8.455701466658308,24.60490134910301,664.3323364257812
19,1,3,0.01,21.534331053132497,1.4391844073315951,4.640509783755713,221.4441121419271,664.3323364257812
19,1,4,0.01,0.6407892802818449,0.20381272927625105,0.8004931481791989,664.3323364257812,664.3323364257812
