epoch,startPos,prefixLength,learnRate,MSE,MAE,RMSE,meanLoss,totalLoss
39,1,mix,0.01,886.1800611435937,23.85209232568741,29.76877661482906,22.088454695451652,8680.7626953125
39,1,1,0.01,858.4963035141609,22.73158250376582,29.300107568303584,45.2123057047526,8680.7626953125
39,1,2,0.01,867.4651886892285,24.613816689042483,29.452761987447435,65.76335375236742,8680.7626953125
39,1,3,0.01,687.0046460177548,22.02414400760944,26.210773472329176,173.61525390625,8680.7626953125
39,1,4,0.01,761.3864979703634,20.69368681907654,27.59323282927108,434.038134765625,8680.7626953125
