epoch,startPos,prefixLength,learnRate,MSE,MAE,RMSE,meanLoss,totalLoss
38,1,mix,0.008,176.05641652269563,4.404715655839854,13.268625268756956,4.7689979954769735,634.2767333984375
38,1,1,0.008,176.05641653089452,4.404716670638498,13.268625269065915,4.7689979954769735,634.2767333984375
38,1,2,0.008,95.2846183757816,2.8249899307109962,9.761384039970029,22.652740478515625,634.2767333984375
38,1,3,0.008,32.576480647057316,1.7482228209846653,5.707580980332851,158.56918334960938,634.2767333984375
38,1,4,0.008,30.079446874730422,2.7617512042052113,5.4844732540810535,634.2767333984375,634.2767333984375
