epoch,startPos,prefixLength,learnRate,MSE,MAE,RMSE,meanLoss,totalLoss
38,1,mix,0.008,159.61505979642106,4.0043295316039345,12.633885380057121,4.288851720205745,690.505126953125
38,1,1,0.008,178.76462837797413,4.434481916967783,13.37028901624696,5.191767871828008,690.505126953125
38,1,2,0.008,78.99442271056728,2.152631014165828,8.887880664734832,25.57426396122685,690.505126953125
38,1,3,0.008,29.246340071862047,1.1883923676105042,5.407988542134871,230.16837565104166,690.505126953125
38,1,4,0.008,2.9973792826845148e-06,0.0017172027946799062,0.0017312941063506555,690.505126953125,690.505126953125
