epoch,startPos,prefixLength,learnRate,MSE,MAE,RMSE,meanLoss,totalLoss
51,1,mix,0.009000000000000001,282.1877368123934,9.867535812703192,16.798444475974357,10.307814921229339,7483.4736328125
51,1,1,0.009000000000000001,457.0850902567278,13.245161351756906,21.379548410963405,59.392647879464285,7483.4736328125
51,1,2,0.009000000000000001,317.1945357902157,9.320300702597402,17.80995608613945,53.0742810837766,7483.4736328125
51,1,3,0.009000000000000001,322.2979999204858,9.54248664881855,17.952659967828883,75.59064275568181,7483.4736328125
51,1,4,0.009000000000000001,335.63908198283457,10.258851350247278,18.32045528863392,95.9419696514423,7483.4736328125
