epoch,startPos,prefixLength,learnRate,MSE,MAE,RMSE,meanLoss,totalLoss
19,1,mix,0.01,171.28497218097425,4.303635351127768,13.08758847843919,4.223534393310547,675.7655029296875
19,1,1,0.01,192.98871918218956,4.741698550527952,13.892037977999829,5.119435628255208,675.7655029296875
19,1,2,0.01,94.9544303224574,2.549985144497701,9.744456389273719,24.13448224748884,675.7655029296875
19,1,3,0.01,14.139909881645242,0.7038972868476776,3.7603071525668272,225.25516764322916,675.7655029296875
19,1,4,0.01,1.375427077816994,0.6878665863951028,1.1727860324104282,675.7655029296875,675.7655029296875
