epoch,startPos,prefixLength,learnRate,MSE,MAE,RMSE,meanLoss,totalLoss
38,1,mix,0.009000000000000001,291.4219745768569,9.912646734968035,17.071085922601902,10.3423903660221,7487.890625
38,1,1,0.009000000000000001,445.96824319688596,13.043337582115782,21.1179602044536,59.903125,7487.890625
38,1,2,0.009000000000000001,336.8391481384892,10.318975654146117,18.353178148170663,53.105607269503544,7487.890625
38,1,3,0.009000000000000001,344.2422043819261,10.32561952661723,18.553765234634348,74.87890625,7487.890625
38,1,4,0.009000000000000001,364.00343912971096,10.894216438522562,19.078874157814212,95.99859775641026,7487.890625
