epoch,startPos,prefixLength,learnRate,MSE,MAE,RMSE,meanLoss,totalLoss
21,1,mix,0.01,420.0765017201536,12.400759829297098,20.49576789779182,12.789179783241421,3913.489013671875
21,1,1,0.01,722.9034157574832,17.8542778314509,26.886863256197874,29.64764404296875,3913.489013671875
21,1,2,0.01,316.4080397213763,7.785937312473026,17.78786214589534,35.2566577808277,3913.489013671875
21,1,3,0.01,492.20635791977963,11.161346434243024,22.18572419191629,88.94293212890625,3913.489013671875
21,1,4,0.01,284.4902575651692,7.575223401468247,16.866838991499538,205.97310598273026,3913.489013671875
21,1,5,0.01,153.34693900837027,4.151352379703894,12.383333113841777,782.697802734375,3913.489013671875
