epoch,startPos,prefixLength,learnRate,MSE,MAE,RMSE,meanLoss,totalLoss
39,1,mix,0.008,384.11836926009175,12.275796470918545,19.59893796255531,12.601921907018443,3843.586181640625
39,1,1,0.008,751.1333464713297,18.73685024215868,27.406812045025042,28.899144222861842,3843.586181640625
39,1,2,0.008,325.5417759499365,8.117143615947239,18.042776281657336,34.94169256036932,3843.586181640625
39,1,3,0.008,406.43626882505754,9.422228245995939,20.160264602059605,89.38572515443315,3843.586181640625
39,1,4,0.008,518.8164713165194,12.251747282780707,22.777543136091726,202.2940095600329,3843.586181640625
39,1,5,0.008,157.27609439586564,4.570624964311719,12.54097661252367,768.717236328125,3843.586181640625
