epoch,startPos,prefixLength,learnRate,MSE,MAE,RMSE,meanLoss,totalLoss
68,1,mix,0.009000000000000001,812.3438655655543,23.401904778348076,28.501646716734708,22.63027642697704,8871.068359375
68,1,1,0.009000000000000001,856.9085489188461,24.341283459216356,29.273000340225565,46.20348103841146,8871.068359375
68,1,2,0.009000000000000001,813.7926449826178,23.882060774985483,28.527051109124788,66.69976210056392,8871.068359375
68,1,3,0.009000000000000001,744.5353028127555,22.81183803998507,27.28617420623044,177.4213671875,8871.068359375
68,1,4,0.009000000000000001,600.8813307308326,20.274212741851805,24.51288091454843,466.89833470394734,8871.068359375
