epoch,startPos,prefixLength,learnRate,MSE,MAE,RMSE,meanLoss,totalLoss
20,1,mix,0.01,398.3526215379538,12.43546974725489,19.95877304690731,12.56498463114754,3832.3203125
20,1,1,0.01,700.3312740988736,18.54041570800385,26.463772862138793,28.814438439849624,3832.3203125
20,1,2,0.01,335.7334849161533,8.229876569305945,18.3230315427375,34.83927556818182,3832.3203125
20,1,3,0.01,470.28529700854784,10.772129583426498,21.686062275308256,89.12372819767442,3832.3203125
20,1,4,0.01,256.2166833193258,6.636780378967524,16.00676992148403,201.70106907894737,3832.3203125
