epoch,startPos,prefixLength,learnRate,MSE,MAE,RMSE,meanLoss,totalLoss
57,1,mix,0.007,166.4900650243407,4.1285878052728435,12.903102922333865,4.262078857421875,681.9326171875
57,1,1,0.007,186.9169289401998,4.59188794442455,13.671756615014758,5.127312911184211,681.9326171875
57,1,2,0.007,82.63431319058023,2.2304928549022924,9.090341753233496,25.256763599537038,681.9326171875
57,1,3,0.007,49.19042366859554,1.3443891619458554,7.013588501515864,227.31087239583334,681.9326171875
57,1,4,0.007,0.5161942275849941,0.5162527871370912,0.718466580701562,681.9326171875,681.9326171875
