epoch,startPos,prefixLength,learnRate,MSE,MAE,RMSE,meanLoss,totalLoss
59,1,mix,0.009000000000000001,917.9750409919254,24.986795000355652,30.298102927277895,21.931381536989797,8597.1015625
59,1,1,0.009000000000000001,727.8945502223513,22.073684128622215,26.979520941305672,44.776570638020836,8597.1015625
59,1,2,0.009000000000000001,824.4199523857262,23.836274089182126,28.71271412433395,64.63986137218045,8597.1015625
59,1,3,0.009000000000000001,852.556490604202,23.72393030845202,29.19857000957756,171.94203125,8597.1015625
59,1,4,0.009000000000000001,631.8472960252326,19.47922420501709,25.13657287748735,452.4790296052632,8597.1015625
59,1,5,0.009000000000000001,676.8317892202904,21.625784993171692,26.0159910289862,1719.4203125,8597.1015625
