epoch,startPos,prefixLength,learnRate,MSE,MAE,RMSE,meanLoss,totalLoss
38,1,mix,0.008,166.46590940083442,4.129837958658072,12.902166849054248,4.262188339233399,681.9501342773438
38,1,1,0.008,187.40574308452565,4.608648892501426,13.689621729051744,5.127444618626645,681.9501342773438
38,1,2,0.008,82.62114709355009,2.2317668852571972,9.089617543854642,25.25741238064236,681.9501342773438
38,1,3,0.008,49.33774641292334,1.407962340173981,7.024083314776622,227.31671142578125,681.9501342773438
38,1,4,0.008,0.24883629809751506,0.25096455877610424,0.49883494073442275,681.9501342773438,681.9501342773438
