epoch,startPos,prefixLength,learnRate,MSE,MAE,RMSE,meanLoss,totalLoss
191,1,mix,0.0003999999999999998,397.58706652419613,12.4429333472697,19.939585415053045,12.543532274590165,3825.77734375
191,1,1,0.0003999999999999998,645.2491203284704,18.2577301906704,25.401754276594176,28.765243186090224,3825.77734375
191,1,2,0.0003999999999999998,344.02789311809994,8.35486169478723,18.547988923818668,34.77979403409091,3825.77734375
191,1,3,0.0003999999999999998,470.93256018168955,10.781298472800039,21.70098062719032,88.97156613372093,3825.77734375
191,1,4,0.0003999999999999998,256.3422939791063,6.6313119903206825,16.010693113638343,201.3567023026316,3825.77734375
