epoch,startPos,prefixLength,learnRate,MSE,MAE,RMSE,meanLoss,totalLoss
38,1,mix,0.008,180.8327174788264,4.529221634641594,13.447405604012486,4.154972839355469,664.795654296875
38,1,1,0.008,213.0209605028693,5.23409949929157,14.595237596656975,4.9984635661419174,664.795654296875
38,1,2,0.008,76.38098182962658,2.269839222121732,8.739621377933176,24.62206127025463,664.795654296875
38,1,3,0.008,88.70119473888136,2.422185899733904,9.418131170188774,221.59855143229166,664.795654296875
38,1,4,0.008,4.968226242593709,0.7187844465897797,2.228951825992143,664.795654296875,664.795654296875
