epoch,startPos,prefixLength,learnRate,MSE,MAE,RMSE,meanLoss,totalLoss
77,1,mix,0.005,396.96203535953737,12.44680806244542,19.923906127050923,12.550621958247952,3827.939697265625
77,1,1,0.005,651.7569999746119,18.3138653098916,25.529531918439318,28.781501483200188,3827.939697265625
77,1,2,0.005,336.3751798017667,8.218681726405132,18.34053379271625,34.79945179332386,3827.939697265625
77,1,3,0.005,473.28576030579404,10.816612878475677,21.755131815408383,89.02185342478198,3827.939697265625
77,1,4,0.005,254.70596543390374,6.56815765351057,15.95951018778157,201.47051038240133,3827.939697265625
