epoch,startPos,prefixLength,learnRate,MSE,MAE,RMSE,meanLoss,totalLoss
34,1,mix,0.01,869.375670369206,24.223542182117093,29.4851771296902,22.093148656170484,8682.607421875
34,1,1,0.01,988.4258550292681,25.758869307426114,31.439240687861215,45.22191365559896,8682.607421875
34,1,2,0.01,933.7091039945866,25.332158132484466,30.556654005217695,65.28276257048873,8682.607421875
34,1,3,0.01,758.6594192951956,22.338510779234078,27.54377278615251,173.6521484375,8682.607421875
34,1,4,0.01,729.8053130213086,20.751869654655458,27.01490908778537,434.13037109375,8682.607421875
34,1,5,0.01,1839.812632589474,30.323500216007233,42.893037110811754,1447.1012369791667,8682.607421875
