epoch,startPos,prefixLength,learnRate,MSE,MAE,RMSE,meanLoss,totalLoss
41,1,mix,0.009000000000000001,296.4925753098653,10.178153984258929,17.21895976271114,10.226363945798756,7393.6611328125
41,1,1,0.009000000000000001,481.60988436804877,14.57263292997959,21.94561196157557,59.1492890625,7393.6611328125
41,1,2,0.009000000000000001,329.5722253745545,10.211045517663782,18.15412419739808,52.437312998670215,7393.6611328125
41,1,3,0.009000000000000001,344.04086316233634,10.302743978388607,18.5483385553083,73.936611328125,7393.6611328125
41,1,4,0.009000000000000001,348.87160929706187,10.610971277677699,18.678105077792605,93.59064725079114,7393.6611328125
