epoch,startPos,prefixLength,learnRate,MSE,MAE,RMSE,meanLoss,totalLoss
53,1,mix,0.009000000000000001,884.6329821223488,24.39359301146196,29.742780336114322,22.047608043097963,8664.7099609375
53,1,1,0.009000000000000001,1037.2739899176124,26.480226925574243,32.206738268840766,45.12869771321615,8664.7099609375
53,1,2,0.009000000000000001,945.7129598431018,25.553329307924617,30.75244640419851,65.1481951950188,8664.7099609375
53,1,3,0.009000000000000001,750.3665683198535,22.28381005846537,27.39281964894913,173.29419921875,8664.7099609375
53,1,4,0.009000000000000001,680.9833589952286,20.3263671875,26.095657857107735,433.235498046875,8664.7099609375
53,1,5,0.009000000000000001,2301.444421861923,35.47499179840088,47.97337200845822,1444.1183268229167,8664.7099609375
