epoch,startPos,prefixLength,learnRate,MSE,MAE,RMSE,meanLoss,totalLoss
57,1,mix,0.007,180.82818986552803,4.52954267234186,13.44723725772428,4.154608154296875,664.7373046875
57,1,1,0.007,213.0559735293551,5.238121480708562,14.596437014879868,4.998024847274436,664.7373046875
57,1,2,0.007,75.05879282436854,2.2194282259989677,8.663647778180305,24.61990017361111,664.7373046875
57,1,3,0.007,82.29235133486783,2.6412100679572177,9.071513177792767,221.5791015625,664.7373046875
57,1,4,0.007,13.639073912589678,0.8912355353950261,3.693111684283279,664.7373046875,664.7373046875
