epoch,startPos,prefixLength,learnRate,MSE,MAE,RMSE,meanLoss,totalLoss
19,1,mix,0.01,409.97860349008096,12.591349067553491,20.24792837527042,12.525127273309426,3820.163818359375
19,1,1,0.01,572.1929603806645,18.22861061990261,23.920555185460568,28.72303622826598,3820.163818359375
19,1,2,0.01,338.5514153764536,8.165585805163053,18.399766720707454,34.72876198508523,3820.163818359375
19,1,3,0.01,478.8899276974922,10.755427974360911,21.883553817821554,88.84101903161337,3820.163818359375
19,1,4,0.01,283.7982855863516,7.284832178801298,16.84631370912793,201.06125359786185,3820.163818359375
19,1,5,0.01,170.34471868136188,4.293867572210729,13.051617473760173,764.032763671875,3820.163818359375
