epoch,startPos,prefixLength,learnRate,MSE,MAE,RMSE,meanLoss,totalLoss
39,1,mix,0.008,378.1291264490844,12.180911902301503,19.445542585618032,12.615755475153689,3847.805419921875
39,1,1,0.008,664.1805216441136,17.964981146375923,25.771700014630653,29.150041060014203,3847.805419921875
39,1,2,0.008,335.8309255342196,8.289961972739547,18.325690315352915,34.98004927201705,3847.805419921875
39,1,3,0.008,421.95174458598285,9.597529056143355,20.541464032195535,89.48384697492733,3847.805419921875
39,1,4,0.008,325.68815093734656,7.670156424678862,18.046832157953556,202.51607473273026,3847.805419921875
39,1,5,0.008,100.64633502048531,3.5009340047836304,10.032264700479415,641.3009033203125,3847.805419921875
