epoch,startPos,prefixLength,learnRate,MSE,MAE,RMSE,meanLoss,totalLoss
22,1,mix,0.01,452.4211571933027,12.913179341141232,21.270194103329256,12.671642102693257,3852.17919921875
22,1,1,0.01,722.1425457341591,18.917171387727755,26.872710055633746,29.183175751657195,3852.17919921875
22,1,2,0.01,360.31991554002343,8.886646302649751,18.982094603600085,35.019810901988635,3852.17919921875
22,1,3,0.01,518.2213168158637,11.60078429650854,22.764474885572557,89.58556277252907,3852.17919921875
22,1,4,0.01,324.2737242637262,7.749458664096892,18.00760184654598,214.00995551215277,3852.17919921875
22,1,5,0.01,234.90955137901406,8.360283130779862,15.326759324104168,770.43583984375,3852.17919921875
