epoch,startPos,prefixLength,learnRate,MSE,MAE,RMSE,meanLoss,totalLoss
61,1,mix,0.008,491.563092828587,13.013930175913039,22.17122217715088,12.724770796926398,3868.330322265625
61,1,1,0.008,587.9920606107615,18.26928838293123,24.24854759796474,29.305532744436555,3868.330322265625
61,1,2,0.008,347.7954087494002,9.010982452891767,18.649273678870184,35.16663929332386,3868.330322265625
61,1,3,0.008,518.772717414167,11.637021255086768,22.776582654431877,89.96117028524709,3868.330322265625
61,1,4,0.008,339.59964213311554,8.093414156138897,18.42822948991887,214.90724012586804,3868.330322265625
61,1,5,0.008,227.98192052094151,8.037407953292131,15.099070187297677,773.666064453125,3868.330322265625
