epoch,startPos,prefixLength,learnRate,MSE,MAE,RMSE,meanLoss,totalLoss
153,1,mix,0.0006999999999999999,396.73838720601657,12.440936959481665,19.918292778398868,12.548165343237704,3827.1904296875
153,1,1,0.0006999999999999999,642.8428306897875,18.193155430172656,25.3543454005381,28.775867892387218,3827.1904296875
153,1,2,0.0006999999999999999,333.5639302126114,8.142603209308747,18.26373264731532,34.79264026988636,3827.1904296875
153,1,3,0.0006999999999999999,471.67715503912115,10.799892566759478,21.718129639522854,89.00442859738372,3827.1904296875
153,1,4,0.0006999999999999999,259.3630236341587,6.768992532417178,16.104751585608476,201.43107524671052,3827.1904296875
