epoch,startPos,prefixLength,learnRate,MSE,MAE,RMSE,meanLoss,totalLoss
41,1,mix,0.009000000000000001,301.10072659769327,10.227879890274547,17.35225422236815,10.333453663793103,7491.75390625
41,1,1,0.009000000000000001,420.3378743506649,12.536043804739752,20.502143164817305,59.45836433531746,7491.75390625
41,1,2,0.009000000000000001,309.61912887390696,9.422122829050446,17.59599752426406,53.13300642730496,7491.75390625
41,1,3,0.009000000000000001,313.76970934096266,9.724736905079334,17.713545927932177,74.9175390625,7491.75390625
41,1,4,0.009000000000000001,313.0011012033748,9.934978350391612,17.691837134774183,96.04812700320512,7491.75390625
