epoch,startPos,prefixLength,learnRate,MSE,MAE,RMSE,meanLoss,totalLoss
73,1,mix,0.008,396.8938338862606,12.314725911134461,19.922194504779352,12.727920432495916,3894.74365234375
73,1,1,0.008,728.8815038681563,17.913415694225797,26.99780553800913,29.505633729876894,3894.74365234375
73,1,2,0.008,316.49839968607307,7.78692593532442,17.790401897823248,35.0877806517455,3894.74365234375
73,1,3,0.008,497.9126319609415,11.275463200174272,22.313955990835456,88.51690118963069,3894.74365234375
73,1,4,0.008,281.7694159910626,7.386727025732398,16.785988680773695,204.9865080180921,3894.74365234375
73,1,5,0.008,153.37676858610192,4.148995731957257,12.384537479700318,778.94873046875,3894.74365234375
