epoch,startPos,prefixLength,learnRate,MSE,MAE,RMSE,meanLoss,totalLoss
39,1,mix,0.008,397.73682994399195,12.434187059447943,19.943340491101083,12.552709560706967,3828.576416015625
39,1,1,0.008,661.0402446456758,18.361987918079127,25.710702920100722,28.786288842222746,3828.576416015625
39,1,2,0.008,334.55896226205425,8.17485980569784,18.290953016780023,34.80524014559659,3828.576416015625
39,1,3,0.008,476.1527497882608,10.875807943838565,21.820924586008285,89.03666083757267,3828.576416015625
39,1,4,0.008,256.3640049476739,6.63278276771307,16.011371113920067,201.50402189555922,3828.576416015625
