epoch,startPos,prefixLength,learnRate,MSE,MAE,RMSE,meanLoss,totalLoss
95,1,mix,0.007,924.983606300987,23.58177478487293,30.413543139545368,20.454861760853294,3415.9619140625
95,1,1,0.007,777.7271791997181,21.68980945306165,27.887760383360263,24.575265568794965,3415.9619140625
95,1,2,0.007,1271.0242585220653,29.7171268761158,35.651427159681354,126.51710792824075,3415.9619140625
95,1,3,0.007,1342.7180901479553,30.990836262702942,36.64311790975156,1138.6539713541667,3415.9619140625
95,1,4,0.007,138.40329557579975,11.071937888860703,11.764493001221929,3415.9619140625,3415.9619140625
