epoch,startPos,prefixLength,learnRate,MSE,MAE,RMSE,meanLoss,totalLoss
38,1,mix,0.009000000000000001,398.5952560248588,12.518236192850102,19.96485051346137,12.539441118084016,3824.529541015625
38,1,1,0.009000000000000001,686.6502243297574,18.867169688935533,26.204011607571797,28.755861210643797,3824.529541015625
38,1,2,0.009000000000000001,339.43029720847807,8.234834646406982,18.42363420198301,34.76845037286932,3824.529541015625
38,1,3,0.009000000000000001,445.0463181871332,10.118013901382007,21.096120927486485,88.94254746547965,3824.529541015625
38,1,4,0.009000000000000001,277.206126345604,6.998493222892284,16.649508291406207,201.2910284745066,3824.529541015625
38,1,5,0.009000000000000001,149.43673843096218,4.986030693631619,12.224432028972233,764.905908203125,3824.529541015625
