epoch,startPos,prefixLength,learnRate,MSE,MAE,RMSE,meanLoss,totalLoss
41,1,mix,0.009000000000000001,427.8128629444698,12.637521162160402,20.683637565584778,12.787640739889707,3913.01806640625
41,1,1,0.009000000000000001,723.218765874017,17.877514822839977,26.892727007018404,29.64407626065341,3913.01806640625
41,1,2,0.009000000000000001,314.8690710918042,7.74887579976995,17.74455046181233,35.25241501266892,3913.01806640625
41,1,3,0.009000000000000001,487.89779077150513,11.063540209736676,22.088408516040833,88.93222878196023,3913.01806640625
41,1,4,0.009000000000000001,284.58553485756636,7.577188735082745,16.869663151870174,205.94831928453948,3913.01806640625
41,1,5,0.009000000000000001,153.41263055172465,4.152847518213093,12.385985247517642,782.60361328125,3913.01806640625
