epoch,startPos,prefixLength,learnRate,MSE,MAE,RMSE,meanLoss,totalLoss
72,1,mix,0.008,884.2765951513995,24.440278996010218,29.73678858167774,22.040135973282442,8661.7734375
72,1,1,0.008,1140.762877759886,27.72378036255638,33.77518138752013,45.1134033203125,8661.7734375
72,1,2,0.008,1005.489987626293,26.344923490827735,31.709462115057914,65.12611607142857,8661.7734375
72,1,3,0.008,769.4615555607936,22.52237328657737,27.739170058976054,173.23546875,8661.7734375
72,1,4,0.008,690.7332972268553,20.518627738952638,26.281805440776996,433.088671875,8661.7734375
72,1,5,0.008,1933.033642185574,32.276430547237396,43.96627846640621,1443.62890625,8661.7734375
