epoch,startPos,prefixLength,learnRate,MSE,MAE,RMSE,meanLoss,totalLoss
19,1,mix,0.01,380.21985228814395,12.243380436722777,19.499226966424693,12.602627913678278,3843.801513671875
19,1,1,0.01,673.2232301906198,17.981759465244764,25.946545631174487,29.119708436908144,3843.801513671875
19,1,2,0.01,334.113725854013,8.261229546773913,18.27877801862075,34.943650124289775,3843.801513671875
19,1,3,0.01,393.31888962374836,9.623520270362496,19.832268897525275,87.35912531072444,3843.801513671875
19,1,4,0.01,266.6059954902568,6.908102580904961,16.32807384507606,202.30534282483552,3843.801513671875
