epoch,startPos,prefixLength,learnRate,MSE,MAE,RMSE,meanLoss,totalLoss
38,1,mix,0.008,407.55887420249786,12.655718268112993,20.188087433001122,12.51272261770148,3803.86767578125
38,1,1,0.008,515.4249032746077,17.98052953597268,22.702971243311033,28.600508840460527,3803.86767578125
38,1,2,0.008,353.93245126106996,8.685314817553651,18.813092549101807,34.580615234375,3803.86767578125
38,1,3,0.008,458.4356433620736,10.283040056343783,21.411110278593064,88.46203897165698,3803.86767578125
38,1,4,0.008,448.33249131348947,10.137815346941352,21.17386340074691,200.20356188322367,3803.86767578125
38,1,5,0.008,557.9873688959134,12.35964830685407,23.621756261885217,760.77353515625,3803.86767578125
