epoch,startPos,prefixLength,learnRate,MSE,MAE,RMSE,meanLoss,totalLoss
20,1,mix,0.01,386.39394966725814,12.277366050531304,19.65690590269125,12.6042736616291,3844.303466796875
20,1,1,0.01,766.1621735868356,19.077284894629635,27.679634636079204,28.904537344337406,3844.303466796875
20,1,2,0.01,325.31579796290436,8.14935043121555,18.036512910285744,34.94821333451704,3844.303466796875
20,1,3,0.01,428.41147073740905,9.846418676305223,20.698103070992016,89.40240620457848,3844.303466796875
20,1,4,0.01,503.25258029682675,11.864747534133494,22.43329178468525,202.33176141036185,3844.303466796875
20,1,5,0.01,157.3554376475286,4.5650789281353354,12.544139573822056,768.860693359375,3844.303466796875
