epoch,startPos,prefixLength,learnRate,MSE,MAE,RMSE,meanLoss,totalLoss
38,1,mix,0.008,391.04287276344206,12.449787310827034,19.774803987990428,12.554320088370902,3829.067626953125
38,1,1,0.008,492.65930745571654,17.522556881146397,22.19592997501381,29.00808808297822,3829.067626953125
38,1,2,0.008,336.3044364508369,8.171302424810294,18.338605084652347,34.80970569957386,3829.067626953125
38,1,3,0.008,419.87864525918326,9.632679811763493,20.490940565508048,89.04808434774709,3829.067626953125
38,1,4,0.008,375.1117749054236,9.439674839377403,19.36780253166124,201.52987510279604,3829.067626953125
38,1,5,0.008,647.7479965824971,14.024931068532169,25.45089382678921,765.813525390625,3829.067626953125
