epoch,startPos,prefixLength,learnRate,MSE,MAE,RMSE,meanLoss,totalLoss
19,1,mix,0.01,397.16200765896735,12.372744081130662,19.92892389616076,12.666567350688734,3850.636474609375
19,1,1,0.01,673.9839567590759,18.53994266587225,25.961200988380256,28.95215394443139,3850.636474609375
19,1,2,0.01,324.0146243316163,8.108746611912336,18.00040622684989,35.0057861328125,3850.636474609375
19,1,3,0.01,411.8229703641653,9.92177448472516,20.293421849559167,89.54968545603198,3850.636474609375
19,1,4,0.01,278.3077377293996,7.199731900542974,16.68255788928663,202.66507761101974,3850.636474609375
19,1,5,0.01,117.3762935092735,3.2915596403181553,10.834034036741508,770.127294921875,3850.636474609375
