epoch,startPos,prefixLength,learnRate,MSE,MAE,RMSE,meanLoss,totalLoss
19,1,mix,0.01,166.48454206718614,4.128244614848174,12.902888903931016,4.262096405029297,681.9354248046875
19,1,1,0.01,186.91061834411312,4.591468963340751,13.671525823554338,5.127334021087876,681.9354248046875
19,1,2,0.01,82.63112433866874,2.2299935771919928,9.09016635374011,25.256867585358798,681.9354248046875
19,1,3,0.01,49.18710617855418,1.3438330553863125,7.01335199305968,227.31180826822916,681.9354248046875
19,1,4,0.01,0.09371697425688338,0.09379387841545395,0.3061322822847721,681.9354248046875,681.9354248046875
