epoch,startPos,prefixLength,learnRate,MSE,MAE,RMSE,meanLoss,totalLoss
60,1,mix,0.008,298.46431817294604,10.178378731683521,17.27611988187585,10.31357421875,7477.34130859375
60,1,1,0.008,425.6119122153311,12.683347561156317,20.630363841079756,59.34397863963294,7477.34130859375
60,1,2,0.008,312.6739357352587,9.507228491349249,17.68258849080809,53.030789422650706,7477.34130859375
60,1,3,0.008,313.43610213643393,9.717141634486616,17.70412669793215,74.7734130859375,7477.34130859375
60,1,4,0.008,311.7078769383169,9.882071881275625,17.655250690327705,95.86335011017628,7477.34130859375
