epoch,startPos,prefixLength,learnRate,MSE,MAE,RMSE,meanLoss,totalLoss
22,1,mix,0.01,297.73991909229494,10.199821901229823,17.255141816058625,10.25754708571058,7416.20654296875
22,1,1,0.01,465.00838754468674,14.041486499714665,21.56405313350639,59.32965234375,7416.20654296875
22,1,2,0.01,310.72541816506447,9.719992484147143,17.627405315731085,52.59720952460106,7416.20654296875
22,1,3,0.01,333.7581271503391,10.009436251968145,18.26904833729275,74.1620654296875,7416.20654296875
22,1,4,0.01,339.7868434249899,10.396432616061679,18.43330798920774,93.87603218947785,7416.20654296875
