epoch,startPos,prefixLength,learnRate,MSE,MAE,RMSE,meanLoss,totalLoss
57,1,mix,0.009000000000000001,916.1120057478636,23.55884073497284,30.26734223132027,20.631853480538922,3445.51953125
57,1,1,0.009000000000000001,782.3318745897529,21.75346649736166,27.970196184327218,24.78791029676259,3445.51953125
57,1,2,0.009000000000000001,1290.8445965879978,30.19402687251568,35.92832582500885,127.61183449074075,3445.51953125
57,1,3,0.009000000000000001,1351.6051818412604,30.53733280301094,36.764183410505126,1148.5065104166667,3445.51953125
57,1,4,0.009000000000000001,237.9940440475039,13.614352434873581,15.427055585804567,3445.51953125,3445.51953125
