epoch,startPos,prefixLength,learnRate,MSE,MAE,RMSE,meanLoss,totalLoss
58,1,mix,0.007,397.6205075656571,12.431550604654113,19.940423956517503,12.551376793032787,3828.169921875
58,1,1,0.007,655.8302382957415,18.324508435064644,25.60918269480191,28.78323249530075,3828.169921875
58,1,2,0.007,335.61834082602564,8.183983683486336,18.319889214349132,34.80154474431818,3828.169921875
58,1,3,0.007,473.39438460891773,10.842452623119408,21.757628193553582,89.02720748546511,3828.169921875
58,1,4,0.007,257.81326663331276,6.701864156126976,16.056564596242644,201.48262746710526,3828.169921875
