epoch,startPos,prefixLength,learnRate,MSE,MAE,RMSE,meanLoss,totalLoss
38,1,mix,0.01,905.8805191454433,24.574455946683884,30.097849078388364,21.99794525301396,8667.1904296875
38,1,1,0.01,1111.6692305596432,27.040445492913324,33.34170407402182,45.14161682128906,8667.1904296875
38,1,2,0.01,935.3734296863332,25.596790633418344,30.583875321586262,65.16684533599624,8667.1904296875
38,1,3,0.01,762.5257220210933,22.01684029897054,27.613868291514198,173.34380859375,8667.1904296875
38,1,4,0.01,591.01872716816,18.733632373809815,24.31087672561728,456.1679173519737,8667.1904296875
