epoch,startPos,prefixLength,learnRate,MSE,MAE,RMSE,meanLoss,totalLoss
134,1,mix,0.0009,397.22282346628236,12.444203149116078,19.930449655396195,12.54785316342213,3827.09521484375
134,1,1,0.0009,650.7956904414607,18.33837095913336,25.51069756869578,28.77515199130639,3827.09521484375
134,1,2,0.0009,339.76663709553003,8.265402679231816,18.432759888186304,34.79177468039773,3827.09521484375
134,1,3,0.0009,472.7140412598821,10.804302316836335,21.741987978560793,89.00221429869185,3827.09521484375
134,1,4,0.0009,254.83523444453832,6.56280452683568,15.963559579383864,201.42606393914474,3827.09521484375
