epoch,startPos,prefixLength,learnRate,MSE,MAE,RMSE,meanLoss,totalLoss
39,1,mix,0.008,413.35736801682714,12.673821426383764,20.331191996949592,12.50505949321546,3801.5380859375
39,1,1,0.008,632.8018133873252,18.157355479162298,25.155552337154617,28.582993127349624,3801.5380859375
39,1,2,0.008,383.4357813468247,9.065274370577315,19.581516318886663,34.55943714488637,3801.5380859375
39,1,3,0.008,488.491973814449,11.03081671944396,22.101854533374546,88.4078624636628,3801.5380859375
39,1,4,0.008,318.2735151421415,7.736145468242467,17.840221835564193,200.08095189144737,3801.5380859375
39,1,5,0.008,157.05421519212533,4.198128125630319,12.532127321094585,760.3076171875,3801.5380859375
