epoch,startPos,prefixLength,learnRate,MSE,MAE,RMSE,meanLoss,totalLoss
19,1,mix,0.01,400.4987402330324,12.532619544451958,20.012464621655983,12.54505235015369,3826.240966796875
19,1,1,0.01,668.5345999015129,18.744417057598405,25.856036043862424,28.768729073660715,3826.240966796875
19,1,2,0.01,336.0508549299397,8.19453664430018,18.331689909278406,34.7840087890625,3826.240966796875
19,1,3,0.01,445.2647928000935,10.125133815814149,21.10129836763827,88.98234806504361,3826.240966796875
19,1,4,0.01,277.4049690814669,7.0062515584751965,16.655478650626254,201.381103515625,3826.240966796875
19,1,5,0.01,151.89365388826116,5.22742526140064,12.324514346953439,765.248193359375,3826.240966796875
