epoch,startPos,prefixLength,learnRate,MSE,MAE,RMSE,meanLoss,totalLoss
19,1,mix,0.01,180.83730358528945,4.529102489962284,13.447576123052416,4.1549419403076175,664.7907104492188
19,1,1,0.01,214.23848119269493,5.256435036432094,14.636887688053596,4.998426394355028,664.7907104492188
19,1,2,0.01,73.74258981135661,2.1680717128462987,8.58735056995792,24.62187816478588,664.7907104492188
19,1,3,0.01,66.09454465033552,2.2500844811289653,8.129855143256583,221.5969034830729,664.7907104492188
19,1,4,0.01,18.140886707020915,1.1407409553339676,4.259211981930568,664.7907104492188,664.7907104492188
