epoch,startPos,prefixLength,learnRate,MSE,MAE,RMSE,meanLoss,totalLoss
20,1,mix,0.01,414.36912404453864,12.685963125173728,20.356058656934024,12.514603464226974,3804.439453125
20,1,1,0.01,604.2423187347188,18.03875553088658,24.581340865272562,28.60480791823308,3804.439453125
20,1,2,0.01,370.5886658410659,8.8230425053244,19.2506796202385,34.58581321022727,3804.439453125
20,1,3,0.01,493.84091512226075,11.098703664812176,22.222531699207018,88.47533611918605,3804.439453125
20,1,4,0.01,317.9146691843828,7.726179873198271,17.830161782339015,200.2336554276316,3804.439453125
20,1,5,0.01,157.08616729334955,4.212853447534144,12.533402063819286,760.887890625,3804.439453125
