epoch,startPos,prefixLength,learnRate,MSE,MAE,RMSE,meanLoss,totalLoss
38,1,mix,0.008,155.59933229471378,3.8843721074525432,12.47394613964297,4.31422718119177,694.590576171875
38,1,1,0.008,173.9558239329939,4.332011881375486,13.18923136247878,5.262049819483901,694.590576171875
38,1,2,0.008,49.83344489190038,1.3954807207338231,7.059280763073557,24.806806291852677,694.590576171875
38,1,3,0.008,21.906936545715734,1.4378600004727105,4.680484648593106,173.64764404296875,694.590576171875
38,1,4,0.008,1.274795255164173e-07,0.0003275906901762937,0.00035704275026447084,694.590576171875,694.590576171875
