epoch,startPos,prefixLength,learnRate,MSE,MAE,RMSE,meanLoss,totalLoss
19,1,mix,0.01,409.14565554066075,12.628902997537335,20.227349197081182,12.586194490131579,3826.203125
19,1,1,0.01,727.7921546245968,18.262316994792357,26.977623220450628,28.768444548872182,3826.203125
19,1,2,0.01,342.6943107342034,8.296049923968635,18.512004503408143,34.78366477272727,3826.203125
19,1,3,0.01,506.2647817692787,11.372966375540603,22.500328481363972,88.98146802325581,3826.203125
19,1,4,0.01,314.75093859034826,7.834897536970675,17.741221451477017,212.56684027777777,3826.203125
19,1,5,0.01,181.30084832744612,4.831774326507002,13.464800344878721,765.240625,3826.203125
