epoch,startPos,prefixLength,learnRate,MSE,MAE,RMSE,meanLoss,totalLoss
19,1,mix,0.01,155.58907425885656,3.884673412936627,12.473534954408736,4.314334466590644,694.6078491210938
19,1,1,0.01,176.932812304083,4.396698244060417,13.301609387742635,5.262180675159801,694.6078491210938
19,1,2,0.01,49.82983221049131,1.3959208461372847,7.059024876744047,24.807423182896205,694.6078491210938
19,1,3,0.01,26.730361617492637,1.9537593473160086,5.170141353724541,173.65196228027344,694.6078491210938
19,1,4,0.01,9.620945587960215e-07,0.000976114405602857,0.0009808641897816545,694.6078491210938,694.6078491210938
