epoch,startPos,prefixLength,learnRate,MSE,MAE,RMSE,meanLoss,totalLoss
210,1,mix,0.0002999999999999998,397.93810313474364,12.449062678382381,19.9483859781874,12.547718685963115,3827.05419921875
210,1,1,0.0002999999999999998,643.3197359405457,18.257593170259938,25.363748459968328,28.774843603148497,3827.05419921875
210,1,2,0.0002999999999999998,335.1029939624795,8.176477088326854,18.30581858214703,34.791401811079545,3827.05419921875
210,1,3,0.0002999999999999998,469.9143622370637,10.778490576554429,21.67750821097904,89.00126044694767,3827.05419921875
210,1,4,0.0002999999999999998,257.8540536215804,6.700091684609651,16.057834649216577,201.42390522203948,3827.05419921875
