epoch,startPos,prefixLength,learnRate,MSE,MAE,RMSE,meanLoss,totalLoss
19,1,mix,0.01,399.8849751510705,12.505413620095505,19.9971241720171,12.632224161116802,3852.828369140625
19,1,1,0.01,729.1238148470912,18.29200385474233,27.002292770190667,28.96863435444079,3852.828369140625
19,1,2,0.01,335.4761625366946,8.247115165119924,18.316008368001324,35.02571244673295,3852.828369140625
19,1,3,0.01,494.6729408641233,11.263729008337991,22.241244139303973,89.60065974745639,3852.828369140625
19,1,4,0.01,215.00331024106663,5.72637128541246,14.662991176464187,202.78044048108552,3852.828369140625
19,1,5,0.01,74.42628183956505,2.3134579544421285,8.627066815526877,642.1380615234375,3852.828369140625
