epoch,startPos,prefixLength,learnRate,MSE,MAE,RMSE,meanLoss,totalLoss
19,1,mix,0.01,413.9642287546553,12.795588223324097,20.346110899989103,12.48713603772615,3796.08935546875
19,1,1,0.01,570.9386409927722,18.246402699218102,23.89432235893649,28.542025229088345,3796.08935546875
19,1,2,0.01,372.88781198164855,9.006790449709765,19.310303259701765,34.50990323153409,3796.08935546875
19,1,3,0.01,465.7098069071921,10.86188360312107,21.580310630461096,88.28114780159883,3796.08935546875
19,1,4,0.01,274.0962547456478,6.928192517906427,16.555852582867722,199.7941766036184,3796.08935546875
19,1,5,0.01,109.97137675417262,2.799428845755756,10.486723833217534,759.21787109375,3796.08935546875
