epoch,startPos,prefixLength,learnRate,MSE,MAE,RMSE,meanLoss,totalLoss
38,1,mix,0.01,827.0767675838166,22.566977725142525,28.7589423933464,20.58439663641467,3437.59423828125
38,1,1,0.01,753.4718436594995,21.58099740339177,27.449441591032404,24.730893800584532,3437.59423828125
38,1,2,0.01,1032.7092361332216,26.32199688628316,32.13579369073093,127.31830512152777,3437.59423828125
38,1,3,0.01,1041.64914063899,26.20940789580345,32.274589705199816,1145.86474609375,3437.59423828125
38,1,4,0.01,558.0279444132939,20.19436538219452,23.622615105303094,3437.59423828125,3437.59423828125
