epoch,startPos,prefixLength,learnRate,MSE,MAE,RMSE,meanLoss,totalLoss
47,1,mix,0.009000000000000001,418.73421489776996,12.577311595137065,20.462996234612614,12.687064376531863,3882.24169921875
47,1,1,0.009000000000000001,720.649755127148,17.589134544280757,26.844920471611534,29.18978721217105,3882.24169921875
47,1,2,0.009000000000000001,339.7244544890336,8.375648139282896,18.431615623407342,34.97515044341216,3882.24169921875
47,1,3,0.009000000000000001,474.84564235341026,10.658236675932585,21.790953222688774,90.28469067950581,3882.24169921875
47,1,4,0.009000000000000001,328.06309079334363,8.410890239998299,18.11251199567149,204.32851048519737,3882.24169921875
47,1,5,0.009000000000000001,79.02102519527999,2.4732031646126416,8.889377098271845,647.040283203125,3882.24169921875
