epoch,startPos,prefixLength,learnRate,MSE,MAE,RMSE,meanLoss,totalLoss
38,1,mix,0.008,520.3729735453268,12.731019619622538,22.811685022052334,12.91437548027664,3938.884521484375
38,1,1,0.008,728.8401391819855,18.05635978110579,26.997039452169297,29.615673093867482,3938.884521484375
38,1,2,0.008,377.2907833112812,9.015470982404493,19.423974446834542,35.485446139498876,3938.884521484375
38,1,3,0.008,427.5290348631219,9.922837053833064,20.67677525300118,91.6019656159157,3938.884521484375
38,1,4,0.008,269.5580735019864,7.444712053833063,16.418223822995788,207.30971165707237,3938.884521484375
38,1,5,0.008,208.60074503532297,7.696274553833064,14.443017172160497,787.776904296875,3938.884521484375
