epoch,startPos,prefixLength,learnRate,MSE,MAE,RMSE,meanLoss,totalLoss
38,1,mix,0.008,519.5283166825697,12.796937403903726,22.79316381467412,12.945936859631148,3948.5107421875
38,1,1,0.008,727.033423962256,17.949293430439653,26.963557331373323,29.688050693139097,3948.5107421875
38,1,2,0.008,368.46310940579286,8.833552857401498,19.195392921370296,35.89555220170455,3948.5107421875
38,1,3,0.008,393.0537764104322,9.463999103555663,19.82558388573795,91.8258312136628,3948.5107421875
38,1,4,0.008,293.7486102695095,7.5227457184155355,17.139095958349422,207.81635485197367,3948.5107421875
38,1,5,0.008,119.71941720978026,3.8138183412629587,10.9416368615386,789.7021484375,3948.5107421875
