epoch,startPos,prefixLength,learnRate,MSE,MAE,RMSE,meanLoss,totalLoss
19,1,mix,0.01,520.2251528154185,12.731308609003655,22.808444769764957,12.914510758196721,3938.92578125
19,1,1,0.01,730.4876084318952,18.090509945100745,27.027534264743707,29.615983317669173,3938.92578125
19,1,2,0.01,371.6838903814109,8.900892345033103,19.279105020239165,35.4858178490991,3938.92578125
19,1,3,0.01,420.3129312063091,9.782196893007495,20.501534850013282,91.60292514534883,3938.92578125
19,1,4,0.01,274.22723028760436,7.514892122120363,16.559807676649037,207.31188322368422,3938.92578125
19,1,5,0.01,218.50534040066788,8.321220900805201,14.781926139737942,787.78515625,3938.92578125
