epoch,startPos,prefixLength,learnRate,MSE,MAE,RMSE,meanLoss,totalLoss
19,1,mix,0.01,155.81651570036243,3.9377247830387203,12.482648585150606,4.306204280497865,693.2988891601562
19,1,1,0.01,179.23002506786574,4.427615881523569,13.387681840702136,5.212773602707942,693.2988891601562
19,1,2,0.01,40.58765190859517,1.4072560330387205,6.370843892970159,24.760674612862722,693.2988891601562
19,1,3,0.01,36.94007897176423,1.2822560330387205,6.077835056314397,173.32472229003906,693.2988891601562
19,1,4,0.01,2.281754028621833,0.2510060330387205,1.5105475923061256,693.2988891601562,693.2988891601562
19,1,5,0.01,1.01210247499718e-06,0.0010060330387204885,0.0010060330387204885,693.2988891601562,693.2988891601562
