epoch,startPos,prefixLength,learnRate,MSE,MAE,RMSE,meanLoss,totalLoss
28,1,mix,0.01,419.24136027494643,12.449617701493166,20.475384252192836,12.749432732077207,3901.326416015625
28,1,1,0.01,717.2736481360914,17.559970279290127,26.781964978994566,29.33328132342575,3901.326416015625
28,1,2,0.01,343.21380662465606,8.438345629730504,18.52603051451271,35.1470848289696,3901.326416015625
28,1,3,0.01,461.89553200555315,10.47296164680103,21.49175497732917,90.72852130268895,3901.326416015625
28,1,4,0.01,318.8611599198266,8.082803722150857,17.856683900428617,205.33296926398026,3901.326416015625
28,1,5,0.01,79.0109441285904,2.4771211876213783,8.88881005132804,650.2210693359375,3901.326416015625
