epoch,startPos,prefixLength,learnRate,MSE,MAE,RMSE,meanLoss,totalLoss
37,1,mix,0.01,923.8581138591499,25.79067540409589,30.39503436186822,25.52765515385842,10006.8408203125
37,1,1,0.01,814.3216966626545,24.503987510999043,28.536322409565226,52.11896260579427,10006.8408203125
37,1,2,0.01,853.9349116159274,24.413022321813248,29.2221647318594,75.23940466400376,10006.8408203125
37,1,3,0.01,1155.60377071368,28.700031427236702,33.994172599339436,200.13681640625,10006.8408203125
37,1,4,0.01,1623.525232640654,36.18242416381836,40.29299235153247,526.6758326480264,10006.8408203125
37,1,5,0.01,1715.7901420034468,37.45139789581299,41.422097267080126,2001.3681640625,10006.8408203125
