epoch,startPos,prefixLength,learnRate,MSE,MAE,RMSE,meanLoss,totalLoss
191,1,mix,0.0003999999999999998,405.8736659449756,12.66192561791992,20.14630650876174,12.499257972592213,3812.273681640625
191,1,1,0.0003999999999999998,644.6248417239597,18.204999424517155,25.389463202753216,28.663711892034776,3812.273681640625
191,1,2,0.0003999999999999998,359.4478382571756,8.572545850383383,18.95910963777507,34.657033469460224,3812.273681640625
191,1,3,0.0003999999999999998,450.98332610435426,10.529784758321263,21.236368006426012,88.65752748001454,3812.273681640625
191,1,4,0.0003999999999999998,329.802634072207,8.106617315486073,18.160468993729403,200.6459832442434,3812.273681640625
