epoch,startPos,prefixLength,learnRate,MSE,MAE,RMSE,meanLoss,totalLoss
210,1,mix,0.00019999999999999982,405.8689038009217,12.661877624811483,20.146188319404782,12.499129898821721,3812.234619140625
210,1,1,0.00019999999999999982,644.5509862302507,18.204053611692153,25.388008709433095,28.663418189027254,3812.234619140625
210,1,2,0.00019999999999999982,359.33677971873345,8.551465257869236,18.956180515038714,34.656678355823864,3812.234619140625
210,1,3,0.00019999999999999982,444.6492297842837,10.414574875750326,21.086707419231757,88.65661904978198,3812.234619140625
210,1,4,0.00019999999999999982,329.79706539154006,8.106349885091186,18.16031567433617,200.64392732319078,3812.234619140625
