epoch,startPos,prefixLength,learnRate,MSE,MAE,RMSE,meanLoss,totalLoss
48,1,mix,0.01,1067.798645821627,27.928472721860523,32.677188462620634,21.220760139876496,3543.866943359375
48,1,1,0.01,821.2152933015902,24.33189845425742,28.65685421154231,25.49544563567896,3543.866943359375
48,1,2,0.01,739.9769201516958,22.371820560523442,27.202516798114395,126.56667654854911,3543.866943359375
48,1,3,0.01,597.0298115595099,21.13306313753128,24.434193491079462,1181.2889811197917,3543.866943359375
48,1,4,0.01,308.2082365343542,17.073502600193024,17.555860461234996,3543.866943359375,3543.866943359375
