epoch,startPos,prefixLength,learnRate,MSE,MAE,RMSE,meanLoss,totalLoss
58,1,mix,0.007,407.0904439697773,12.770920313845732,20.176482447884155,12.482694031762295,3807.2216796875
58,1,1,0.007,611.2870894094401,17.795136895359438,24.72422070378438,28.62572691494361,3807.2216796875
58,1,2,0.007,378.74954965658253,9.133240536187909,19.46148888591473,34.2992944115991,3807.2216796875
58,1,3,0.007,518.1835710027789,11.741362358358773,22.76364581965681,88.5400390625,3807.2216796875
58,1,4,0.007,285.4972392604055,6.979806163161993,16.896663554098645,200.38008840460526,3807.2216796875
