epoch,startPos,prefixLength,learnRate,MSE,MAE,RMSE,meanLoss,totalLoss
172,1,mix,0.0005999999999999998,405.89308455674166,12.661934568728139,20.14678844274545,12.49942126664959,3812.323486328125
172,1,1,0.0005999999999999998,647.9133218485488,18.248300571276836,25.454141546093215,28.66408636336936,3812.323486328125
172,1,2,0.0005999999999999998,358.83451686221014,8.542988426916834,18.94292788515572,34.65748623934659,3812.323486328125
172,1,3,0.0005999999999999998,445.9298419367467,10.393717981028287,21.117050976325903,88.65868572856105,3812.323486328125
172,1,4,0.0005999999999999998,329.803677455296,8.106602958589793,18.16049772047275,200.64860454358552,3812.323486328125
