epoch,startPos,prefixLength,learnRate,MSE,MAE,RMSE,meanLoss,totalLoss
20,1,mix,0.01,406.661956094944,12.66086860825973,20.165861154310868,12.518733990778689,3818.2138671875
20,1,1,0.01,648.8659633520349,18.228847694498572,25.47284757054136,28.7083749412594,3818.2138671875
20,1,2,0.01,357.99464616135003,8.525535342483115,18.92074644831303,34.71103515625,3818.2138671875
20,1,3,0.01,478.716561884868,11.815332399935208,21.879592361030586,88.79567132994185,3818.2138671875
20,1,4,0.01,329.73084667716654,8.106675229594112,18.158492412013903,200.95862458881578,3818.2138671875
