epoch,startPos,prefixLength,learnRate,MSE,MAE,RMSE,meanLoss,totalLoss
154,1,mix,0.0006999999999999999,406.5502132377518,12.76363401563446,20.163090369230403,12.47554991675205,3805.042724609375
154,1,1,0.0006999999999999999,670.2738103980802,17.83913504409001,25.88964678009494,28.60934379405545,3805.042724609375
154,1,2,0.0006999999999999999,379.55761522512097,9.15459711596902,19.482238455196082,34.27966418567004,3805.042724609375
154,1,3,0.0006999999999999999,522.5446037303408,11.81910172037103,22.859234539466556,88.48936568859011,3805.042724609375
154,1,4,0.0006999999999999999,285.3730572673768,6.985923231393099,16.892988405470977,200.26540655838815,3805.042724609375
