epoch,startPos,prefixLength,learnRate,MSE,MAE,RMSE,meanLoss,totalLoss
110,1,mix,0.008,1371.9161849940851,31.44857423788025,37.03938694139099,20.364659840475298,3400.898193359375
110,1,1,0.008,1479.1994129188533,33.28646622896194,38.46036158070869,24.466893477405577,3400.898193359375
110,1,2,0.008,675.1745829366289,20.30596602814538,25.984121746494125,121.46064976283482,3400.898193359375
110,1,3,0.008,422.3760385133328,16.05975842475891,20.551789180344684,1133.6327311197917,3400.898193359375
110,1,4,0.008,736.5475371304701,23.195703387260437,27.139409299586276,3400.898193359375,3400.898193359375
