epoch,startPos,prefixLength,learnRate,MSE,MAE,RMSE,meanLoss,totalLoss
58,1,mix,0.007,403.66726719945126,12.573495287109505,20.091472499532017,12.51096544767681,3803.33349609375
58,1,1,0.007,614.4320970192579,18.08713648186037,24.78774086154803,28.596492451832706,3803.33349609375
58,1,2,0.007,393.35661498096636,10.626934457171176,19.833219985190663,34.575759055397725,3803.33349609375
58,1,3,0.007,490.9801375676111,11.262746142533919,22.158071612114874,90.55555943080357,3803.33349609375
58,1,4,0.007,255.65597781197977,6.248532050102949,15.989245692401495,200.17544716282896,3803.33349609375
