epoch,startPos,prefixLength,learnRate,MSE,MAE,RMSE,meanLoss,totalLoss
115,1,mix,0.002,405.9369736657132,12.662016794351596,20.147877646683117,12.500263351690574,3812.580322265625
115,1,1,0.002,645.5098877721965,18.210282198294546,25.406886620997003,28.666017460643797,3812.580322265625
115,1,2,0.002,359.3830038564755,8.57292804361454,18.957399712420358,34.65982111150568,3812.580322265625
115,1,3,0.002,449.40994418185494,10.532030255279757,21.199291124512982,88.66465865734011,3812.580322265625
115,1,4,0.002,329.79020142244576,8.106653467193246,18.160126690704715,200.6621222245066,3812.580322265625
