epoch,startPos,prefixLength,learnRate,MSE,MAE,RMSE,meanLoss,totalLoss
35,1,mix,0.01,876.6893504555239,24.62764831465118,29.6089403804919,22.109074328085242,8688.8662109375
35,1,1,0.01,849.4942713606059,23.372504104549687,29.14608500915013,45.25451151529948,8688.8662109375
35,1,2,0.01,879.1461347645723,25.058438138528302,29.650398559961587,65.32982113486842,8688.8662109375
35,1,3,0.01,1090.894184336483,28.295342151935284,33.02868729357077,173.77732421875,8688.8662109375
35,1,4,0.01,1267.9212127603528,30.994900727272032,35.60788132928373,457.30874794407896,8688.8662109375
