epoch,startPos,prefixLength,learnRate,MSE,MAE,RMSE,meanLoss,totalLoss
43,1,mix,0.009000000000000001,274.12587226853987,9.663274555578829,16.556747031604363,10.336299859610769,7535.16259765625
43,1,1,0.009000000000000001,421.2292743489997,12.783954730140977,20.52387084224123,59.80287775917659,7535.16259765625
43,1,2,0.009000000000000001,321.2991576136031,10.017219968967968,17.924819597797995,53.44086948692376,7535.16259765625
43,1,3,0.009000000000000001,321.0151324458938,10.017736129734354,17.916895167575596,74.60557027382426,7535.16259765625
43,1,4,0.009000000000000001,289.45178266304066,9.457836645802384,17.013282536390225,95.38180503362342,7535.16259765625
