epoch,startPos,prefixLength,learnRate,MSE,MAE,RMSE,meanLoss,totalLoss
43,1,mix,0.01,749.5736338351813,22.410436516716366,27.378342423075605,21.103265636695358,3524.245361328125
43,1,1,0.01,841.6624513763984,22.847578129172327,29.011419327161477,25.35428317502248,3524.245361328125
43,1,2,0.01,659.1740265664492,20.561713899884904,25.674384638515665,125.86590576171875,3524.245361328125
43,1,3,0.01,697.3228159964021,20.66638833284378,26.406870621041072,1174.7484537760417,3524.245361328125
43,1,4,0.01,732.7730231415226,21.461987257003784,27.069780626032465,3524.245361328125,3524.245361328125
