epoch,startPos,prefixLength,learnRate,MSE,MAE,RMSE,meanLoss,totalLoss
62,1,mix,0.008,275.6404809429004,9.653160135197853,16.60242394781257,10.322126977237655,7524.83056640625
62,1,1,0.008,409.44109484055843,12.49380559148267,20.23465084553125,59.720877511160715,7524.83056640625
62,1,2,0.008,325.7216271388163,10.270611750893295,18.04775961549844,53.367592669547875,7524.83056640625
62,1,3,0.008,323.7379202602882,10.177822798956186,17.992718534459662,74.50327293471534,7524.83056640625
62,1,4,0.008,293.2713338322589,9.684775210622893,17.125166680422673,95.25101982792721,7524.83056640625
