epoch,startPos,prefixLength,learnRate,MSE,MAE,RMSE,meanLoss,totalLoss
86,1,mix,0.007,760.4255158857881,21.800299993583135,27.575813965970035,20.390266829622007,3405.174560546875
86,1,1,0.007,765.3887556826903,21.779812828132084,27.665660224955598,24.497658708970324,3405.174560546875
86,1,2,0.007,589.5556484766577,18.967169685023173,24.280767048770468,121.61337716238839,3405.174560546875
86,1,3,0.007,633.3332808414596,19.301716148853302,25.166113741328033,1135.0581868489583,3405.174560546875
86,1,4,0.007,599.2320859041711,20.62705171108246,24.479217428344622,3405.174560546875,3405.174560546875
