epoch,startPos,prefixLength,learnRate,MSE,MAE,RMSE,meanLoss,totalLoss
38,1,mix,0.008,174.4519075729463,4.282534853736593,13.208024362975195,4.21508560180664,674.4136962890625
38,1,1,0.008,194.67038184522718,4.672945316610387,13.952432828909343,5.109194668856534,674.4136962890625
38,1,2,0.008,91.4981632812799,2.5291489333548367,9.56546722754722,24.08620343889509,674.4136962890625
38,1,3,0.008,7.890695782493202,0.8594554627657089,2.809038230870702,224.8045654296875,674.4136962890625
38,1,4,0.008,5.312475790150504,1.2500224782706937,2.3048808624635035,674.4136962890625,674.4136962890625
