epoch,startPos,prefixLength,learnRate,MSE,MAE,RMSE,meanLoss,totalLoss
19,1,mix,0.01,174.44754473427307,4.282627880086671,13.207859203302899,4.214794921875,674.3671875
19,1,1,0.01,195.00831334792286,4.670723470274531,13.96453770620148,5.108842329545454,674.3671875
19,1,2,0.01,91.49598281168348,2.5292409023848967,9.565353250752608,24.084542410714285,674.3671875
19,1,3,0.01,7.890197276505551,0.8283691168307996,2.808949496966001,224.7890625,674.3671875
19,1,4,0.01,3.578044486104074,0.7657748178335169,1.8915719616509634,674.3671875,674.3671875
