epoch,startPos,prefixLength,learnRate,MSE,MAE,RMSE,meanLoss,totalLoss
39,1,mix,0.008,403.95435870508425,12.5761572262877,20.098615840527035,12.513211702045641,3804.016357421875
39,1,1,0.008,609.3473413448944,18.056808875252802,24.68496184613001,28.601626747532894,3804.016357421875
39,1,2,0.008,377.3068953686089,9.846252385127757,19.424389189073846,34.58196688565341,3804.016357421875
39,1,3,0.008,488.1486887416144,11.168227507888028,22.094087189599268,90.57181803385417,3804.016357421875
39,1,4,0.008,255.11701830925617,6.234334366023541,15.972382987809182,200.21138723273026,3804.016357421875
