epoch,startPos,prefixLength,learnRate,MSE,MAE,RMSE,meanLoss,totalLoss
134,1,mix,0.0009,405.9195759788319,12.662548409460427,20.147445892192685,12.4995373335041,3812.35888671875
134,1,1,0.0009,646.0135609374291,18.20917333143227,25.41679682685112,28.664352531719924,3812.35888671875
134,1,2,0.0009,357.30014877056044,8.515155404273953,18.902384737661023,34.65780806107954,3812.35888671875
134,1,3,0.0009,461.10191364861424,10.803967196663672,21.473283718346718,88.6595089934593,3812.35888671875
134,1,4,0.0009,329.8144331746264,8.107090646401048,18.160793847588998,200.65046772203948,3812.35888671875
