epoch,startPos,prefixLength,learnRate,MSE,MAE,RMSE,meanLoss,totalLoss
87,1,mix,0.009000000000000001,1351.4886902915393,31.20121301355816,36.762599068775586,20.383998117047156,3404.127685546875
87,1,1,0.009000000000000001,1472.6097732418343,33.232080570289064,38.37459802058954,24.49012723415018,3404.127685546875
87,1,2,0.009000000000000001,664.2940936185458,20.143636780125753,25.773903344634196,121.57598876953125,3404.127685546875
87,1,3,0.009000000000000001,390.3769342996759,15.73104876279831,19.757958758426334,1134.709228515625,3404.127685546875
87,1,4,0.009000000000000001,796.737610072938,22.411623239517212,28.226540880400808,3404.127685546875,3404.127685546875
