epoch,startPos,prefixLength,learnRate,MSE,MAE,RMSE,meanLoss,totalLoss
97,1,mix,0.003,409.153558511405,12.777791124584741,20.227544549732304,12.499969582479508,3812.49072265625
97,1,1,0.003,583.2611600255254,17.662806058412087,24.150800401343336,28.6653437793703,3812.49072265625
97,1,2,0.003,384.1967365593567,9.243762605357915,19.600937134722837,34.34676326717342,3812.49072265625
97,1,3,0.003,508.9353999946879,11.569254284724593,22.559596627481792,88.66257494549419,3812.49072265625
97,1,4,0.003,285.00538449553835,6.952653746306896,16.882102490375374,200.6574064555921,3812.49072265625
