epoch,startPos,prefixLength,learnRate,MSE,MAE,RMSE,meanLoss,totalLoss
81,1,mix,0.007,736.4357135369426,22.1553055587269,27.137349051389354,20.974583060441617,3502.75537109375
81,1,1,0.007,885.4608765130466,23.36849093352045,29.756694650331152,25.199678928732013,3502.75537109375
81,1,2,0.007,665.1693476116427,20.451430337769644,25.79087721679204,125.09840611049107,3502.75537109375
81,1,3,0.007,546.1271179911619,17.692100524902344,23.369362806699755,1167.5851236979167,3502.75537109375
81,1,4,0.007,1814.0686868376306,38.27001166343689,42.591885222864114,3502.75537109375,3502.75537109375
