epoch,startPos,prefixLength,learnRate,MSE,MAE,RMSE,meanLoss,totalLoss
57,1,mix,0.007,174.44312525286674,4.283017073041908,13.207691897256945,4.214379119873047,674.3006591796875
57,1,1,0.007,196.41516870049622,4.69957960883887,14.014819609987715,5.108338327118845,674.3006591796875
57,1,2,0.007,91.49324480943665,2.529679276006521,9.56521012886997,24.082166399274552,674.3006591796875
57,1,3,0.007,12.013744757500973,1.0162890767751378,3.4660849322399723,224.76688639322916,674.3006591796875
57,1,4,0.007,0.4216700046190635,0.11023306712831982,0.6493612281458322,674.3006591796875,674.3006591796875
