epoch,startPos,prefixLength,learnRate,MSE,MAE,RMSE,meanLoss,totalLoss
20,1,mix,0.01,404.10605939822074,12.582578463117024,20.10238939524903,12.515064440275493,3804.57958984375
20,1,1,0.01,619.8010128253259,18.100446930550266,24.895803116696715,28.605861577772558,3804.57958984375
20,1,2,0.01,376.4929530977889,9.766526998685938,19.403426323662245,34.587087180397724,3804.57958984375
20,1,3,0.01,475.50339332956986,10.861477516125888,21.806040294596585,90.5852283296131,3804.57958984375
20,1,4,0.01,256.1590253905054,6.289717394858599,16.00496877193159,200.2410310444079,3804.57958984375
