epoch,startPos,prefixLength,learnRate,MSE,MAE,RMSE,meanLoss,totalLoss
63,1,mix,0.008,763.2339721391098,22.833631593962107,27.626689489316483,22.16751152989822,8711.83203125
63,1,1,0.008,784.8347799878167,23.214344973365467,28.014902819531905,45.374125162760414,8711.83203125
63,1,2,0.008,750.3169907567994,22.987325440434848,27.391914696800576,65.50249647556392,8711.83203125
63,1,3,0.008,736.5449766571611,22.354259674365704,27.139362126939556,174.236640625,8711.83203125
63,1,4,0.008,498.00928508849995,18.281673741340636,22.31612164083401,435.5916015625,8711.83203125
