epoch,startPos,prefixLength,learnRate,MSE,MAE,RMSE,meanLoss,totalLoss
48,1,mix,0.01,735.0418486241701,21.554215402830216,27.111655217344627,20.435928436096557,3412.800048828125
48,1,1,0.01,775.9412042896508,21.88462676150458,27.855721212879246,24.552518336892987,3412.800048828125
48,1,2,0.01,602.3697168877603,19.434604482991354,24.543221404040676,121.88571602957589,3412.800048828125
48,1,3,0.01,574.0263727482106,18.53429090976715,23.958847483721136,1137.6000162760417,3412.800048828125
48,1,4,0.01,726.564361403405,23.111458599567413,26.95485784424405,3412.800048828125,3412.800048828125
