epoch,startPos,prefixLength,learnRate,MSE,MAE,RMSE,meanLoss,totalLoss
96,1,mix,0.003,406.02636923294745,12.66233886947686,20.15009601051438,12.500842085040984,3812.7568359375
96,1,1,0.003,644.8093763321459,18.200950607375212,25.39309702128013,28.66734463110902,3812.7568359375
96,1,2,0.003,358.23334999513435,8.530781774382506,18.927053389134144,34.66142578125,3812.7568359375
96,1,3,0.003,446.77221072999333,10.454941949383779,21.13698679400622,88.66876362645348,3812.7568359375
96,1,4,0.003,329.8160221346884,8.107056476920842,18.160837594524335,200.67141241776315,3812.7568359375
