epoch,startPos,prefixLength,learnRate,MSE,MAE,RMSE,meanLoss,totalLoss
39,1,mix,0.008,408.7468930990453,12.767417457959565,20.217489782340568,12.484033203125,3807.630126953125
39,1,1,0.008,601.6943272025841,17.63022934311234,24.529458355263046,28.62879794701598,3807.630126953125
39,1,2,0.008,374.34354701326225,9.112244634689498,19.34795976358392,34.30297411669482,3807.630126953125
39,1,3,0.008,525.7134530794731,11.88697620159523,22.92844201160369,88.54953783611919,3807.630126953125
39,1,4,0.008,285.7144226101485,7.008122389763594,16.903089144004078,200.40158562911185,3807.630126953125
