epoch,startPos,prefixLength,learnRate,MSE,MAE,RMSE,meanLoss,totalLoss
77,1,mix,0.005,406.0465382040109,12.664681940012938,20.150596472660826,12.50215404072746,3813.156982421875
77,1,1,0.005,645.8508265386974,18.209414020688698,25.41359530917846,28.670353251292294,3813.156982421875
77,1,2,0.005,362.74518204824506,8.66242978608768,19.04587047231617,34.6650634765625,3813.156982421875
77,1,3,0.005,456.00361529433974,10.666826637461782,21.354241154729422,88.67806935864826,3813.156982421875
77,1,4,0.005,329.7818251607065,8.106522069498897,18.159896066902654,200.69247275904604,3813.156982421875
