epoch,startPos,prefixLength,learnRate,MSE,MAE,RMSE,meanLoss,totalLoss
192,1,mix,0.0003999999999999998,406.4428817120874,12.763738906721732,20.160428609334858,12.474847912397541,3804.82861328125
192,1,1,0.0003999999999999998,681.0792827260213,18.016097418799557,26.097495717520893,28.607733934445488,3804.82861328125
192,1,2,0.0003999999999999998,372.9059824603622,9.02534645489816,19.31077374059264,34.27773525478604,3804.82861328125
192,1,3,0.0003999999999999998,519.4915953584859,11.783899480984969,22.792358266719262,88.48438635537791,3804.82861328125
192,1,4,0.0003999999999999998,285.3367040295822,6.98507622256875,16.89191238520915,200.2541375411184,3804.82861328125
