epoch,startPos,prefixLength,learnRate,MSE,MAE,RMSE,meanLoss,totalLoss
173,1,mix,0.0005999999999999998,406.4635347425592,12.764103338955657,20.16094081987642,12.475197713883198,3804.935302734375
173,1,1,0.0005999999999999998,671.7444462674046,17.87080008038046,25.918033225293243,28.608536110784776,3804.935302734375
173,1,2,0.0005999999999999998,380.3368996473356,9.18574570425387,19.502228068796025,34.2786964210304,3804.935302734375
173,1,3,0.0005999999999999998,521.3618393969036,11.822023483501239,22.833349281191833,88.48686750545058,3804.935302734375
173,1,4,0.0005999999999999998,285.72062013795636,7.02036460712552,16.903272468310874,200.2597527754934,3804.935302734375
