epoch,startPos,prefixLength,learnRate,MSE,MAE,RMSE,meanLoss,totalLoss
135,1,mix,0.0009,406.7128401443741,12.764675281647788,20.167122753243063,12.47617027407787,3805.23193359375
135,1,1,0.0009,672.7230607203337,17.95265841982601,25.936905380564077,28.61076641799812,3805.23193359375
135,1,2,0.0009,383.5961818536174,9.19445775189836,19.585611602745967,34.28136877111486,3805.23193359375
135,1,3,0.0009,524.810361011067,11.915459510277618,22.908739839001775,88.49376589752907,3805.23193359375
135,1,4,0.0009,285.03398292262887,6.953682054579258,16.882949473437066,200.27536492598685,3805.23193359375
