epoch,startPos,prefixLength,learnRate,MSE,MAE,RMSE,meanLoss,totalLoss
39,1,mix,0.008,405.2661369572655,12.661760499386432,20.13122293744882,12.505697681864755,3814.23779296875
39,1,1,0.008,652.2857704390836,18.27328009130151,25.53988587365033,28.67847964638158,3814.23779296875
39,1,2,0.008,355.1988883764163,8.541651495665844,18.84672089187974,34.67488902698864,3814.23779296875
39,1,3,0.008,446.12242633356493,10.42210473543541,21.121610410514748,88.70320448764535,3814.23779296875
39,1,4,0.008,329.8258691257819,8.107984539866447,18.161108697592827,200.74935752467104,3814.23779296875
