epoch,startPos,prefixLength,learnRate,MSE,MAE,RMSE,meanLoss,totalLoss
153,1,mix,0.0006999999999999999,405.85555059495994,12.662836242733258,20.145856908926955,12.499488505379098,3812.343994140625
153,1,1,0.0006999999999999999,646.3714525231818,18.232251514821794,25.423836306174994,28.66424055744831,3812.343994140625
153,1,2,0.0006999999999999999,358.82114622053075,8.543590147447373,18.942574962779762,34.65767267400568,3812.343994140625
153,1,3,0.0006999999999999999,444.3589253113376,10.395588917657733,21.079822705880087,88.65916265443315,3812.343994140625
153,1,4,0.0006999999999999999,329.79054051674746,8.106689212471247,18.160136026934033,200.64968390213815,3812.343994140625
