epoch,startPos,prefixLength,learnRate,MSE,MAE,RMSE,meanLoss,totalLoss
44,1,mix,0.01,777.9959471191005,23.0335658101403,27.8925787104581,22.19178395356234,8721.37109375
44,1,1,0.01,807.297359909322,23.56184444700678,28.412978722923825,45.423807779947914,8721.37109375
44,1,2,0.01,753.282324620958,23.054202020168304,27.445989226496426,65.57421875,8721.37109375
44,1,3,0.01,738.0095998286704,22.44433156343607,27.166332101126027,174.427421875,8721.37109375
44,1,4,0.01,506.9352164700489,18.584273195266725,22.515221883651268,436.0685546875,8721.37109375
