epoch,startPos,prefixLength,learnRate,MSE,MAE,RMSE,meanLoss,totalLoss
77,1,mix,0.005,403.4831923698402,12.572967822917484,20.08689105784766,12.508281506990132,3802.517578125
77,1,1,0.005,596.5485368848933,18.023122978255603,24.424343120847556,28.590357730263158,3802.517578125
77,1,2,0.005,394.1043885392286,10.64909568774913,19.85206257644854,34.56834161931818,3802.517578125
77,1,3,0.005,476.0526664117549,10.9068325557746,21.81863117639956,90.5361328125,3802.517578125
77,1,4,0.005,255.5156130245378,6.23817950412631,15.984855739872593,200.1325041118421,3802.517578125
