epoch,startPos,prefixLength,learnRate,MSE,MAE,RMSE,meanLoss,totalLoss
211,1,mix,0.00019999999999999982,406.4271325657303,12.763601428927167,20.160038010026923,12.474590964395492,3804.750244140625
211,1,1,0.00019999999999999982,674.9856482441519,17.868778371361685,25.98048591239494,28.607144692786655,3804.750244140625
211,1,2,0.00019999999999999982,378.39680387625805,9.139992318847883,19.452424113108837,34.27702922649212,3804.750244140625
211,1,3,0.00019999999999999982,526.1756881452188,11.938348325816067,22.938519746165376,88.48256381722383,3804.750244140625
211,1,4,0.00019999999999999982,285.3502035609958,6.984955520182848,16.892311966128137,200.2500128495066,3804.750244140625
