epoch,startPos,prefixLength,learnRate,MSE,MAE,RMSE,meanLoss,totalLoss
59,1,mix,0.009000000000000001,295.48900394358895,10.443352598482026,17.18979359805082,10.447542227536358,7543.12548828125
59,1,1,0.009000000000000001,450.7019290863798,13.181181850872235,21.22974161610027,60.34500390625,7543.12548828125
59,1,2,0.009000000000000001,317.32036395049425,9.38385813421337,17.813488258914767,53.4973438885195,7543.12548828125
59,1,3,0.009000000000000001,324.33372723512565,9.65215687958058,18.009267815075816,75.4312548828125,7543.12548828125
59,1,4,0.009000000000000001,313.9136651893598,9.75114147856657,17.717608901580366,96.7067370292468,7543.12548828125
