epoch,startPos,prefixLength,learnRate,MSE,MAE,RMSE,meanLoss,totalLoss
50,1,mix,0.009000000000000001,874.3217273335239,23.548551425635814,29.56893179222956,22.25644979671556,8724.5283203125
50,1,1,0.009000000000000001,774.0681106682223,21.967612501233816,27.822079553265286,45.44025166829427,8724.5283203125
50,1,2,0.009000000000000001,858.3302965874245,24.49190479516983,29.29727455903406,66.09491151751894,8724.5283203125
50,1,3,0.009000000000000001,714.1697029675544,22.675305063907917,26.723953730081828,174.49056640625,8724.5283203125
50,1,4,0.009000000000000001,835.6937342452833,21.465344262123107,28.908367893142692,459.18570106907896,8724.5283203125
