epoch,startPos,prefixLength,learnRate,MSE,MAE,RMSE,meanLoss,totalLoss
305,3,mix,0.007500000000000012,342.58000980624615,10.162936623584336,18.508917034938758,9.658165517479482,956.1583862304688
305,3,3,0.007500000000000012,352.892767780496,10.378007689365544,18.785440313724244,9.658165517479482,956.1583862304688
305,3,4,0.007500000000000012,311.75829771004277,9.670924518434774,17.656678558269185,12.417641379616477,956.1583862304688
