epoch,startPos,prefixLength,learnRate,MSE,MAE,RMSE,meanLoss,totalLoss
384,4,mix,0.00680000000000001,359.19788679258374,8.837885684520007,18.95251663480562,7.8347015380859375,148.8593292236328
384,4,4,0.00680000000000001,362.39772864024695,8.93788052648306,19.036746797713285,7.8347015380859375,148.8593292236328
384,4,5,0.00680000000000001,187.16054076677332,6.859704904258251,13.680663023653983,29.771865844726562,148.8593292236328
