epoch,startPos,prefixLength,learnRate,MSE,MAE,RMSE,meanLoss,totalLoss
169,2,mix,0.008800000000000007,793.0632949089824,23.66765613447536,28.16137949229374,23.134877599271615,3076.938720703125
169,2,2,0.008800000000000007,791.4067402442047,23.676486170653142,28.131952300617257,23.134877599271615,3076.938720703125
169,2,3,0.008800000000000007,727.987171469338,22.86485661451633,26.98123739692711,61.5387744140625,3076.938720703125
169,2,4,0.008800000000000007,684.3979724069208,22.573382878303526,26.161000982510604,161.94414319490133,3076.938720703125
