epoch,startPos,prefixLength,learnRate,MSE,MAE,RMSE,meanLoss,totalLoss
104,4,mix,0.009200000000000005,564.6357459782969,18.348558712005616,23.762065271737153,19.972661068564967,379.4805603027344
104,4,4,0.009200000000000005,566.7411786511026,18.36050479412079,23.806326441748684,19.972661068564967,379.4805603027344
104,4,5,0.009200000000000005,749.6492912684134,23.92655873298645,27.37972409043622,75.89611206054687,379.4805603027344
