epoch,startPos,prefixLength,learnRate,MSE,MAE,RMSE,meanLoss,totalLoss
96,1,mix,0.004,787.6497807180027,22.231792566676933,28.065098979301723,21.330398559570312,4095.4365234375
96,1,1,0.004,791.8282361558216,22.311841399719317,28.139442712246836,21.330398559570312,4095.4365234375
96,1,2,0.004,1299.4647985585543,29.326573202104278,36.048090081980135,30.79275581531955,4095.4365234375
96,1,3,0.004,1839.9484278484563,37.10480254430037,42.894620033851055,81.90873046875,4095.4365234375
96,1,4,0.004,2057.4487398420047,40.890974617004396,45.35910867556818,215.54929070723685,4095.4365234375
