epoch,startPos,prefixLength,learnRate,MSE,MAE,RMSE,meanLoss,totalLoss
74,3,mix,0.009500000000000003,666.8041912480901,21.063943652006294,25.822551989454684,21.5904931640625,1079.524658203125
74,3,3,0.009500000000000003,674.8629839361801,21.05144171531384,25.97812510432922,21.5904931640625,1079.524658203125
74,3,4,0.009500000000000003,655.914672667147,21.416443014144896,25.61083115924095,56.817087273848685,1079.524658203125
74,3,5,0.009500000000000003,1300.5242497043928,33.283975034952164,36.062782057190105,215.904931640625,1079.524658203125
