epoch,startPos,prefixLength,learnRate,MSE,MAE,RMSE,meanLoss,totalLoss
153,4,mix,0.008800000000000007,305.1283263549069,7.922676623053849,17.467922783058864,7.647695440995066,145.30621337890625
153,4,4,0.008800000000000007,306.5347266591946,8.01642662305385,17.508133157455553,7.647695440995066,145.30621337890625
153,4,5,0.008800000000000007,175.89239504093769,5.977364122867584,13.26244302686868,29.06124267578125,145.30621337890625
