epoch,startPos,prefixLength,learnRate,MSE,MAE,RMSE,meanLoss,totalLoss
247,3,mix,0.008000000000000012,345.59685007447604,10.159333239990072,18.590235342094946,9.660507664535984,956.3902587890625
247,3,3,0.008000000000000012,345.74239137457454,10.20977968036627,18.59414938561521,9.660507664535984,956.3902587890625
247,3,4,0.008000000000000012,307.47786836579377,9.512828096237389,17.535046859526602,12.420652711546266,956.3902587890625
