epoch,startPos,prefixLength,learnRate,MSE,MAE,RMSE,meanLoss,totalLoss
363,3,mix,0.0070000000000000106,77.65554381299388,2.3561802822628124,8.812238297560608,2.373098532358805,28.477182388305664
363,3,3,0.0070000000000000106,77.65554439047199,2.3561795655944024,8.812238330326297,2.373098532358805,28.477182388305664
363,3,4,0.0070000000000000106,107.89492855031655,3.1100987583840833,10.387248362791588,9.49239412943522,28.477182388305664
