epoch,startPos,prefixLength,learnRate,MSE,MAE,RMSE,meanLoss,totalLoss
50,2,mix,0.009800000000000001,304.76443769033193,7.550979636343462,17.457503764580203,8.631337758657095,958.0784912109375
50,2,2,0.009800000000000001,307.7889582831535,7.636384233832359,17.543915135543532,8.631337758657095,958.0784912109375
50,2,3,0.009800000000000001,467.06184177235303,11.082083279266953,21.61161358557831,22.280895144440407,958.0784912109375
50,2,4,0.009800000000000001,298.18773126015003,7.380279079452157,17.268113135491962,50.42518374794408,958.0784912109375
