epoch,startPos,prefixLength,learnRate,MSE,MAE,RMSE,meanLoss,totalLoss
419,4,mix,0.006500000000000009,652.4800416017473,20.087529587745667,25.54368888006874,19.217987060546875,365.1417541503906
419,4,4,0.006500000000000009,663.7779881598066,20.31746098995209,25.7638892281388,19.217987060546875,365.1417541503906
419,4,5,0.006500000000000009,795.5881350232075,25.460023880004883,28.20617193139132,60.8569590250651,365.1417541503906
