epoch,startPos,prefixLength,learnRate,MSE,MAE,RMSE,meanLoss,totalLoss
390,4,mix,0.00680000000000001,698.0115525017345,20.943707156181336,26.419908260660833,19.20506527549342,364.896240234375
390,4,4,0.00680000000000001,675.6350661404528,20.56558425426483,25.992981093757844,19.20506527549342,364.896240234375
390,4,5,0.00680000000000001,798.6887020773897,25.51041144132614,28.261081049340447,60.8160400390625,364.896240234375
