epoch,startPos,prefixLength,learnRate,MSE,MAE,RMSE,meanLoss,totalLoss
14,3,mix,0.01,329.5298675184374,9.764108929420924,18.152957541911384,9.277887439051419,1308.18212890625
14,3,3,0.01,350.7279955468172,10.2601504834333,18.727733326455105,13.213960898042929,1308.18212890625
14,3,4,0.01,313.5959208621061,9.566296931156623,17.708639723652013,16.989378297483768,1308.18212890625
