epoch,startPos,prefixLength,learnRate,MSE,MAE,RMSE,meanLoss,totalLoss
160,3,mix,0.008800000000000007,62.02786495319544,2.3620261943033256,7.875777101543405,1.6316086451212566,4.8948259353637695
160,3,3,0.008800000000000007,60.2777975308713,2.2124942730133625,7.763877738016699,1.6316086451212566,4.8948259353637695
160,3,4,0.008800000000000007,0.34521067201344974,0.12343067757865356,0.5875463147816091,4.8948259353637695,4.8948259353637695
