epoch,startPos,prefixLength,learnRate,MSE,MAE,RMSE,meanLoss,totalLoss
303,4,mix,0.007500000000000012,675.1815727468542,20.534408736228944,25.98425624771381,19.18509232370477,364.5167541503906
303,4,4,0.007500000000000012,689.1241176283504,20.819319248199463,26.25117364287453,19.18509232370477,364.5167541503906
303,4,5,0.007500000000000012,795.9028147423746,25.464161098003387,28.211749586694808,60.75279235839844,364.5167541503906
