epoch,startPos,prefixLength,learnRate,MSE,MAE,RMSE,meanLoss,totalLoss
119,1,mix,0.001,447.6818629780867,17.820797541671816,21.158493873101808,17.548811604205827,2333.991943359375
119,1,1,0.001,442.51691929067493,17.70043104196734,21.036086121012982,17.548811604205827,2333.991943359375
119,1,2,0.001,295.15202169151723,15.289691172407142,17.179988989854365,21.218108575994318,2333.991943359375
119,1,3,0.001,381.5615234796832,17.05922888524153,19.53359985972077,54.2788824037064,2333.991943359375
119,1,4,0.001,268.5798844661136,14.9393822401762,16.38840701429256,122.8416812294408,2333.991943359375
119,1,5,0.001,191.63833496960532,12.658817909657955,13.843349846392142,466.798388671875,2333.991943359375
