epoch,startPos,prefixLength,learnRate,MSE,MAE,RMSE,meanLoss,totalLoss
165,2,mix,0.008800000000000007,116.36482210696083,2.851816304384235,10.787252759945918,2.3316779859138257,153.8907470703125
165,2,2,0.008800000000000007,116.48433494357049,2.864682807493249,10.7927908783396,2.3316779859138257,153.8907470703125
165,2,3,0.008800000000000007,77.66002537029757,2.3571241742847633,8.812492574198153,12.824228922526041,153.8907470703125
165,2,4,0.008800000000000007,209.6413998889577,5.03289690710335,14.478998580321695,51.296915690104164,153.8907470703125
