epoch,startPos,prefixLength,learnRate,MSE,MAE,RMSE,meanLoss,totalLoss
382,2,mix,0.0070000000000000106,654.0528430031609,20.351732824529922,25.57445684668906,19.416473388671875,543.6612548828125
382,2,2,0.0070000000000000106,654.228295199263,20.338602704661234,25.57788683998862,19.416473388671875,543.6612548828125
382,2,3,0.0070000000000000106,551.4550342749774,18.401860296726227,23.48307974425368,181.22041829427084,543.6612548828125
382,2,4,0.0070000000000000106,354.2407195595217,18.023909986019135,18.821283685219818,543.6612548828125,543.6612548828125
