epoch,startPos,prefixLength,learnRate,MSE,MAE,RMSE,meanLoss,totalLoss
427,2,mix,0.006500000000000009,332.8173793041489,8.24138471697058,18.243283128432473,8.492469371448864,934.171630859375
427,2,2,0.006500000000000009,334.94725242206266,8.28658213599452,18.301564206975936,8.492469371448864,934.171630859375
427,2,3,0.006500000000000009,451.5409705713866,10.325553376904942,21.249493419170882,21.72492164789244,934.171630859375
427,2,4,0.006500000000000009,292.1170925042003,7.684525541961193,17.091433307484785,49.1669279399671,934.171630859375
427,2,5,0.006500000000000009,130.66017847993152,3.2113914117217064,11.430668330414084,186.834326171875,934.171630859375
