epoch,startPos,prefixLength,learnRate,MSE,MAE,RMSE,meanLoss,totalLoss
485,2,mix,0.006000000000000008,767.1652341890951,23.16543287038803,27.697747817992262,23.388425898731203,3110.66064453125
485,2,2,0.006000000000000008,770.5473461606571,23.23045492347549,27.758734592208217,23.388425898731203,3110.66064453125
485,2,3,0.006000000000000008,828.4309513858362,24.120752302499916,28.78247646374155,62.213212890625,3110.66064453125
485,2,4,0.006000000000000008,1157.8989151357234,29.407202076911926,34.02791376408086,163.7189812911184,3110.66064453125
485,2,5,0.006000000000000008,2254.2541960651674,44.59225642681122,47.47898688962484,622.13212890625,3110.66064453125
