epoch,startPos,prefixLength,learnRate,MSE,MAE,RMSE,meanLoss,totalLoss
206,1,mix,0.0002999999999999998,430.6769808027311,17.42621143602512,20.752758390217217,17.587167381343985,2339.09326171875
206,1,1,0.0002999999999999998,428.7312336579469,17.414846111766316,20.705826080066135,17.587167381343985,2339.09326171875
206,1,2,0.0002999999999999998,269.37620592370024,11.639135862434548,16.412684299763406,21.26448419744318,2339.09326171875
206,1,3,0.0002999999999999998,385.6789145643372,12.342348006638614,19.638709595193294,54.39751771438954,2339.09326171875
206,1,4,0.0002999999999999998,253.21807404091086,9.411851450055838,15.912827342773214,123.11017166940789,2339.09326171875
206,1,5,0.0002999999999999998,120.67183058751671,5.227045947685838,10.985073080663447,467.81865234375,2339.09326171875
