epoch,startPos,prefixLength,learnRate,MSE,MAE,RMSE,meanLoss,totalLoss
224,2,mix,0.00830000000000001,309.1303435180574,7.644112081666078,17.5821029321881,8.614239117046735,956.1805419921875
224,2,2,0.00830000000000001,306.1384488559623,7.542769416035818,17.49681253417211,8.614239117046735,956.1805419921875
224,2,3,0.00830000000000001,474.68863428021353,10.791923647069119,21.787350327201644,22.236756790515987,956.1805419921875
224,2,4,0.00830000000000001,298.54990181453957,7.361954982951284,17.278596639036966,50.32529168379934,956.1805419921875
