epoch,startPos,prefixLength,learnRate,MSE,MAE,RMSE,meanLoss,totalLoss
135,3,mix,0.009000000000000006,596.7954026738133,19.787761458983788,24.429396281402727,21.3403857421875,1067.019287109375
135,3,3,0.009000000000000006,605.9277338086855,19.96348368204557,24.61559939974417,21.3403857421875,1067.019287109375
135,3,4,0.009000000000000006,552.9555754952607,18.680417513847352,23.51500745258782,56.15890984786184,1067.019287109375
