epoch,startPos,prefixLength,learnRate,MSE,MAE,RMSE,meanLoss,totalLoss
75,2,mix,0.009500000000000003,345.9767678438496,8.526241528269436,18.60045074302904,8.422629061612216,926.4891967773438
75,2,2,0.009500000000000003,354.8761786863596,8.699791409540921,18.83815751835512,8.422629061612216,926.4891967773438
75,2,3,0.009500000000000003,505.76829808424185,11.369033560495485,22.489292965414496,21.546260390170787,926.4891967773438
75,2,4,0.009500000000000003,304.4300953088283,7.876117040589452,17.44792524367377,48.76258930407072,926.4891967773438
75,2,5,0.009500000000000003,174.89588808994205,5.852679540403187,13.224820909560252,185.29783935546874,926.4891967773438
