epoch,startPos,prefixLength,learnRate,MSE,MAE,RMSE,meanLoss,totalLoss
452,2,mix,0.006400000000000009,747.3157154128717,22.92773608600392,27.337075838737245,23.52683711231203,3129.0693359375
452,2,2,0.006400000000000009,743.69450790313,22.8804289365516,27.27076287717544,23.52683711231203,3129.0693359375
452,2,3,0.006400000000000009,841.1926826019609,24.65697871721708,29.003321923565252,62.58138671875,3129.0693359375
452,2,4,0.006400000000000009,1182.8535696410954,30.46300771832466,34.39263830590924,164.68785978618422,3129.0693359375
452,2,5,0.006400000000000009,1831.7933507346593,38.23782733082771,42.7994550284774,625.8138671875,3129.0693359375
