epoch,startPos,prefixLength,learnRate,MSE,MAE,RMSE,meanLoss,totalLoss
163,3,mix,0.008800000000000007,672.2269011566185,21.461902687182793,25.927338875338105,21.04297607421875,1052.1488037109375
163,3,3,0.008800000000000007,673.5606312227621,21.516899792047646,25.953046665521992,21.04297607421875,1052.1488037109375
163,3,4,0.008800000000000007,577.648277670112,19.41302251815796,24.034314587067215,55.376252826891445,1052.1488037109375
