epoch,startPos,prefixLength,learnRate,MSE,MAE,RMSE,meanLoss,totalLoss
221,3,mix,0.00830000000000001,666.526833386116,21.30741385313181,25.817180972873782,21.472373046875,1073.61865234375
221,3,3,0.00830000000000001,668.3146475017921,21.345227823807644,25.851782288689346,21.472373046875,1073.61865234375
221,3,4,0.00830000000000001,665.4072244565245,22.31912298997243,25.795488451597976,56.50624486019737,1073.61865234375
221,3,5,0.00830000000000001,966.3803371516277,27.967901200056076,31.086658507334423,214.72373046875,1073.61865234375
