epoch,startPos,prefixLength,learnRate,MSE,MAE,RMSE,meanLoss,totalLoss
48,4,mix,0.009800000000000001,686.6834453040041,19.86734366416931,26.20464549090493,19.3010543020148,366.72003173828125
48,4,4,0.009800000000000001,680.9998153203875,19.824389497439068,26.095973162930473,19.3010543020148,366.72003173828125
48,4,5,0.009800000000000001,852.0620194599205,22.526508808135986,29.190101395163403,73.34400634765625,366.72003173828125
