epoch,startPos,prefixLength,learnRate,MSE,MAE,RMSE,meanLoss,totalLoss
426,2,mix,0.006500000000000009,333.84503180932535,9.82633281127912,18.27142664953466,9.275889295212766,1307.900390625
426,2,2,0.006500000000000009,335.83743392926056,9.892012610591742,18.32586789020538,9.275889295212766,1307.900390625
426,2,3,0.006500000000000009,346.2398238558786,10.180483074446853,18.607520626238163,13.211115056818182,1307.900390625
426,2,4,0.006500000000000009,317.2417794151201,9.677047949838673,17.81128236301699,16.985719358766232,1307.900390625
