epoch,startPos,prefixLength,learnRate,MSE,MAE,RMSE,meanLoss,totalLoss
249,2,mix,0.008000000000000012,330.6710427427319,8.157777652277478,18.1843625882991,8.475808438387784,932.3389282226562
249,2,2,0.008000000000000012,332.20513053946127,8.166147888105895,18.226495289535542,8.475808438387784,932.3389282226562
249,2,3,0.008000000000000012,499.47410181688224,11.537038233808495,22.34891724036944,21.682300656340843,932.3389282226562
249,2,4,0.008000000000000012,349.63856682251725,8.539032107591629,18.69862473077946,49.07046990645559,932.3389282226562
249,2,5,0.008000000000000012,175.84751940977515,6.3452921360731125,13.260751087693908,186.46778564453126,932.3389282226562
