epoch,startPos,prefixLength,learnRate,MSE,MAE,RMSE,meanLoss,totalLoss
79,2,mix,0.009500000000000003,303.1060172417712,7.480718139625553,17.40994018489929,8.625423397029842,957.4219970703125
79,2,2,0.009500000000000003,308.3017163596655,7.592354868339108,17.558522613240143,8.625423397029842,957.4219970703125
79,2,3,0.009500000000000003,467.694234267092,10.975285984575748,21.626239485104477,22.265627838844477,957.4219970703125
79,2,4,0.009500000000000003,298.35606024295464,7.385636818967759,17.272986430926025,50.39063142475329,957.4219970703125
