epoch,startPos,prefixLength,learnRate,MSE,MAE,RMSE,meanLoss,totalLoss
90,1,mix,0.004,427.1168844466303,17.309240265585043,20.6668063436669,17.558427290482953,2317.71240234375
90,1,1,0.004,424.63903471452295,17.2328774303417,20.60677157427924,17.558427290482953,2317.71240234375
90,1,2,0.004,251.46599702063375,11.181046615354717,15.857679433657175,20.880291913006758,2317.71240234375
90,1,3,0.004,404.1618822899522,12.795941274105148,20.103777811395354,53.900288426598834,2317.71240234375
90,1,4,0.004,264.5326180041975,9.354781787469983,16.26445873689615,121.98486328125,2317.71240234375
