epoch,startPos,prefixLength,learnRate,MSE,MAE,RMSE,meanLoss,totalLoss
477,4,mix,0.006000000000000008,671.9728444137687,20.576591730117798,25.922439013599178,19.22536267732319,365.2818908691406
477,4,4,0.006000000000000008,657.2403587714222,20.22412040233612,25.63669945159521,19.22536267732319,365.2818908691406
477,4,5,0.006000000000000008,799.285090622499,25.52459555864334,28.271630491050548,60.88031514485677,365.2818908691406
