epoch,startPos,prefixLength,learnRate,MSE,MAE,RMSE,meanLoss,totalLoss
211,4,mix,0.00830000000000001,302.97199140043153,7.782433401234448,17.406090640934615,7.602039537931743,144.43875122070312
211,4,4,0.00830000000000001,305.78366604968016,7.969878364168108,17.486671096857748,7.602039537931743,144.43875122070312
211,4,5,0.00830000000000001,176.35622522498323,6.0397505229339,13.27991811815808,28.887750244140626,144.43875122070312
