epoch,startPos,prefixLength,learnRate,MSE,MAE,RMSE,meanLoss,totalLoss
422,3,mix,0.006500000000000009,673.338571004342,21.054895057128025,25.948768198208217,21.53471923828125,1076.7359619140625
422,3,3,0.006500000000000009,681.4556372469574,21.17037460437188,26.1047052702565,21.53471923828125,1076.7359619140625
422,3,4,0.006500000000000009,642.1044442452209,21.07810970544815,25.33977987759998,56.67031378495066,1076.7359619140625
422,3,5,0.006500000000000009,1262.543830451541,32.725563794374466,35.53229278348839,215.3471923828125,1076.7359619140625
