epoch,startPos,prefixLength,learnRate,MSE,MAE,RMSE,meanLoss,totalLoss
179,2,mix,0.008800000000000007,663.5134284468688,20.471382652010238,25.758754404024835,19.278289794921875,539.7921142578125
179,2,2,0.008800000000000007,658.8509793673404,20.370388541902816,25.6680926320469,19.278289794921875,539.7921142578125
179,2,3,0.008800000000000007,563.2343230047854,18.416927099227905,23.73255829034842,179.93070475260416,539.7921142578125
179,2,4,0.008800000000000007,204.81639490268935,13.495330572128296,14.311407858861733,539.7921142578125,539.7921142578125
