epoch,startPos,prefixLength,learnRate,MSE,MAE,RMSE,meanLoss,totalLoss
334,3,mix,0.007300000000000011,340.50797669531573,10.124848964695747,18.452858225633115,9.654980592053345,955.8430786132812
334,3,3,0.007300000000000011,346.9632440947687,10.26167790305156,18.626949403881696,9.654980592053345,955.8430786132812
334,3,4,0.007300000000000011,306.42105304299855,9.534132544949118,17.504886547561473,12.413546475497158,955.8430786132812
