epoch,startPos,prefixLength,learnRate,MSE,MAE,RMSE,meanLoss,totalLoss
471,3,mix,0.006000000000000008,537.5020467628719,17.4689964056015,23.18409038032055,20.270673116048176,60.81201934814453
471,3,3,0.006000000000000008,618.7063861884276,19.121599435806274,24.873809241618535,20.270673116048176,60.81201934814453
471,3,4,0.006000000000000008,140.66374557509153,10.478289723396301,11.860174770006196,60.81201934814453,60.81201934814453
