epoch,startPos,prefixLength,learnRate,MSE,MAE,RMSE,meanLoss,totalLoss
154,1,mix,0.0007999999999999999,789.1355306526202,22.1398073323071,28.09155621628357,21.30333201090495,4090.23974609375
154,1,1,0.0007999999999999999,791.7079711755813,22.177866633981466,28.13730568436824,21.30333201090495,4090.23974609375
154,1,2,0.0007999999999999999,1358.5253141628502,30.026501299703824,36.85817838910179,30.753682301456767,4090.23974609375
154,1,3,0.0007999999999999999,1737.5560607879158,36.40496483674416,41.68400245643304,81.804794921875,4090.23974609375
154,1,4,0.0007999999999999999,2156.1286457272317,42.44727112054825,46.43413233524701,215.27577611019737,4090.23974609375
