epoch,startPos,prefixLength,learnRate,MSE,MAE,RMSE,meanLoss,totalLoss
157,3,mix,0.008800000000000007,502.9218788967581,11.259781838310035,22.4259198004621,10.479349535565044,450.6120300292969
157,3,3,0.008800000000000007,509.3785444254391,11.391873925924301,22.569416129475727,10.479349535565044,450.6120300292969
157,3,4,0.008800000000000007,303.04749239760395,7.783899662643671,17.4082593155549,23.71642263312089,450.6120300292969
157,3,5,0.008800000000000007,176.91515371243904,6.1042121630162,13.300945594672546,90.12240600585938,450.6120300292969
