epoch,startPos,prefixLength,learnRate,MSE,MAE,RMSE,meanLoss,totalLoss
256,2,mix,0.008000000000000012,766.4804153131776,23.290199235958212,27.685382701223,23.34498355263158,3104.8828125
256,2,2,0.008000000000000012,771.5460011796459,23.315286147243835,27.77671688986382,23.34498355263158,3104.8828125
256,2,3,0.008000000000000012,688.6790331218185,22.04693622314013,26.2426948525074,62.09765625,3104.8828125
256,2,4,0.008000000000000012,811.3657167877294,24.49085876941681,28.48448203474533,163.41488486842104,3104.8828125
