epoch,startPos,prefixLength,learnRate,MSE,MAE,RMSE,meanLoss,totalLoss
278,2,mix,0.007800000000000013,330.21691212901527,8.128743256176156,18.17187145367849,8.465806995738637,931.23876953125
278,2,2,0.007800000000000013,329.03383370541303,8.110886011405714,18.139289779520393,8.465806995738637,931.23876953125
278,2,3,0.007800000000000013,497.8585191727691,11.491009618409656,22.3127434255129,21.656715570494185,931.23876953125
278,2,4,0.007800000000000013,368.8299012637819,9.138454895466566,19.204944708688487,49.01256681743421,931.23876953125
278,2,5,0.007800000000000013,175.8402140055734,6.344709794968367,13.26047563270539,186.24775390625,931.23876953125
