epoch,startPos,prefixLength,learnRate,MSE,MAE,RMSE,meanLoss,totalLoss
93,2,mix,0.009500000000000003,758.8833174837683,23.09244316115099,27.547836893007922,23.614123810502818,3140.678466796875
93,2,2,0.009500000000000003,763.5454085812289,23.15208939419073,27.63232542840412,23.614123810502818,3140.678466796875
93,2,3,0.009500000000000003,851.0809678108534,24.6449676156044,29.173292029026367,62.8135693359375,3140.678466796875
93,2,4,0.009500000000000003,1180.5161087293143,30.429405480623245,34.35863950637909,165.29886667351974,3140.678466796875
93,2,5,0.009500000000000003,1748.6052862697547,37.31010368466377,41.816327986442744,628.135693359375,3140.678466796875
