epoch,startPos,prefixLength,learnRate,MSE,MAE,RMSE,meanLoss,totalLoss
30,1,mix,0.009000000000000001,325.25903814065873,9.738176912762398,18.034939371693454,9.545022529468202,1632.1988525390625
30,1,1,0.009000000000000001,325.80827262797897,9.7474222279392,18.05015990588391,9.545022529468202,1632.1988525390625
30,1,2,0.009000000000000001,330.6938836376301,9.862668171964792,18.184990614174925,11.575878386801861,1632.1988525390625
30,1,3,0.009000000000000001,346.1542461673654,10.266494226641953,18.60522093841848,16.486857096354168,1632.1988525390625
30,1,4,0.009000000000000001,322.43656281016865,9.814041926037698,17.956518671785147,21.1973876953125,1632.1988525390625
