epoch,startPos,prefixLength,learnRate,MSE,MAE,RMSE,meanLoss,totalLoss
480,3,mix,0.006000000000000008,671.7663053909384,21.07480488373683,25.91845491905215,21.43672607421875,1071.8363037109375
480,3,3,0.006000000000000008,687.4948098476046,21.262816548347473,26.220122231744167,21.43672607421875,1071.8363037109375
480,3,4,0.006000000000000008,628.624127981929,20.93744659423828,25.072377788752487,56.41243703741776,1071.8363037109375
480,3,5,0.006000000000000008,1208.527179866629,31.954082489013672,34.76387751483757,214.3672607421875,1071.8363037109375
