epoch,startPos,prefixLength,learnRate,MSE,MAE,RMSE,meanLoss,totalLoss
276,3,mix,0.007800000000000013,82.05431321629193,2.8781354793873106,9.058383587389747,1.6459933916727703,4.9379801750183105
276,3,3,0.007800000000000013,49.42399311668332,1.9404008465967308,7.030219990632109,1.6459933916727703,4.9379801750183105
276,3,4,0.007800000000000013,6.276300064688225,1.1474433545013198,2.505254491002506,4.9379801750183105,4.9379801750183105
