epoch,startPos,prefixLength,learnRate,MSE,MAE,RMSE,meanLoss,totalLoss
162,2,mix,0.008800000000000007,351.4445179331001,8.635315483968173,18.746853547544987,8.420651522549717,926.2716674804688
162,2,2,0.008800000000000007,351.26155878914545,8.629726606886834,18.74197318291608,8.420651522549717,926.2716674804688
162,2,3,0.008800000000000007,507.3682776344647,11.40171492726288,22.52483690583496,21.541201569313227,926.2716674804688
162,2,4,0.008800000000000007,305.719728109868,7.971935487538576,17.48484281055646,48.75114039370888,926.2716674804688
162,2,5,0.008800000000000007,177.30622476352985,6.165810634382069,13.31563835358748,185.25433349609375,926.2716674804688
