epoch,startPos,prefixLength,learnRate,MSE,MAE,RMSE,meanLoss,totalLoss
47,3,mix,0.009800000000000001,669.7224231297399,21.36908377133883,25.878995790597052,21.4659716796875,1073.298583984375
47,3,3,0.009800000000000001,668.3499947973002,21.399152067991402,25.852465932620433,21.4659716796875,1073.298583984375
47,3,4,0.009800000000000001,663.4698328122992,22.220067103703816,25.757908160646494,56.48939915707237,1073.298583984375
47,3,5,0.009800000000000001,947.0324753903765,27.65547412633896,30.773892756529463,214.659716796875,1073.298583984375
