epoch,startPos,prefixLength,learnRate,MSE,MAE,RMSE,meanLoss,totalLoss
472,5,mix,0.006000000000000008,650.5435948603358,21.486835539340973,25.50575611230406,20.775616455078126,103.87808227539062
472,5,5,0.006000000000000008,652.2955546514136,21.54031091928482,25.540077420622936,20.775616455078126,103.87808227539062
