epoch,startPos,prefixLength,learnRate,MSE,MAE,RMSE,meanLoss,totalLoss
453,3,mix,0.0062000000000000085,687.2859759277607,21.279774775871864,26.216139607649342,21.42593994140625,1071.2969970703125
453,3,3,0.0062000000000000085,690.9247367527997,21.312267523545486,26.285447242776748,21.42593994140625,1071.2969970703125
453,3,4,0.0062000000000000085,611.3069155036382,20.7491970260938,24.72462164530811,56.38405247738487,1071.2969970703125
453,3,5,0.0062000000000000085,877.777574704472,26.539158403873444,29.627311297255307,214.2593994140625,1071.2969970703125
