epoch,startPos,prefixLength,learnRate,MSE,MAE,RMSE,meanLoss,totalLoss
298,5,mix,0.007500000000000012,652.6669455494457,21.529915809631348,25.54734713330223,21.03174591064453,105.15872955322266
298,5,5,0.007500000000000012,650.9929799762986,21.48513901233673,25.51456407576462,21.03174591064453,105.15872955322266
