epoch,startPos,prefixLength,learnRate,MSE,MAE,RMSE,meanLoss,totalLoss
327,4,mix,0.007300000000000011,302.9781089750029,7.78219316136092,17.406266370908003,7.682674207185444,145.97080993652344
327,4,4,0.007300000000000011,303.68127902924465,7.829069239087403,17.426453426593852,7.682674207185444,145.97080993652344
327,4,5,0.007300000000000011,174.36243404765293,5.789750987198204,13.204636838915826,29.19416198730469,145.97080993652344
