epoch,startPos,prefixLength,learnRate,MSE,MAE,RMSE,meanLoss,totalLoss
359,4,mix,0.0070000000000000106,307.25236396493074,8.319030518829823,17.52861557468047,7.939028288188734,150.84153747558594
359,4,4,0.0070000000000000106,292.38182963471496,7.734208033978939,17.09917628526927,7.939028288188734,150.84153747558594
359,4,5,0.0070000000000000106,130.66685858641475,3.21137211099267,11.430960527725338,30.168307495117187,150.84153747558594
