epoch,startPos,prefixLength,learnRate,MSE,MAE,RMSE,meanLoss,totalLoss
78,2,mix,0.009500000000000003,116.48791328167614,2.866612078266211,10.792956651524,2.340970819646662,154.5040740966797
78,2,2,0.009500000000000003,116.49616854067966,2.8693698805479526,10.793339082076486,2.340970819646662,154.5040740966797
78,2,3,0.009500000000000003,77.65610389570132,2.356289759043875,8.812270076189296,12.87533950805664,154.5040740966797
78,2,4,0.009500000000000003,113.13057723421372,3.469564229712887,10.636285875916165,51.50135803222656,154.5040740966797
