epoch,startPos,prefixLength,learnRate,MSE,MAE,RMSE,meanLoss,totalLoss
129,4,mix,0.009000000000000006,701.5035350534397,20.9308700799942,26.485912010981227,19.23819130345395,365.525634765625
129,4,4,0.009000000000000006,701.1558044520465,20.958995008468627,26.479346752743854,19.23819130345395,365.525634765625
129,4,5,0.009000000000000006,821.1522140993616,25.898864328861237,28.655753595035005,60.920939127604164,365.525634765625
