epoch,startPos,prefixLength,learnRate,MSE,MAE,RMSE,meanLoss,totalLoss
189,3,mix,0.00850000000000001,77.65027060854408,2.355782880688537,8.811939094691025,2.3729429244995117,28.47531509399414
189,3,3,0.00850000000000001,77.65028995407935,2.355785163449241,8.811940192379845,2.3729429244995117,28.47531509399414
189,3,4,0.00850000000000001,101.62258644885605,2.7815283719392028,10.08080286727481,9.491771697998047,28.47531509399414
