epoch,startPos,prefixLength,learnRate,MSE,MAE,RMSE,meanLoss,totalLoss
61,1,mix,0.006,424.8834822736799,17.258821235202692,20.612701964412135,17.56009003610322,2317.931884765625
61,1,1,0.006,427.0734354018225,17.280637980657904,20.665755137468906,17.56009003610322,2317.931884765625
61,1,2,0.006,250.92256252953737,11.164746603263277,15.840535424332645,20.88226923212275,2317.931884765625
61,1,3,0.006,405.6221565067031,12.82320211082697,20.14006346828885,53.90539266896803,2317.931884765625
61,1,4,0.006,258.3207319098075,9.174426487833262,16.072359251516485,121.99641498766448,2317.931884765625
