epoch,startPos,prefixLength,learnRate,MSE,MAE,RMSE,meanLoss,totalLoss
69,4,mix,0.009500000000000003,300.77715912925856,8.074261720478535,17.342928216689895,7.943804289165296,150.93228149414062
69,4,4,0.009500000000000003,287.9918338844608,7.554537084698677,16.97032215028521,7.943804289165296,150.93228149414062
69,4,5,0.009500000000000003,130.66456792223832,3.211019804701209,11.430860331674005,30.186456298828126,150.93228149414062
