epoch,startPos,prefixLength,learnRate,MSE,MAE,RMSE,meanLoss,totalLoss
146,1,mix,0.0007999999999999999,211.8528636771589,5.0933899073877384,14.555166219496048,4.612032094396147,613.4002685546875
146,1,1,0.0007999999999999999,214.92955054015403,5.14736687062791,14.660475795149148,4.612032094396147,613.4002685546875
146,1,2,0.0007999999999999999,73.06568994741711,2.0938916666698333,8.547847094293225,22.718528464988427,613.4002685546875
146,1,3,0.0007999999999999999,38.155618087318366,1.6876250717252788,6.177023400256662,204.46675618489584,613.4002685546875
146,1,4,0.0007999999999999999,3.3777360909441006e-08,0.00018272123588758404,0.00018378618258574556,613.4002685546875,613.4002685546875
