epoch,startPos,prefixLength,learnRate,MSE,MAE,RMSE,meanLoss,totalLoss
69,1,mix,0.007,682.7710451508532,21.126126922667027,26.12988796667244,21.50348154703776,4128.66845703125
69,1,1,0.007,682.5931568440898,21.125118063762784,26.12648382090651,21.50348154703776,4128.66845703125
69,1,2,0.007,1373.5594069232234,30.166769831496126,37.061562391826165,31.042619977678573,4128.66845703125
69,1,3,0.007,2115.442189527708,39.81607993749472,45.99393644305418,82.573369140625,4128.66845703125
69,1,4,0.007,2882.2867516545425,48.38619980812073,53.6869327830762,217.29833984375,4128.66845703125
69,1,5,0.007,2558.1351094500214,44.91843542456627,50.578010137311864,688.1114095052084,4128.66845703125
