epoch,startPos,prefixLength,learnRate,MSE,MAE,RMSE,meanLoss,totalLoss
140,2,mix,0.009000000000000006,791.3680911834545,23.594028407877143,28.131265367619964,23.125297374295112,3075.66455078125
140,2,2,0.009000000000000006,790.9453447068958,23.649155699845515,28.123750544813465,23.125297374295112,3075.66455078125
140,2,3,0.009000000000000006,736.2914323940464,22.972650450009567,27.134690571186663,61.513291015625,3075.66455078125
140,2,4,0.009000000000000006,694.0654017507616,22.839278912544252,26.34512102364993,161.87708162006578,3075.66455078125
