epoch,startPos,prefixLength,learnRate,MSE,MAE,RMSE,meanLoss,totalLoss
94,3,mix,0.009300000000000004,615.3391452121614,17.65900230407715,24.80603042028614,21.02763493855794,63.08290481567383
94,3,3,0.009300000000000004,624.0447383542496,17.882346987724304,24.98088746130228,21.02763493855794,63.08290481567383
94,3,4,0.009300000000000004,111.10153719991922,8.714939951896667,10.540471393629376,63.08290481567383,63.08290481567383
