epoch,startPos,prefixLength,learnRate,MSE,MAE,RMSE,meanLoss,totalLoss
44,3,mix,0.009800000000000001,36.40114436432294,1.376523531978819,6.03333608912374,1.7302883466084797,5.1908650398254395
44,3,3,0.009800000000000001,82.28645539262432,2.82947355185388,9.071188201808202,1.7302883466084797,5.1908650398254395
44,3,4,0.009800000000000001,3.847042205834065e-06,0.0019461586198303849,0.0019613878264723847,5.1908650398254395,5.1908650398254395
