epoch,startPos,prefixLength,learnRate,MSE,MAE,RMSE,meanLoss,totalLoss
222,4,mix,0.00830000000000001,672.6808627276228,19.634038905302685,25.936091893876817,19.38920191714638,368.39483642578125
222,4,4,0.00830000000000001,687.3509780578332,20.013290464878082,26.217379313307294,19.38920191714638,368.39483642578125
222,4,5,0.00830000000000001,818.8422844862644,21.84908413887024,28.615420396811654,73.67896728515625,368.39483642578125
