epoch,startPos,prefixLength,learnRate,MSE,MAE,RMSE,meanLoss,totalLoss
78,2,mix,0.009500000000000003,331.8084896065114,9.81959419635435,18.21561115105698,9.282771983045214,1308.870849609375
78,2,2,0.009500000000000003,333.5753656770255,9.820407712883833,18.264045709454013,9.282771983045214,1308.870849609375
78,2,3,0.009500000000000003,353.15884918165136,10.314396023463745,18.792521097012273,13.220917672821969,1308.870849609375
78,2,4,0.009500000000000003,320.81678326389147,9.750209315724316,17.91135905686365,16.998322722199674,1308.870849609375
