epoch,startPos,prefixLength,learnRate,MSE,MAE,RMSE,meanLoss,totalLoss
452,2,mix,0.006300000000000009,346.3018249254613,8.518275206908584,18.60918657344972,8.415371426669035,925.6908569335938
452,2,2,0.006300000000000009,354.41144130954933,8.69446397446362,18.82581847648461,8.415371426669035,925.6908569335938
452,2,3,0.006300000000000009,507.50129511373837,11.341742750426585,22.527789396959,21.52769434729288,925.6908569335938
452,2,4,0.006300000000000009,304.4252357590807,7.875808561965823,17.447785984447446,48.720571417557565,925.6908569335938
452,2,5,0.006300000000000009,175.8924772794668,5.977371033281088,13.262446127297437,185.13817138671874,925.6908569335938
