epoch,startPos,prefixLength,learnRate,MSE,MAE,RMSE,meanLoss,totalLoss
266,2,mix,0.008000000000000012,647.9210684308528,20.182886089597428,25.454293713062494,19.342888968331472,541.6008911132812
266,2,2,0.008000000000000012,655.1768472123746,20.380277514457703,25.596422547152454,19.342888968331472,541.6008911132812
266,2,3,0.008000000000000012,559.7015278460467,18.387505888938904,23.65801191660125,180.53363037109375,541.6008911132812
266,2,4,0.008000000000000012,333.588904566006,17.887169361114502,18.264416348901108,541.6008911132812,541.6008911132812
