epoch,startPos,prefixLength,learnRate,MSE,MAE,RMSE,meanLoss,totalLoss
310,2,mix,0.007500000000000012,116.37452857979353,2.859233441975234,10.787702655329054,2.3313936175722065,153.87197875976562
310,2,2,0.007500000000000012,116.4691755184703,2.863830252031114,10.792088561463453,2.3313936175722065,153.87197875976562
310,2,3,0.007500000000000012,77.64773713116361,2.3561995617510547,8.811795340971306,12.822664896647135,153.87197875976562
310,2,4,0.007500000000000012,102.15039515699894,2.93806450575903,10.106947865552634,51.29065958658854,153.87197875976562
