epoch,startPos,prefixLength,learnRate,MSE,MAE,RMSE,meanLoss,totalLoss
190,3,mix,0.00850000000000001,679.4415028574113,21.16605731157156,26.066098727224436,21.540888671875,1077.04443359375
190,3,3,0.00850000000000001,659.6133750240162,21.062212095810818,25.682939376637094,21.540888671875,1077.04443359375
190,3,4,0.00850000000000001,636.6137553346686,21.071656584739685,25.231205982565886,56.68654913651316,1077.04443359375
190,3,5,0.00850000000000001,1272.0145271848244,32.76155000925064,35.6653126606907,215.40888671875,1077.04443359375
