epoch,startPos,prefixLength,learnRate,MSE,MAE,RMSE,meanLoss,totalLoss
175,1,mix,0.0004999999999999998,178.24639013095293,4.647552086955699,13.350894731475975,4.848465629245924,1003.6323852539062
175,1,1,0.0004999999999999998,177.705225529709,4.635833396650964,13.330612346389382,4.848465629245924,1003.6323852539062
175,1,2,0.0004999999999999998,116.26085979178757,2.8456086253871082,10.782432925448113,15.206551291725852,1003.6323852539062
175,1,3,0.0004999999999999998,77.65221436387148,2.3554883832085167,8.812049385010928,83.63603210449219,1003.6323852539062
175,1,4,0.0004999999999999998,142.3279233230881,3.6093912516281534,11.930126710269597,334.54412841796875,1003.6323852539062
