epoch,startPos,prefixLength,learnRate,MSE,MAE,RMSE,meanLoss,totalLoss
388,4,mix,0.00680000000000001,292.25761308689425,7.718107824772597,17.095543661635748,7.990211888363487,151.81402587890625
388,4,4,0.00680000000000001,298.75922084135146,7.993926110863685,17.28465275443367,7.990211888363487,151.81402587890625
388,4,5,0.00680000000000001,130.6526460460255,3.212270250543952,11.430338842135237,30.36280517578125,151.81402587890625
