epoch,startPos,prefixLength,learnRate,MSE,MAE,RMSE,meanLoss,totalLoss
82,2,mix,0.009500000000000003,787.6598558763529,23.562492777000774,28.065278474947526,23.15042733787594,3079.0068359375
82,2,2,0.009500000000000003,788.4658851023714,23.593659001769442,28.079634703862716,23.15042733787594,3079.0068359375
82,2,3,0.009500000000000003,770.413107888062,23.573468818114353,27.75631654034919,61.58013671875,3079.0068359375
82,2,4,0.009500000000000003,760.4687404743652,24.102185606956482,27.576597695770324,162.0529913651316,3079.0068359375
