epoch,startPos,prefixLength,learnRate,MSE,MAE,RMSE,meanLoss,totalLoss
74,3,mix,0.009400000000000004,466.6813446467293,10.675431483509866,21.6028087212457,10.86399734851926,467.1518859863281
74,3,3,0.009400000000000004,484.7640446292371,11.003537367013367,22.017357803088842,10.86399734851926,467.1518859863281
74,3,4,0.009400000000000004,300.54017965274454,8.010157907754182,17.336094705923376,24.58694136770148,467.1518859863281
74,3,5,0.009400000000000004,130.6541740017329,3.212092250585556,11.430405679665657,93.43037719726563,467.1518859863281
