epoch,startPos,prefixLength,learnRate,MSE,MAE,RMSE,meanLoss,totalLoss
15,3,mix,0.0099,329.79404933031077,8.18146996492786,18.16023263425639,21.75347900390625,935.3995971679688
15,3,3,0.0099,453.29216059534025,10.47350895438682,21.290658998615807,21.75347900390625,935.3995971679688
15,3,4,0.0099,300.50084931328246,8.011423312872648,17.33496032049922,49.231557745682565,935.3995971679688
15,3,5,0.0099,130.6344279386509,3.214386848732829,11.429541895397685,187.07991943359374,935.3995971679688
