epoch,startPos,prefixLength,learnRate,MSE,MAE,RMSE,meanLoss,totalLoss
219,3,mix,0.00830000000000001,671.2207744720702,20.99234421436603,25.90792879548788,21.57063232421875,1078.5316162109375
219,3,3,0.00830000000000001,671.8488405477594,21.076457862670605,25.920047078424826,21.57063232421875,1078.5316162109375
219,3,4,0.00830000000000001,641.6368038248308,21.042218708992003,25.330550799870714,56.764821905838815,1078.5316162109375
219,3,5,0.00830000000000001,1271.663982005111,32.79631242156029,35.66039795073957,215.7063232421875,1078.5316162109375
