epoch,startPos,prefixLength,learnRate,MSE,MAE,RMSE,meanLoss,totalLoss
195,2,mix,0.00850000000000001,347.7062967655091,8.414818122384272,18.646884371538025,8.414616810191761,925.6078491210938
195,2,2,0.00850000000000001,348.1136927364183,8.42170456763623,18.657805142524623,8.414616810191761,925.6078491210938
195,2,3,0.00850000000000001,534.994271908525,12.251568987288259,23.1299431886143,21.52576393304869,925.6078491210938
195,2,4,0.00850000000000001,312.25398345144214,7.697034422308207,17.670709760828572,48.71620258532072,925.6078491210938
