epoch,startPos,prefixLength,learnRate,MSE,MAE,RMSE,meanLoss,totalLoss
369,2,mix,0.0070000000000000106,307.5383127269378,7.58718860814614,17.53677030490329,8.632406698690879,958.1971435546875
369,2,2,0.0070000000000000106,305.15109765225765,7.549386953336319,17.468574574139062,8.632406698690879,958.1971435546875
369,2,3,0.0070000000000000106,480.878620305368,10.921254813840443,21.92894480601764,22.2836545012718,958.1971435546875
369,2,4,0.0070000000000000106,291.0072681531316,7.140654057264328,17.05893514124289,50.431428608141445,958.1971435546875
