epoch,startPos,prefixLength,learnRate,MSE,MAE,RMSE,meanLoss,totalLoss
489,2,mix,0.0062000000000000085,767.2766031260509,23.124577900942633,27.699758178115037,23.23716884985902,3090.54345703125
489,2,2,0.0062000000000000085,770.1030302499936,23.200982183218002,27.75073026516588,23.23716884985902,3090.54345703125
489,2,3,0.0062000000000000085,867.2548941857438,24.205167701611153,29.44919174078881,61.810869140625,3090.54345703125
489,2,4,0.0062000000000000085,952.0369188039136,25.677636754512786,30.855095507936994,162.66018194901315,3090.54345703125
489,2,5,0.0062000000000000085,964.3956421593163,23.73763671517372,31.054720126887574,515.090576171875,3090.54345703125
