epoch,startPos,prefixLength,learnRate,MSE,MAE,RMSE,meanLoss,totalLoss
338,3,mix,0.007300000000000011,594.209764402775,19.698305698541496,24.376418202902062,21.24677978515625,1062.3389892578125
338,3,3,0.007300000000000011,598.0612955589718,19.84617018699646,24.45529177006424,21.24677978515625,1062.3389892578125
338,3,4,0.007300000000000011,556.9065560757278,18.798758482933046,23.59886768630495,55.91257838199013,1062.3389892578125
