epoch,startPos,prefixLength,learnRate,MSE,MAE,RMSE,meanLoss,totalLoss
273,3,mix,0.007700000000000012,497.9777448435101,11.501992218196392,22.31541496014605,10.645056436228197,457.7374267578125
273,3,3,0.007700000000000012,493.72946905163406,11.401144069704143,22.220024056054353,10.645056436228197,457.7374267578125
273,3,4,0.007700000000000012,355.98588916400115,8.738223095983267,18.86758832400159,24.09144351356908,457.7374267578125
273,3,5,0.007700000000000012,164.46663186661522,5.828884335234761,12.824454447134007,91.5474853515625,457.7374267578125
