epoch,startPos,prefixLength,learnRate,MSE,MAE,RMSE,meanLoss,totalLoss
278,4,mix,0.007600000000000012,557.4360448559016,18.31564853191376,23.610083541908562,19.818532843338815,376.5521240234375
278,4,4,0.007600000000000012,559.775790402147,18.34331359863281,23.659581365741598,19.818532843338815,376.5521240234375
278,4,5,0.007600000000000012,726.0035351804027,23.470641136169434,26.944452771960368,75.3104248046875,376.5521240234375
