epoch,startPos,prefixLength,learnRate,MSE,MAE,RMSE,meanLoss,totalLoss
423,2,mix,0.006500000000000009,329.94699486672505,8.15517206210643,18.164443147719258,8.485474742542614,933.4022216796875
423,2,2,0.006500000000000009,329.2890761482217,8.137873146017748,18.146324039546457,8.485474742542614,933.4022216796875
423,2,3,0.006500000000000009,489.76926422815507,11.294071159579538,22.13073121765648,21.707028411155523,933.4022216796875
423,2,4,0.006500000000000009,372.0131581337613,9.237539522349834,19.287642627697178,49.126432719983555,933.4022216796875
423,2,5,0.006500000000000009,175.82858393503435,6.343796066939831,13.260037101570807,186.6804443359375,933.4022216796875
