epoch,startPos,prefixLength,learnRate,MSE,MAE,RMSE,meanLoss,totalLoss
306,3,mix,0.007500000000000012,681.1090870257812,21.168480336666107,26.0980667296599,21.5502294921875,1077.511474609375
306,3,3,0.007500000000000012,673.0855738700999,21.10031223297119,25.943892804860646,21.5502294921875,1077.511474609375
306,3,4,0.007500000000000012,639.830352164469,21.044817101955413,25.294868099368873,56.711130242598685,1077.511474609375
306,3,5,0.007500000000000012,1283.5607752653905,33.02362176775932,35.826816426601326,215.502294921875,1077.511474609375
