epoch,startPos,prefixLength,learnRate,MSE,MAE,RMSE,meanLoss,totalLoss
478,3,mix,0.006100000000000008,507.4042864840569,11.340852287005294,22.525636205977776,10.469959347747093,450.208251953125
478,3,3,0.006100000000000008,508.36889070635243,11.379897491202097,22.547037293319768,10.469959347747093,450.208251953125
478,3,4,0.006100000000000008,305.0636684187642,7.923576498031617,17.466071922981545,23.69517115542763,450.208251953125
478,3,5,0.006100000000000008,177.84197480872743,6.2274336772970855,13.335740504701171,90.041650390625,450.208251953125
