epoch,startPos,prefixLength,learnRate,MSE,MAE,RMSE,meanLoss,totalLoss
454,4,mix,0.0062000000000000085,677.1425341458413,19.663864692052204,26.02196253447924,19.40734060187089,368.7394714355469
454,4,4,0.0062000000000000085,685.8859936783806,19.921021282672882,26.189425226193503,19.40734060187089,368.7394714355469
454,4,5,0.0062000000000000085,827.8628970601567,21.938578724861145,28.77260671298582,73.74789428710938,368.7394714355469
