epoch,startPos,prefixLength,learnRate,MSE,MAE,RMSE,meanLoss,totalLoss
340,2,mix,0.007300000000000011,335.20870001161654,8.293120880744286,18.308705579904238,8.51917558149858,937.1093139648438
340,2,2,0.007300000000000011,334.7400837680785,8.274155837350659,18.295903469576967,8.51917558149858,937.1093139648438
340,2,3,0.007300000000000011,456.3970756978778,10.50361094352874,21.363451867567605,21.793239859647528,937.1093139648438
340,2,4,0.007300000000000011,292.0352099175583,7.687147267907858,17.089037711865412,49.321542840254935,937.1093139648438
340,2,5,0.007300000000000011,130.61258318322464,3.2168765775859356,11.42858622854221,187.42186279296874,937.1093139648438
