epoch,startPos,prefixLength,learnRate,MSE,MAE,RMSE,meanLoss,totalLoss
456,2,mix,0.0062000000000000085,762.1985539612331,23.08769167872036,27.607943674986608,23.314254875469924,3100.7958984375
456,2,2,0.0062000000000000085,766.0306583458728,23.168768770554486,27.677258866186023,23.314254875469924,3100.7958984375
456,2,3,0.0062000000000000085,816.5716965925733,23.8773161814763,28.57571865400017,62.01591796875,3100.7958984375
456,2,4,0.0062000000000000085,1140.4382776425675,29.14751707315445,33.77037574032258,163.19978412828948,3100.7958984375
456,2,5,0.0062000000000000085,2238.6501378601874,44.406784385442734,47.31437559410657,620.1591796875,3100.7958984375
