epoch,startPos,prefixLength,learnRate,MSE,MAE,RMSE,meanLoss,totalLoss
182,5,mix,0.00850000000000001,653.5821450386402,21.55664563179016,25.565252688730464,21.104376220703124,105.52188110351562
182,5,5,0.00850000000000001,655.4998733846114,21.557616710662842,25.602731756291387,21.104376220703124,105.52188110351562
