epoch,startPos,prefixLength,learnRate,MSE,MAE,RMSE,meanLoss,totalLoss
132,3,mix,0.008900000000000007,546.1191580378386,12.350183092227036,23.36919249862602,10.298463333484738,442.83392333984375
132,3,3,0.008900000000000007,541.8627088602306,12.297785674983805,23.277944687197593,10.298463333484738,442.83392333984375
132,3,4,0.008900000000000007,334.63454557376485,8.115171772614122,18.293019039342983,23.30704859683388,442.83392333984375
