epoch,startPos,prefixLength,learnRate,MSE,MAE,RMSE,meanLoss,totalLoss
161,3,mix,0.008700000000000008,487.86221368040515,11.00596021860838,22.08760316739698,10.81387683957122,464.9967041015625
161,3,3,0.008700000000000008,474.9221747798316,10.79573447934606,21.792709211565036,10.81387683957122,464.9967041015625
161,3,4,0.008700000000000008,287.8831102569428,7.522142124176026,16.96711850188307,24.4735107421875,464.9967041015625
161,3,5,0.008700000000000008,130.66154553417573,3.2112308982759714,11.430728127909251,92.9993408203125,464.9967041015625
