epoch,startPos,prefixLength,learnRate,MSE,MAE,RMSE,meanLoss,totalLoss
121,2,mix,0.009300000000000004,646.6807937580398,20.24555939435959,25.429919263694877,19.480852399553573,545.4638671875
121,2,2,0.009300000000000004,654.6817061724479,20.4089389528547,25.586748644023686,19.480852399553573,545.4638671875
121,2,3,0.009300000000000004,571.5749861333238,18.675474286079407,23.907634473810322,181.8212890625,545.4638671875
121,2,4,0.009300000000000004,205.58349192368064,12.983142793178558,14.338183006353372,545.4638671875,545.4638671875
