epoch,startPos,prefixLength,learnRate,MSE,MAE,RMSE,meanLoss,totalLoss
127,4,mix,0.009000000000000006,296.72747163566976,7.928169110417366,17.22577927513498,7.958644666169819,151.21424865722656
127,4,4,0.009000000000000006,292.2544505470079,7.717437098920345,17.09545116535413,7.958644666169819,151.21424865722656
127,4,5,0.009000000000000006,130.65548015448564,3.211939861997962,11.4304628145358,30.24284973144531,151.21424865722656
