epoch,startPos,prefixLength,learnRate,MSE,MAE,RMSE,meanLoss,totalLoss
307,2,mix,0.007500000000000012,330.7727239285012,8.161616895214788,18.187158214754202,8.465239923650568,931.1763916015625
307,2,2,0.007500000000000012,328.8778382180458,8.104706855490804,18.134989336033417,8.465239923650568,931.1763916015625
307,2,3,0.007500000000000012,497.9057454951903,11.492142888632687,22.313801681810975,21.65526492096657,931.1763916015625
307,2,4,0.007500000000000012,343.1832871339933,8.338382881879806,18.525206804081655,49.00928376850329,931.1763916015625
307,2,5,0.007500000000000012,156.902661892695,5.485322320833802,12.526079270573653,186.2352783203125,931.1763916015625
