epoch,startPos,prefixLength,learnRate,MSE,MAE,RMSE,meanLoss,totalLoss
73,3,mix,0.009500000000000003,36.48164310160701,1.4110612500880961,6.0400035680127715,1.6774392127990723,5.032317638397217
73,3,3,0.009500000000000003,81.9762348703053,2.8951997956755804,9.054072833278143,1.6774392127990723,5.032317638397217
73,3,4,0.009500000000000003,3.773361942578063e-05,0.005791018676973181,0.006142769686857927,5.032317638397217,5.032317638397217
