epoch,startPos,prefixLength,learnRate,MSE,MAE,RMSE,meanLoss,totalLoss
483,3,mix,0.006000000000000008,595.1678065639753,19.7739817408415,24.396061292019564,21.197294921875,1059.86474609375
483,3,3,0.006000000000000008,590.5593942809207,19.544361123671898,24.301427823914395,21.197294921875,1059.86474609375
483,3,4,0.006000000000000008,569.7180376420974,19.27466733455658,23.86876699040186,55.78235505756579,1059.86474609375
