epoch,startPos,prefixLength,learnRate,MSE,MAE,RMSE,meanLoss,totalLoss
206,1,mix,0.0002999999999999998,426.129734608915,17.29135000048315,20.642910032476404,17.565298369436555,2318.619384765625
206,1,1,0.0002999999999999998,424.8818251516675,17.26650414637783,20.61266176775012,17.565298369436555,2318.619384765625
206,1,2,0.0002999999999999998,250.86790434792437,11.17811538964244,15.83881006729749,20.88846292581644,2318.619384765625
206,1,3,0.0002999999999999998,410.159054217378,12.955381593243642,20.252383914427902,53.921381041061046,2318.619384765625
206,1,4,0.0002999999999999998,267.5904184472389,9.44800680167973,16.358191172841785,122.0325991981908,2318.619384765625
