epoch,startPos,prefixLength,learnRate,MSE,MAE,RMSE,meanLoss,totalLoss
53,2,mix,0.009800000000000001,763.3930830790154,23.232643088873694,27.629568999154063,23.360542469454888,3106.9521484375
53,2,2,0.009800000000000001,762.2724998245511,23.180866069653455,27.609282856035055,23.360542469454888,3106.9521484375
53,2,3,0.009800000000000001,693.2057868179875,22.051742425331703,26.32880146945522,62.13904296875,3106.9521484375
53,2,4,0.009800000000000001,844.1070462712212,25.057493376731873,29.053520376560588,163.52379728618422,3106.9521484375
