epoch,startPos,prefixLength,learnRate,MSE,MAE,RMSE,meanLoss,totalLoss
446,4,mix,0.006300000000000009,294.8306626171096,7.8807953402400015,17.170633727882894,7.965411537571957,151.3428192138672
446,4,4,0.006300000000000009,304.9589726094434,8.20469016879797,17.463074546294628,7.965411537571957,151.3428192138672
446,4,5,0.006300000000000009,130.66345525327327,3.211008844897151,11.430811662050656,30.26856384277344,151.3428192138672
