epoch,startPos,prefixLength,learnRate,MSE,MAE,RMSE,meanLoss,totalLoss
485,2,mix,0.006000000000000008,336.4384344332994,8.307417972678584,18.342258160687287,8.49909501509233,934.9004516601562
485,2,2,0.006000000000000008,332.4448282420062,8.212547096955989,18.23306963300492,8.49909501509233,934.9004516601562
485,2,3,0.006000000000000008,478.53363132142584,10.89915204454552,21.87541156918941,21.741870968840843,934.9004516601562
485,2,4,0.006000000000000008,298.47820271429975,7.92968555316329,17.276521719208983,49.20528692948191,934.9004516601562
485,2,5,0.006000000000000008,130.6731454222633,3.212352367118001,11.431235516000154,186.98009033203124,934.9004516601562
