epoch,startPos,prefixLength,learnRate,MSE,MAE,RMSE,meanLoss,totalLoss
105,3,mix,0.009300000000000004,667.7649845165993,21.33699976022427,25.841149055655386,21.49214599609375,1074.6072998046875
105,3,3,0.009300000000000004,663.8102771080851,21.242619188932274,25.764515852390574,21.49214599609375,1074.6072998046875
105,3,4,0.009300000000000004,658.8057095839725,22.14640220006307,25.66721078699383,56.558278937088815,1074.6072998046875
105,3,5,0.009300000000000004,945.8587838566846,27.661396026611328,30.754817246354833,214.9214599609375,1074.6072998046875
