epoch,startPos,prefixLength,learnRate,MSE,MAE,RMSE,meanLoss,totalLoss
76,3,mix,0.009500000000000003,670.9439947793144,21.39218655916361,25.902586642636955,21.52692138671875,1076.3460693359375
76,3,3,0.009500000000000003,673.1542286575918,21.472530603408813,25.945215910791568,21.52692138671875,1076.3460693359375
76,3,4,0.009500000000000003,657.1457858013737,22.15315544605255,25.634854901118004,56.64979312294408,1076.3460693359375
76,3,5,0.009500000000000003,979.9188740708419,28.180291950702667,31.303655921806353,215.2692138671875,1076.3460693359375
