epoch,startPos,prefixLength,learnRate,MSE,MAE,RMSE,meanLoss,totalLoss
253,2,mix,0.008000000000000012,335.7892127818228,8.312358686567418,18.324552185028228,8.501700106534091,935.18701171875
253,2,2,0.008000000000000012,331.9713498319689,8.21858020093558,18.22008095020351,8.501700106534091,935.18701171875
253,2,3,0.008000000000000012,469.36356127460095,10.72218034772033,21.664800051572158,21.74853515625,935.18701171875
253,2,4,0.008000000000000012,293.99272389955354,7.773229981213808,17.146216022771718,49.220369037828945,935.18701171875
253,2,5,0.008000000000000012,130.54722875018481,3.2243418218567967,11.42572661803987,187.03740234375,935.18701171875
