epoch,startPos,prefixLength,learnRate,MSE,MAE,RMSE,meanLoss,totalLoss
256,2,mix,0.008000000000000012,787.9795143203146,23.61770618684364,28.07097280680373,23.113630022321427,3074.11279296875
256,2,2,0.008000000000000012,789.2266275118419,23.615700367725257,28.093177597271584,23.113630022321427,3074.11279296875
256,2,3,0.008000000000000012,739.1148623245236,23.006280853198124,27.186666995505785,61.482255859375,3074.11279296875
256,2,4,0.008000000000000012,684.6723850825829,22.580724442005156,26.166245146802833,161.79541015625,3074.11279296875
