epoch,startPos,prefixLength,learnRate,MSE,MAE,RMSE,meanLoss,totalLoss
367,4,mix,0.0070000000000000106,692.8418520337592,19.981198529402416,26.32188921855267,19.368952700966283,368.0101013183594
367,4,4,0.0070000000000000106,684.0304910488491,19.79829470316569,26.1539765819435,19.368952700966283,368.0101013183594
367,4,5,0.0070000000000000106,825.3459415213015,21.794094145298004,28.728834670436974,73.60202026367188,368.0101013183594
