epoch,startPos,prefixLength,learnRate,MSE,MAE,RMSE,meanLoss,totalLoss
285,2,mix,0.007800000000000013,792.0784876282405,23.62556630192381,28.143888992607977,23.104598654840224,3072.91162109375
285,2,2,0.007800000000000013,788.8016116290029,23.581745993007313,28.085612181845047,23.104598654840224,3072.91162109375
285,2,3,0.007800000000000013,711.7137056635365,22.57122360284512,26.677962921923715,61.458232421875,3072.91162109375
285,2,4,0.007800000000000013,670.5696053709034,22.30649460554123,25.89535876119316,161.7321905838816,3072.91162109375
