epoch,startPos,prefixLength,learnRate,MSE,MAE,RMSE,meanLoss,totalLoss
240,5,mix,0.008000000000000012,654.2187913333473,21.57311487197876,25.577701056454377,20.876707458496092,104.38353729248047
240,5,5,0.008000000000000012,653.3325930145165,21.5583233833313,25.560371535142373,20.876707458496092,104.38353729248047
