epoch,startPos,prefixLength,learnRate,MSE,MAE,RMSE,meanLoss,totalLoss
471,4,mix,0.006000000000000008,343.16548126371725,8.3389184884727,18.52472621292194,7.723315590306332,146.7429962158203
471,4,4,0.006000000000000008,343.1654879858781,8.33891844674945,18.524726394359462,7.723315590306332,146.7429962158203
471,4,5,0.006000000000000008,190.91348151695635,7.032371401786804,13.81714447767542,29.348599243164063,146.7429962158203
