epoch,startPos,prefixLength,learnRate,MSE,MAE,RMSE,meanLoss,totalLoss
181,4,mix,0.00850000000000001,352.86714974493725,8.640673525631428,18.784758442549567,7.742216411389802,147.10211181640625
181,4,4,0.00850000000000001,356.0677725967524,8.740673001110554,18.869758148867525,7.742216411389802,147.10211181640625
181,4,5,0.00850000000000001,164.52124977305957,5.831316728144884,12.826583714031557,29.42042236328125,147.10211181640625
