epoch,startPos,prefixLength,learnRate,MSE,MAE,RMSE,meanLoss,totalLoss
392,3,mix,0.00680000000000001,343.04418044634235,10.177298106754629,18.521451898983038,9.649182252209595,955.26904296875
392,3,3,0.00680000000000001,346.16779344007045,10.233241653499695,18.60558500666051,9.649182252209595,955.26904296875
392,3,4,0.00680000000000001,307.710263676894,9.548550273580034,17.541672202982646,12.406091467126624,955.26904296875
