epoch,startPos,prefixLength,learnRate,MSE,MAE,RMSE,meanLoss,totalLoss
452,2,mix,0.006300000000000009,329.78761010966866,8.146363849884697,18.16005534434487,8.475366765802557,932.2903442382812
452,2,2,0.006300000000000009,328.2582208768268,8.120132219844631,18.11789780512151,8.475366765802557,932.2903442382812
452,2,3,0.006300000000000009,499.54038288098087,11.52122673527761,22.350400060870967,21.681170796239098,932.2903442382812
452,2,4,0.006300000000000009,346.3526088808973,8.43927268385887,18.610551009599295,49.06791285464638,932.2903442382812
452,2,5,0.006300000000000009,198.46327846220677,7.37632511369884,14.087699544716546,186.45806884765625,932.2903442382812
