epoch,startPos,prefixLength,learnRate,MSE,MAE,RMSE,meanLoss,totalLoss
133,4,mix,0.008900000000000007,564.1018833299826,18.478605270385742,23.750829108264465,19.94643843801398,378.9823303222656
133,4,4,0.008900000000000007,551.7502557194963,18.19258189201355,23.489364736397114,19.94643843801398,378.9823303222656
133,4,5,0.008900000000000007,756.7089329416162,24.11339622735977,27.508342969754036,75.79646606445313,378.9823303222656
