epoch,startPos,prefixLength,learnRate,MSE,MAE,RMSE,meanLoss,totalLoss
306,3,mix,0.007400000000000012,540.2636327997716,12.248574637045914,23.24357185975881,10.323497683502907,443.910400390625
306,3,3,0.007400000000000012,546.6947819731108,12.410534259270538,23.381505126341008,10.323497683502907,443.910400390625
306,3,4,0.007400000000000012,327.03023453928597,7.9430306475609544,18.083977287623593,23.363705283717106,443.910400390625
