epoch,startPos,prefixLength,learnRate,MSE,MAE,RMSE,meanLoss,totalLoss
423,4,mix,0.006400000000000009,559.5035057190751,18.356033515930175,23.65382644983841,19.751211065995065,375.27301025390625
423,4,4,0.006400000000000009,561.3213988200198,18.49369878768921,23.692222327591384,19.751211065995065,375.27301025390625
423,4,5,0.006400000000000009,718.8707727504225,23.23252308368683,26.81176556570683,75.05460205078126,375.27301025390625
