epoch,startPos,prefixLength,learnRate,MSE,MAE,RMSE,meanLoss,totalLoss
117,1,mix,0.001,211.8519690763771,5.093445384212415,14.555135488080387,4.614927822485902,613.785400390625
117,1,1,0.001,213.0834963553949,5.117593004970593,14.597379777048856,4.614927822485902,613.785400390625
117,1,2,0.001,75.70586450715152,2.195522369502669,8.700911705514056,22.732792607060187,613.785400390625
117,1,3,0.001,79.18621962029226,2.5314545903997896,8.898663923325358,204.59513346354166,613.785400390625
117,1,4,0.001,7.225188475148515e-08,0.0002670228598162794,0.000268797107037046,613.785400390625,613.785400390625
