epoch,startPos,prefixLength,learnRate,MSE,MAE,RMSE,meanLoss,totalLoss
396,3,mix,0.00680000000000001,593.7561539830333,19.636539202470047,24.367112138762632,21.16535400390625,1058.2677001953125
396,3,3,0.00680000000000001,591.7534203970223,19.49115475324484,24.325982413810593,21.16535400390625,1058.2677001953125
396,3,4,0.00680000000000001,569.8834522751091,19.086991691589354,23.872231824341625,55.6983000102796,1058.2677001953125
