epoch,startPos,prefixLength,learnRate,MSE,MAE,RMSE,meanLoss,totalLoss
136,2,mix,0.009000000000000006,330.7416210221303,9.76961697471173,18.186303115865254,9.275675455729166,1307.8702392578125
136,2,2,0.009000000000000006,331.08948512579866,9.779582535459971,18.195864506139813,9.275675455729166,1307.8702392578125
136,2,3,0.009000000000000006,354.91695027652963,10.346451068547768,18.83923964167688,13.21081049755366,1307.8702392578125
136,2,4,0.009000000000000006,318.94696471159716,9.710022588326995,17.859086334737203,16.985327782568994,1307.8702392578125
