epoch,startPos,prefixLength,learnRate,MSE,MAE,RMSE,meanLoss,totalLoss
426,2,mix,0.006500000000000009,116.27289789583378,2.8517045832621295,10.782991138632813,2.3316754427823154,153.8905792236328
426,2,2,0.006500000000000009,116.5816758453384,2.8737633784603,10.797299470022049,2.3316754427823154,153.8905792236328
426,2,3,0.006500000000000009,77.64873332958659,2.356035583728726,8.811851867206268,12.824214935302734,153.8905792236328
426,2,4,0.006500000000000009,108.07322418316379,3.1723151783180583,10.395827248620659,51.29685974121094,153.8905792236328
