epoch,startPos,prefixLength,learnRate,MSE,MAE,RMSE,meanLoss,totalLoss
389,3,mix,0.00670000000000001,498.9146746762963,11.47258051450957,22.33639797900047,10.649384254632993,457.92352294921875
389,3,3,0.00670000000000001,502.0740184581066,11.600421093742955,22.40700824425489,10.649384254632993,457.92352294921875
389,3,4,0.00670000000000001,352.8295424969398,8.63849454820156,18.783757411576094,24.10123804995888,457.92352294921875
389,3,5,0.00670000000000001,168.2774716660931,6.001007784157991,12.97218068275697,91.58470458984375,457.92352294921875
