epoch,startPos,prefixLength,learnRate,MSE,MAE,RMSE,meanLoss,totalLoss
191,2,mix,0.00850000000000001,331.469213054888,8.170738679889057,18.206295972956386,8.473273259943182,932.06005859375
191,2,2,0.00850000000000001,326.65719209741144,8.054669872990676,18.07366017433689,8.473273259943182,932.06005859375
191,2,3,0.00850000000000001,492.11870291018226,11.371541386300867,22.183748621686604,21.675815316133722,932.06005859375
191,2,4,0.00850000000000001,359.25177199917664,8.839728040993213,18.953938165963734,49.05579255756579,932.06005859375
191,2,5,0.00850000000000001,175.8562926846929,6.345978163182735,13.26108188213514,186.41201171875,932.06005859375
