epoch,startPos,prefixLength,learnRate,MSE,MAE,RMSE,meanLoss,totalLoss
214,4,mix,0.00830000000000001,290.33552974155776,7.657662563025951,17.039235010456242,8.023167660361842,152.440185546875
214,4,4,0.00830000000000001,296.94906070692656,7.952078058570623,17.232209977449976,8.023167660361842,152.440185546875
214,4,5,0.00830000000000001,130.68966548749228,3.214923281222582,11.431958077577624,30.488037109375,152.440185546875
