epoch,startPos,prefixLength,learnRate,MSE,MAE,RMSE,meanLoss,totalLoss
451,3,mix,0.006300000000000009,702.9949490010026,21.456528150118313,26.514051915937003,21.57742919921875,1078.8714599609375
451,3,3,0.006300000000000009,676.5103850007162,21.17816835641861,26.009813244249106,21.57742919921875,1078.8714599609375
451,3,4,0.006300000000000009,633.1195168293705,20.978874969482423,25.161866322460472,56.78270841899671,1078.8714599609375
451,3,5,0.006300000000000009,1261.407007122979,32.65692549943924,35.516292136468564,215.7742919921875,1078.8714599609375
