epoch,startPos,prefixLength,learnRate,MSE,MAE,RMSE,meanLoss,totalLoss
135,3,mix,0.009000000000000006,767.4844635283005,22.45338085064521,27.70350994961289,20.9074365234375,1045.371826171875
135,3,3,0.009000000000000006,745.5392423873496,22.144477046453037,27.304564497302454,20.9074365234375,1045.371826171875
135,3,4,0.009000000000000006,669.178420546786,21.213271164894103,25.86848315125543,55.01956979851974,1045.371826171875
135,3,5,0.009000000000000006,728.4310534030051,23.952038824558258,26.98946189539549,174.2286376953125,1045.371826171875
