epoch,startPos,prefixLength,learnRate,MSE,MAE,RMSE,meanLoss,totalLoss
219,2,mix,0.00840000000000001,753.8692521567428,23.06066059364992,27.45667955446803,23.567123986724624,3134.427490234375
219,2,2,0.00840000000000001,751.181305884583,22.957255356452045,27.407686985307297,23.567123986724624,3134.427490234375
219,2,3,0.00840000000000001,840.851181371309,24.653028171796066,28.997434048055165,62.6885498046875,3134.427490234375
219,2,4,0.00840000000000001,1163.6574343601508,30.149734904368717,34.112423460671195,164.96986790707237,3134.427490234375
219,2,5,0.00840000000000001,1789.1960186116648,37.952869296073914,42.29888909429732,626.885498046875,3134.427490234375
