epoch,startPos,prefixLength,learnRate,MSE,MAE,RMSE,meanLoss,totalLoss
37,4,mix,0.009800000000000001,304.4823161597435,7.879431537911296,17.44942165688432,7.678158408717105,145.885009765625
37,4,4,0.009800000000000001,305.8893975127404,7.973181546665728,17.48969403713914,7.678158408717105,145.885009765625
37,4,5,0.009800000000000001,172.43192511302954,5.54349403642118,13.131333714175021,29.177001953125,145.885009765625
