epoch,startPos,prefixLength,learnRate,MSE,MAE,RMSE,meanLoss,totalLoss
219,1,mix,0.0002999999999999998,718.2643007288148,21.972194060257504,26.800453367971496,20.451022580373202,2842.692138671875
219,1,1,0.0002999999999999998,718.1816557457403,21.976228407451085,26.79891146568719,20.451022580373202,2842.692138671875
219,1,2,0.0002999999999999998,1050.3833431480246,26.285219933305466,32.40961806544509,101.52471923828125,2842.692138671875
219,1,3,0.0002999999999999998,1224.5636269529941,30.252694845199585,34.99376554406505,947.5640462239584,2842.692138671875
219,1,4,0.0002999999999999998,1443.8405414950455,36.906783640384674,37.99790180385024,2842.692138671875,2842.692138671875
