epoch,startPos,prefixLength,learnRate,MSE,MAE,RMSE,meanLoss,totalLoss
414,4,mix,0.006500000000000009,305.14913331141685,7.9241794180125,17.468518349059167,7.595347354286595,144.3115997314453
414,4,4,0.006500000000000009,303.74281614518304,7.830259348079562,17.428218960788364,7.595347354286595,144.3115997314453
414,4,5,0.006500000000000009,176.41284620269718,6.041494798846543,13.282049774138674,28.862319946289062,144.3115997314453
