epoch,startPos,prefixLength,learnRate,MSE,MAE,RMSE,meanLoss,totalLoss
73,3,mix,0.009500000000000003,342.3383542779875,10.18218348121557,18.502387799362207,9.663926249802715,956.7286987304688
73,3,3,0.009500000000000003,341.87040183013266,10.191771989921108,18.489737743681836,9.663926249802715,956.7286987304688
73,3,4,0.009500000000000003,309.44695500366123,9.595610153284811,17.591104428194985,12.425048035460634,956.7286987304688
