epoch,startPos,prefixLength,learnRate,MSE,MAE,RMSE,meanLoss,totalLoss
150,2,mix,0.009000000000000006,662.3188002970238,20.45758983918599,25.73555517755589,19.311436244419642,540.72021484375
150,2,2,0.009000000000000006,651.8918213508208,20.264860893998826,25.532172280298063,19.311436244419642,540.72021484375
150,2,3,0.009000000000000006,591.9857288473004,19.013607144355774,24.330756849043976,180.24007161458334,540.72021484375
150,2,4,0.009000000000000006,358.2924832773299,18.107183277606964,18.928615461182837,540.72021484375,540.72021484375
