epoch,startPos,prefixLength,learnRate,MSE,MAE,RMSE,meanLoss,totalLoss
252,2,mix,0.008000000000000012,332.5107585731378,9.798570655984804,18.234877531070445,9.285166638962766,1309.20849609375
252,2,2,0.008000000000000012,329.8770729187861,9.745877624748069,18.16251835288229,9.285166638962766,1309.20849609375
252,2,3,0.008000000000000012,353.4349642992038,10.35733468275374,18.79986607131029,13.224328243371213,1309.20849609375
252,2,4,0.008000000000000012,312.434405328805,9.582148785924627,17.6758141348229,17.002707741477273,1309.20849609375
