epoch,startPos,prefixLength,learnRate,MSE,MAE,RMSE,meanLoss,totalLoss
204,1,mix,0.0002999999999999998,325.54342978224446,9.726786287826334,18.042822112470223,9.542893794544955,1631.8348388671875
204,1,1,0.0002999999999999998,325.5613233009655,9.729335439109871,18.043317968183278,9.542893794544955,1631.8348388671875
204,1,2,0.0002999999999999998,330.02413656680096,9.840496711976206,18.166566449574365,11.57329672955452,1631.8348388671875
204,1,3,0.0002999999999999998,346.78360409499953,10.207680888438167,18.622126733942057,16.483180190577652,1631.8348388671875
204,1,4,0.0002999999999999998,317.0685567734497,9.673562758469156,17.806418976690672,21.19266024502841,1631.8348388671875
