epoch,startPos,prefixLength,learnRate,MSE,MAE,RMSE,meanLoss,totalLoss
338,4,mix,0.007200000000000011,683.780205985962,19.75310258070628,26.149191306538754,19.287708483244245,366.4664611816406
338,4,4,0.007200000000000011,683.4023973416975,19.82560573021571,26.141966210323535,19.287708483244245,366.4664611816406
338,4,5,0.007200000000000011,835.7972028223039,21.99010729789734,28.91015743337113,73.29329223632813,366.4664611816406
