epoch,startPos,prefixLength,learnRate,MSE,MAE,RMSE,meanLoss,totalLoss
49,2,mix,0.009800000000000001,116.59865470275525,2.879249696240175,10.798085696212791,2.338462136008523,154.3385009765625
49,2,2,0.009800000000000001,116.82105024683513,2.899467669677934,10.808378705746534,2.338462136008523,154.3385009765625
49,2,3,0.009800000000000001,77.64890782840308,2.356021468764766,8.811861768570992,12.861541748046875,154.3385009765625
49,2,4,0.009800000000000001,106.68304290113959,3.062970631409371,10.328748370501605,51.4461669921875,154.3385009765625
