epoch,startPos,prefixLength,learnRate,MSE,MAE,RMSE,meanLoss,totalLoss
123,4,mix,0.009000000000000006,368.75657298560884,9.138892213255167,19.203035514876518,7.7787009791324015,147.79531860351562
123,4,4,0.009000000000000006,343.1617831665447,8.339030101150275,18.52462639748896,7.7787009791324015,147.79531860351562
123,4,5,0.009000000000000006,187.13001924113738,6.86057098582387,13.679547479399213,29.559063720703126,147.79531860351562
