epoch,startPos,prefixLength,learnRate,MSE,MAE,RMSE,meanLoss,totalLoss
102,3,mix,0.009300000000000004,36.42083179839566,1.3910577413175815,6.034967423142867,1.6709529558817546,5.012858867645264
102,3,3,0.009300000000000004,36.371773351398076,1.3655999639049696,6.030901537199731,1.6709529558817546,5.012858867645264
102,3,4,0.009300000000000004,0.118932892226499,0.12986853649454133,0.3448664846378943,5.012858867645264,5.012858867645264
