epoch,startPos,prefixLength,learnRate,MSE,MAE,RMSE,meanLoss,totalLoss
49,2,mix,0.009800000000000001,333.8852143338485,9.833881838868061,18.27252621653198,9.27797228224734,1308.194091796875
49,2,2,0.009800000000000001,333.2033392368837,9.825913227577177,18.253858201401798,9.27797228224734,1308.194091796875
49,2,3,0.009800000000000001,354.0436058349987,10.32861365718194,18.816046498534135,13.214081735321969,1308.194091796875
49,2,4,0.009800000000000001,316.8748919292809,9.679550977712054,17.80098008339094,16.989533659699674,1308.194091796875
