epoch,startPos,prefixLength,learnRate,MSE,MAE,RMSE,meanLoss,totalLoss
164,3,mix,0.008800000000000007,756.5023823897379,22.251951813697815,27.504588387935165,20.81296875,1040.6484375
164,3,3,0.008800000000000007,705.0971702459831,21.797380309838516,26.553665853248646,20.81296875,1040.6484375
164,3,4,0.008800000000000007,664.2929662728613,21.25317096710205,25.773881474718962,54.77097039473684,1040.6484375
164,3,5,0.008800000000000007,738.7669967894017,24.20296323299408,27.180268519449946,173.44140625,1040.6484375
