epoch,startPos,prefixLength,learnRate,MSE,MAE,RMSE,meanLoss,totalLoss
11,3,mix,0.01,347.8450806137517,8.539095736906997,18.650605368559802,8.420228160511364,926.22509765625
11,3,3,0.01,519.4699989864275,11.650367920710282,22.79188449835659,21.540118550145348,926.22509765625
11,3,4,0.01,304.36437468540447,7.876604488492012,17.44604180567628,48.748689350328945,926.22509765625
11,3,5,0.01,175.84629107539212,5.9775653053075075,13.260704772952007,185.24501953125,926.22509765625
