epoch,startPos,prefixLength,learnRate,MSE,MAE,RMSE,meanLoss,totalLoss
302,3,mix,0.007400000000000012,496.17704747050755,11.450343288819898,22.27503192973037,10.648104645485102,457.8684997558594
302,3,3,0.007400000000000012,501.4568458982403,11.571081022308631,22.393232144963807,10.648104645485102,457.8684997558594
302,3,4,0.007400000000000012,352.8099849605218,8.637579324096441,18.783236807337595,24.098342092413652,457.8684997558594
302,3,5,0.007400000000000012,175.82628647808446,6.343837857246399,13.259950470423503,91.57369995117188,457.8684997558594
