epoch,startPos,prefixLength,learnRate,MSE,MAE,RMSE,meanLoss,totalLoss
148,1,mix,0.0007999999999999999,428.85753447463225,17.34322426232564,20.708875741445556,17.55611905184659,2317.40771484375
148,1,1,0.0007999999999999999,424.93143077109426,17.281606625820345,20.61386501292502,17.55611905184659,2317.40771484375
148,1,2,0.0007999999999999999,251.15828597934458,11.183812496252358,15.847974191654421,20.877546980574323,2317.40771484375
148,1,3,0.0007999999999999999,406.4044067067822,12.836077186194332,20.15947436583559,53.89320267078488,2317.40771484375
148,1,4,0.0007999999999999999,273.83111883339365,9.625885891541838,16.54784332876625,121.96882709703948,2317.40771484375
