epoch,startPos,prefixLength,learnRate,MSE,MAE,RMSE,meanLoss,totalLoss
65,3,mix,0.009500000000000003,741.9444555320069,19.76576030254364,27.23865737388697,20.875885009765625,62.627655029296875
65,3,3,0.009500000000000003,656.9174735533852,18.3900306224823,25.630401353731962,20.875885009765625,62.627655029296875
65,3,4,0.009500000000000003,384.9730231670137,14.992843508720398,19.620729424947832,62.627655029296875,62.627655029296875
