epoch,startPos,prefixLength,learnRate,MSE,MAE,RMSE,meanLoss,totalLoss
136,2,mix,0.009000000000000006,116.57520909844608,2.874694905554754,10.797000004558955,2.33108867298473,153.8518524169922
136,2,2,0.009000000000000006,116.67809541141106,2.882047812549846,10.801763532470568,2.33108867298473,153.8518524169922
136,2,3,0.009000000000000006,77.64323524596709,2.3569464966299165,8.811539890732329,12.820987701416016,153.8518524169922
136,2,4,0.009000000000000006,259.5240280700533,5.922951997266864,16.109749472603642,51.28395080566406,153.8518524169922
