epoch,startPos,prefixLength,learnRate,MSE,MAE,RMSE,meanLoss,totalLoss
103,3,mix,0.009200000000000005,544.4584644979515,12.360078038986433,23.333633761117266,10.240469289380451,440.3401794433594
103,3,3,0.009200000000000005,540.1004620298123,12.32314170270481,23.24006157543074,10.240469289380451,440.3401794433594
103,3,4,0.009200000000000005,327.01435364503135,7.923331503942609,18.08353819486196,23.175798918071546,440.3401794433594
