epoch,startPos,prefixLength,learnRate,MSE,MAE,RMSE,meanLoss,totalLoss
343,2,mix,0.007300000000000011,797.684177150774,23.714230061480492,28.243303226619474,23.13229484844925,3076.59521484375
343,2,2,0.007300000000000011,791.5718345831863,23.63282743999452,28.13488643274016,23.13229484844925,3076.59521484375
343,2,3,0.007300000000000011,708.4035460538126,22.482411953119133,26.615851405765937,61.531904296875,3076.59521484375
343,2,4,0.007300000000000011,665.4679383791903,22.130853271484376,25.796665256951144,161.92606393914474,3076.59521484375
