epoch,startPos,prefixLength,learnRate,MSE,MAE,RMSE,meanLoss,totalLoss
442,3,mix,0.006300000000000009,562.1183150259276,17.50350284576416,23.709034460009704,20.31157938639323,60.93473815917969
442,3,3,0.006300000000000009,497.5287394446225,16.85770457983017,22.305352260043385,20.31157938639323,60.93473815917969
442,3,4,0.006300000000000009,496.77787211836494,20.46193039417267,22.28851435422211,60.93473815917969,60.93473815917969
