epoch,startPos,prefixLength,learnRate,MSE,MAE,RMSE,meanLoss,totalLoss
182,4,mix,0.00850000000000001,303.7290714106904,7.829382954724133,17.427824632199233,7.64856679815995,145.32276916503906
182,4,4,0.00850000000000001,305.13555729533414,7.923132957518101,17.468129759517307,7.64856679815995,145.32276916503906
182,4,5,0.00850000000000001,175.39769332869602,5.915320456493646,13.243779420116299,29.064553833007814,145.32276916503906
