epoch,startPos,prefixLength,learnRate,MSE,MAE,RMSE,meanLoss,totalLoss
364,3,mix,0.00690000000000001,478.87217954431014,10.8674581235444,21.883148300560187,10.472116159838299,450.3009948730469
364,3,3,0.00690000000000001,482.9746481313375,10.97540435432033,21.97668419328397,10.472116159838299,450.3009948730469
364,3,4,0.00690000000000001,306.3025402916683,7.57645281739533,17.50150108681162,23.70005236173931,450.3009948730469
