epoch,startPos,prefixLength,learnRate,MSE,MAE,RMSE,meanLoss,totalLoss
194,2,mix,0.00850000000000001,116.71159305348107,2.889090062289557,10.803313984767872,2.338186553030303,154.3203125
194,2,2,0.00850000000000001,116.57555031904809,2.87071326267706,10.797015806186822,2.338186553030303,154.3203125
194,2,3,0.00850000000000001,77.65044173437487,2.355751446300758,8.811948804570694,12.860026041666666,154.3203125
194,2,4,0.00850000000000001,102.20079334677344,2.9533319406696137,10.109440802872008,51.440104166666664,154.3203125
