epoch,startPos,prefixLength,learnRate,MSE,MAE,RMSE,meanLoss,totalLoss
431,2,mix,0.00670000000000001,764.2916412158204,23.124037306974916,27.645825023243933,23.224592854205827,3088.870849609375
431,2,2,0.00670000000000001,764.4203487124887,23.083676040172577,27.64815271790303,23.224592854205827,3088.870849609375
431,2,3,0.00670000000000001,820.140346524231,23.650751292705536,28.638092578316577,61.7774169921875,3088.870849609375
431,2,4,0.00670000000000001,903.191216754751,25.121948051452637,30.053139881795232,162.57214997944078,3088.870849609375
431,2,5,0.00670000000000001,954.918836866098,23.437174320220947,30.90176106415455,514.8118082682291,3088.870849609375
