epoch,startPos,prefixLength,learnRate,MSE,MAE,RMSE,meanLoss,totalLoss
37,5,mix,0.009800000000000001,668.2523370407002,21.901788651943207,25.850577112333493,20.92320556640625,104.61602783203125
37,5,5,0.009800000000000001,667.6439137164921,21.891219198703766,25.838806352393526,20.92320556640625,104.61602783203125
