epoch,startPos,prefixLength,learnRate,MSE,MAE,RMSE,meanLoss,totalLoss
344,2,mix,0.007400000000000012,764.2244143227356,23.118492444648464,27.64460913673289,23.24976136630639,3092.21826171875
344,2,2,0.007400000000000012,774.3435270676346,23.300609059193555,27.827028714320804,23.24976136630639,3092.21826171875
344,2,3,0.007400000000000012,776.0048301094376,23.50778371324906,27.856863249645276,61.844365234375,3092.21826171875
344,2,4,0.007400000000000012,895.4129205853573,25.026617348194122,29.923451013968247,162.74832956414474,3092.21826171875
344,2,5,0.007400000000000012,955.1814079817995,23.30437394976616,30.906009253570726,515.3697102864584,3092.21826171875
