epoch,startPos,prefixLength,learnRate,MSE,MAE,RMSE,meanLoss,totalLoss
285,2,mix,0.007800000000000013,768.8478956500945,23.322817911120023,27.728106600525297,23.370256696428573,3108.244140625
285,2,2,0.007800000000000013,764.5310737704916,23.20373971146696,27.650155040623037,23.370256696428573,3108.244140625
285,2,3,0.007800000000000013,686.8388476646622,21.926168496792133,26.2076104913184,62.1648828125,3108.244140625
285,2,4,0.007800000000000013,816.8445226841307,24.59651001691818,28.58049199513771,163.591796875,3108.244140625
