epoch,startPos,prefixLength,learnRate,MSE,MAE,RMSE,meanLoss,totalLoss
70,3,mix,0.009400000000000004,493.7071065142061,11.426844271746548,22.21952084348819,10.724519241687863,461.1543273925781
70,3,3,0.009400000000000004,497.15769435527204,11.469533134590495,22.297033308385938,10.724519241687863,461.1543273925781
70,3,4,0.009400000000000004,355.7808899451047,8.743869512528182,18.862154965568084,24.27128038908306,461.1543273925781
70,3,5,0.009400000000000004,164.32996352191017,5.834929188713431,12.819124912485648,92.23086547851562,461.1543273925781
