epoch,startPos,prefixLength,learnRate,MSE,MAE,RMSE,meanLoss,totalLoss
77,4,mix,0.009500000000000003,681.4359814281196,19.72335535287857,26.104328787159414,19.30236173930921,366.744873046875
77,4,4,0.009500000000000003,683.2070304513604,19.867531438668568,26.13822929066467,19.30236173930921,366.744873046875
77,4,5,0.009500000000000003,840.6851588790232,22.204072952270508,28.994571196674443,73.348974609375,366.744873046875
