epoch,startPos,prefixLength,learnRate,MSE,MAE,RMSE,meanLoss,totalLoss
211,5,mix,0.00830000000000001,651.7675979290611,21.52637928724289,25.529739480242668,20.934617614746095,104.67308807373047
211,5,5,0.00830000000000001,651.9203369565789,21.513400495052338,25.532730699174714,20.934617614746095,104.67308807373047
