epoch,startPos,prefixLength,learnRate,MSE,MAE,RMSE,meanLoss,totalLoss
228,2,mix,0.00850000000000001,761.6555622904932,23.033479232998456,27.598107947656363,23.221615439967106,3088.474853515625
228,2,2,0.00850000000000001,764.2092290146485,23.10956923838924,27.64433448312056,23.221615439967106,3088.474853515625
228,2,3,0.00850000000000001,881.7923299275024,24.50807859805914,29.694988296470203,61.7694970703125,3088.474853515625
228,2,4,0.00850000000000001,947.1596339874299,25.8365470290184,30.775958701353723,162.55130807976974,3088.474853515625
228,2,5,0.00850000000000001,967.3238323475257,23.42513781785965,31.10183004820658,514.7458089192709,3088.474853515625
