epoch,startPos,prefixLength,learnRate,MSE,MAE,RMSE,meanLoss,totalLoss
161,3,mix,0.008800000000000007,704.4819718062658,21.387247131421017,26.542079266822068,21.57427490234375,1078.7137451171875
161,3,3,0.008800000000000007,683.141726439305,21.270241485192226,26.136980055838606,21.57427490234375,1078.7137451171875
161,3,4,0.008800000000000007,647.9670473579379,21.234465980529784,25.455196863468526,56.77440763774671,1078.7137451171875
161,3,5,0.008800000000000007,1280.0022459185607,32.97672086954117,35.77711902764895,215.7427490234375,1078.7137451171875
