epoch,startPos,prefixLength,learnRate,MSE,MAE,RMSE,meanLoss,totalLoss
451,3,mix,0.0062000000000000085,476.8071125783074,10.812806854871186,21.835913367164366,10.498077392578125,451.4173278808594
451,3,3,0.0062000000000000085,480.50038059943114,10.963372879576953,21.92031889821476,10.498077392578125,451.4173278808594
451,3,4,0.0062000000000000085,290.9781365046134,7.138162247464061,17.058081266795906,23.758806730571546,451.4173278808594
