epoch,startPos,prefixLength,learnRate,MSE,MAE,RMSE,meanLoss,totalLoss
161,2,mix,0.008900000000000007,752.2443956277067,22.990487536963293,27.42707413538139,23.654702552279137,3146.075439453125
161,2,2,0.008900000000000007,749.113359707665,22.9559164538103,27.36993532523716,23.654702552279137,3146.075439453125
161,2,3,0.008900000000000007,834.4678324869142,24.566643559015713,28.88715687787419,62.9215087890625,3146.075439453125
161,2,4,0.008900000000000007,1140.0654741165586,29.81642970442772,33.76485560633361,165.58291786595396,3146.075439453125
161,2,5,0.008900000000000007,1729.6222140758678,37.18058842420578,41.58872700715745,629.215087890625,3146.075439453125
