epoch,startPos,prefixLength,learnRate,MSE,MAE,RMSE,meanLoss,totalLoss
368,2,mix,0.0070000000000000106,116.46067642119934,2.86113284074225,10.791694789105154,2.331107399680398,153.85308837890625
368,2,2,0.0070000000000000106,116.23830677180479,2.8409152595305547,10.781387052314038,2.331107399680398,153.85308837890625
368,2,3,0.0070000000000000106,77.64739279612566,2.3562681293751666,8.811775802647594,12.821090698242188,153.85308837890625
368,2,4,0.0070000000000000106,101.61911755102537,2.7819674713882705,10.080630811165806,51.28436279296875,153.85308837890625
