epoch,startPos,prefixLength,learnRate,MSE,MAE,RMSE,meanLoss,totalLoss
365,2,mix,0.0070000000000000106,347.44262965874765,8.530456021494631,18.639813026389177,8.410470303622159,925.1517333984375
365,2,2,0.0070000000000000106,353.2585218059684,8.672741077973374,18.79517283256444,8.410470303622159,925.1517333984375
365,2,3,0.0070000000000000106,507.44880940540537,11.344483107836409,22.526624456527113,21.515156590661338,925.1517333984375
365,2,4,0.0070000000000000106,304.3848524575999,7.875921687483787,17.44662868457972,48.6921964946546,925.1517333984375
365,2,5,0.0070000000000000106,173.86270853075644,5.727248279377818,13.185700911622273,185.0303466796875,925.1517333984375
