epoch,startPos,prefixLength,learnRate,MSE,MAE,RMSE,meanLoss,totalLoss
216,4,mix,0.00830000000000001,689.3827565667359,20.689259123802184,26.25609941645438,19.208431846217106,364.960205078125
216,4,4,0.00830000000000001,668.3793401809801,20.433010935783386,25.853033481218024,19.208431846217106,364.960205078125
216,4,5,0.00830000000000001,808.1360750754961,25.680550515651703,28.427734258563348,60.826700846354164,364.960205078125
