epoch,startPos,prefixLength,learnRate,MSE,MAE,RMSE,meanLoss,totalLoss
190,3,mix,0.00840000000000001,458.9736409453257,10.498702704567801,21.423670109141565,10.82062619231468,465.28692626953125
190,3,3,0.00840000000000001,485.7176997501965,11.01574232056737,22.039004055315125,10.82062619231468,465.28692626953125
190,3,4,0.00840000000000001,292.11561427346703,7.684382051974535,17.091390062644614,24.488785593133223,465.28692626953125
190,3,5,0.00840000000000001,130.66484796655334,3.211060455068946,11.430872581152908,93.05738525390625,465.28692626953125
