epoch,startPos,prefixLength,learnRate,MSE,MAE,RMSE,meanLoss,totalLoss
335,3,mix,0.007200000000000011,553.3059839776571,12.490956394848498,23.522457014046324,10.285178251044695,442.2626647949219
335,3,3,0.007200000000000011,546.2044509369497,12.348999647084963,23.371017327813302,10.285178251044695,442.2626647949219
335,3,4,0.007200000000000011,319.5494341872794,7.78919519148767,17.875945686516264,23.276982357627467,442.2626647949219
