epoch,startPos,prefixLength,learnRate,MSE,MAE,RMSE,meanLoss,totalLoss
183,1,mix,0.0004999999999999998,787.434402190787,22.210410905381043,28.06126159300018,21.33139419555664,4095.627685546875
183,1,1,0.0004999999999999998,785.9932685130685,22.138727121055126,28.035571485401693,21.33139419555664,4095.627685546875
183,1,2,0.0004999999999999998,1318.216573865712,29.53053279717763,36.30725235907713,30.794193124412594,4095.627685546875
183,1,3,0.0004999999999999998,1869.288470377012,37.53280339791225,43.235268825080894,81.9125537109375,4095.627685546875
183,1,4,0.0004999999999999998,2084.983587697201,41.1204749584198,45.66162051107255,215.55935187088815,4095.627685546875
