epoch,startPos,prefixLength,learnRate,MSE,MAE,RMSE,meanLoss,totalLoss
74,3,mix,0.009400000000000004,484.4677351565658,11.006711672991514,22.010627777429836,10.507154597792514,451.8076477050781
74,3,3,0.009400000000000004,486.9284753201953,11.08480264889923,22.066455884899035,10.507154597792514,451.8076477050781
74,3,4,0.009400000000000004,298.5510980095788,7.359245820716024,17.278631253938457,23.77934987921464,451.8076477050781
