epoch,startPos,prefixLength,learnRate,MSE,MAE,RMSE,meanLoss,totalLoss
117,1,mix,0.001,325.6056983974309,9.734478165763756,18.044547608555636,9.542897363852338,1631.83544921875
117,1,1,0.001,325.53785520558256,9.728263005007838,18.042667629970424,9.542897363852338,1631.83544921875
117,1,2,0.001,326.7321779150078,9.7656357582762,18.075734505546595,11.573301058289006,1631.83544921875
117,1,3,0.001,342.26645453272977,10.16009702712584,18.50044471175571,16.483186355744948,1631.83544921875
117,1,4,0.001,309.9884266700398,9.50654217073073,17.60648819810583,21.19266817167208,1631.83544921875
