epoch,startPos,prefixLength,learnRate,MSE,MAE,RMSE,meanLoss,totalLoss
124,1,mix,0.001,708.6949580945162,21.70979965850711,26.621325250530187,21.50275421142578,4128.52880859375
124,1,1,0.001,708.0952820509916,21.700678795576096,26.610059790443756,21.50275421142578,4128.52880859375
124,1,2,0.001,1293.2571210321858,29.2745313302559,35.96188428089087,31.04156998942669,4128.52880859375
124,1,3,0.001,1995.9727521607017,39.208106201428635,44.67631086113425,82.570576171875,4128.52880859375
124,1,4,0.001,2708.0360205774023,47.769990825653075,52.03879341969222,217.29098992598685,4128.52880859375
124,1,5,0.001,4242.5572017440945,61.74014365673065,65.13491538141501,825.70576171875,4128.52880859375
