epoch,startPos,prefixLength,learnRate,MSE,MAE,RMSE,meanLoss,totalLoss
366,3,mix,0.0070000000000000106,668.0259348902921,21.368892243275276,25.846197687286462,20.994228515625,1049.71142578125
366,3,3,0.0070000000000000106,664.3016096510657,21.340129393797653,25.77404915125029,20.994228515625,1049.71142578125
366,3,4,0.0070000000000000106,583.4511172694449,19.53608646392822,24.15473281304194,55.24796977796053,1049.71142578125
