epoch,startPos,prefixLength,learnRate,MSE,MAE,RMSE,meanLoss,totalLoss
99,3,mix,0.009300000000000004,509.34071817623953,11.390511457384987,22.568578115961127,10.444960483284884,449.13330078125
99,3,3,0.009300000000000004,502.89971296711536,11.264632272618739,22.425425591660805,10.444960483284884,449.13330078125
99,3,4,0.009300000000000004,304.4280357910322,7.875986335426569,17.44786622458552,23.638594777960527,449.13330078125
99,3,5,0.009300000000000004,177.8950964590554,6.227548837661743,13.337732058301944,89.82666015625,449.13330078125
