epoch,startPos,prefixLength,learnRate,MSE,MAE,RMSE,meanLoss,totalLoss
247,3,mix,0.008000000000000012,77.65177295905828,2.3555501605900417,8.812024339449946,2.373236815134684,28.47884178161621
247,3,3,0.008000000000000012,77.65175509188799,2.3555506105332142,8.81202332565501,2.373236815134684,28.47884178161621
247,3,4,0.008000000000000012,178.5458692648207,4.421915833565663,13.362105719714267,9.492947260538736,28.47884178161621
