epoch,startPos,prefixLength,learnRate,MSE,MAE,RMSE,meanLoss,totalLoss
308,3,mix,0.007500000000000012,665.925393369922,21.494594372235813,25.805530286547533,21.01208984375,1050.6044921875
308,3,3,0.007500000000000012,664.0583584256837,21.48968815803528,25.76932980163985,21.01208984375,1050.6044921875
308,3,4,0.007500000000000012,586.6285386851148,19.874927473068237,24.22041574137642,55.294973273026315,1050.6044921875
