epoch,startPos,prefixLength,learnRate,MSE,MAE,RMSE,meanLoss,totalLoss
301,4,mix,0.007500000000000012,298.8536582683446,7.997651835530997,17.28738436746128,7.874045121042352,149.6068572998047
301,4,4,0.007500000000000012,290.31086262430637,7.6557931646704676,17.03851116219684,7.874045121042352,149.6068572998047
301,4,5,0.007500000000000012,130.68240755820818,3.2137925140559673,11.431640632831675,29.921371459960938,149.6068572998047
