epoch,startPos,prefixLength,learnRate,MSE,MAE,RMSE,meanLoss,totalLoss
443,4,mix,0.006300000000000009,302.9799823743032,7.782134979963303,17.406320184757696,7.428874768708882,141.14862060546875
443,4,4,0.006300000000000009,302.98200088635946,7.782171351090073,17.40637816682033,7.428874768708882,141.14862060546875
443,4,5,0.006300000000000009,176.86230268817081,6.102057728916407,13.298958706912764,28.22972412109375,141.14862060546875
