epoch,startPos,prefixLength,learnRate,MSE,MAE,RMSE,meanLoss,totalLoss
195,2,mix,0.00850000000000001,306.56101569821885,7.565756270329335,17.50888390784001,8.635867007143863,958.5812377929688
195,2,2,0.00850000000000001,303.03856628360205,7.480386425142309,17.40800293783299,8.635867007143863,958.5812377929688
195,2,3,0.00850000000000001,477.62583136892357,10.891102784905922,21.854652396433202,22.29258692541788,958.5812377929688
195,2,4,0.00850000000000001,298.42403618175706,7.368412958458066,17.274954013882557,50.45164409436678,958.5812377929688
