epoch,startPos,prefixLength,learnRate,MSE,MAE,RMSE,meanLoss,totalLoss
481,2,mix,0.006100000000000008,747.3179304924078,22.96947975018445,27.337116352907593,23.51438594043703,3127.413330078125
481,2,2,0.006100000000000008,745.0054509988261,22.922942396472482,27.294787982302154,23.51438594043703,3127.413330078125
481,2,3,0.006100000000000008,839.6438215119007,24.589714380411003,28.97660817818229,62.5482666015625,3127.413330078125
481,2,4,0.006100000000000008,1201.1491848402293,30.869239459435146,34.657599236534395,164.60070158305922,3127.413330078125
481,2,5,0.006100000000000008,1844.1219521820199,38.38847059011459,42.94324105353507,625.482666015625,3127.413330078125
