epoch,startPos,prefixLength,learnRate,MSE,MAE,RMSE,meanLoss,totalLoss
488,2,mix,0.006000000000000008,767.7931464746521,23.279060826582068,27.70908057793784,23.274057947603385,3095.44970703125
488,2,2,0.006000000000000008,768.5334192781314,23.330280244350433,27.722435305689352,23.274057947603385,3095.44970703125
488,2,3,0.006000000000000008,670.9535450644896,21.45562775318439,25.902770992009515,61.908994140625,3095.44970703125
488,2,4,0.006000000000000008,708.2242519888189,22.599457454681396,26.6124830105877,162.91840563322367,3095.44970703125
