epoch,startPos,prefixLength,learnRate,MSE,MAE,RMSE,meanLoss,totalLoss
169,2,mix,0.008800000000000007,770.2367584626469,23.323958019999896,27.75313961451293,23.36589520676692,3107.6640625
169,2,2,0.008800000000000007,777.8249776931577,23.470097164897357,27.8895137586362,23.36589520676692,3107.6640625
169,2,3,0.008800000000000007,686.8455659169281,21.95548783815824,26.207738664694595,62.15328125,3107.6640625
169,2,4,0.008800000000000007,836.0401888227758,24.877557826042175,28.914359560999717,163.5612664473684,3107.6640625
