epoch,startPos,prefixLength,learnRate,MSE,MAE,RMSE,meanLoss,totalLoss
111,2,mix,0.009300000000000004,789.3742755829659,23.620175164757352,28.09580530226827,23.113123384633457,3074.04541015625
111,2,2,0.009300000000000004,785.1497056059056,23.588443792227544,28.02052293598222,23.113123384633457,3074.04541015625
111,2,3,0.009300000000000004,744.4772851012422,23.13954350581536,27.285111051656767,61.480908203125,3074.04541015625
111,2,4,0.009300000000000004,728.9356937915405,23.459955525398254,26.998809118024827,161.79186369243422,3074.04541015625
