epoch,startPos,prefixLength,learnRate,MSE,MAE,RMSE,meanLoss,totalLoss
451,3,mix,0.0062000000000000085,538.9901233443351,12.266203338618983,23.21616082267555,10.39140213367551,446.8302917480469
451,3,3,0.0062000000000000085,537.7628046234154,12.243274107575417,23.1897133363786,10.39140213367551,446.8302917480469
451,3,4,0.0062000000000000085,319.60373991146173,7.787737302854657,17.877464582861343,23.517383776212995,446.8302917480469
