epoch,startPos,prefixLength,learnRate,MSE,MAE,RMSE,meanLoss,totalLoss
484,2,mix,0.006000000000000008,116.59891106706537,2.8792144955289,10.798097567028433,2.3307932073419746,153.8323516845703
484,2,2,0.006000000000000008,116.57410572040706,2.870946626406615,10.796948907927973,2.3307932073419746,153.8323516845703
484,2,3,0.006000000000000008,77.64913167761883,2.355986955598155,8.811874470146453,12.81936264038086,153.8323516845703
484,2,4,0.006000000000000008,137.9012772472536,3.625378807445486,11.743137453306659,51.27745056152344,153.8323516845703
