epoch,startPos,prefixLength,learnRate,MSE,MAE,RMSE,meanLoss,totalLoss
425,3,mix,0.006500000000000009,589.3500942153421,19.65945595044356,24.2765338179762,21.20866943359375,1060.4334716796875
425,3,3,0.006500000000000009,591.1595018409698,19.566847984607403,24.31377185549313,21.20866943359375,1060.4334716796875
425,3,4,0.006500000000000009,571.4184025255638,19.10524775981903,23.90435948787509,55.812287983141445,1060.4334716796875
