epoch,startPos,prefixLength,learnRate,MSE,MAE,RMSE,meanLoss,totalLoss
67,1,mix,0.006,797.652810531842,22.32663084194064,28.242747928129123,21.331724802652996,4095.691162109375
67,1,1,0.006,792.1081427900777,22.222122330839436,28.144415836717553,21.331724802652996,4095.691162109375
67,1,2,0.006,1299.358023242547,29.343932325189765,36.04660903944429,30.794670391799812,4095.691162109375
67,1,3,0.006,1884.5285615585135,37.6133550634751,43.41115710918696,81.9138232421875,4095.691162109375
67,1,4,0.006,2073.8452550994257,41.02741208076477,45.53949115986504,215.56269274259867,4095.691162109375
