epoch,startPos,prefixLength,learnRate,MSE,MAE,RMSE,meanLoss,totalLoss
280,4,mix,0.007700000000000012,688.1283931851723,19.97134695450465,26.23220145518047,19.40061388517681,368.6116638183594
280,4,4,0.007700000000000012,686.719937766046,19.905490120251972,26.205341779225968,19.40061388517681,368.6116638183594
280,4,5,0.007700000000000012,836.105392418382,22.24383682012558,28.91548706866931,73.72233276367187,368.6116638183594
