epoch,startPos,prefixLength,learnRate,MSE,MAE,RMSE,meanLoss,totalLoss
280,3,mix,0.007800000000000013,597.9650302909022,19.82973601267888,24.453323501947587,21.2737744140625,1063.688720703125
280,3,3,0.007800000000000013,597.6510995097628,19.800397730790653,24.446903679397987,21.2737744140625,1063.688720703125
280,3,4,0.007800000000000013,559.3962467776848,18.946675491333007,23.65155907710282,55.98361687911184,1063.688720703125
