epoch,startPos,prefixLength,learnRate,MSE,MAE,RMSE,meanLoss,totalLoss
122,2,mix,0.009200000000000005,757.5482100694733,23.04553677579936,27.52359369830679,23.60881329299812,3139.97216796875
122,2,2,0.009200000000000005,756.9497407358559,23.028357290169772,27.512719617221702,23.60881329299812,3139.97216796875
122,2,3,0.009200000000000005,842.6300673363878,24.720024819557484,29.028091003997968,62.799443359375,3139.97216796875
122,2,4,0.009200000000000005,1170.091181743474,30.32354013125102,34.20659558832878,165.26169305098685,3139.97216796875
122,2,5,0.009200000000000005,1769.0782374491973,37.6652549803257,42.06041176033822,627.99443359375,3139.97216796875
