epoch,startPos,prefixLength,learnRate,MSE,MAE,RMSE,meanLoss,totalLoss
156,4,mix,0.008800000000000007,288.60116325921024,7.654626236110926,16.988265457638995,8.163069875616776,155.09832763671875
156,4,4,0.008800000000000007,300.93010144459936,8.076262966543435,17.347337013057633,8.163069875616776,155.09832763671875
156,4,5,0.008800000000000007,130.6736322697398,3.2124279104173183,11.43125681059348,31.01966552734375,155.09832763671875
