epoch,startPos,prefixLength,learnRate,MSE,MAE,RMSE,meanLoss,totalLoss
192,3,mix,0.00850000000000001,673.8181461951426,21.599939392163204,25.95800736179768,21.07063720703125,1053.5318603515625
192,3,3,0.00850000000000001,671.2993204954747,21.53508438513829,25.90944461958756,21.07063720703125,1053.5318603515625
192,3,4,0.00850000000000001,566.6471440152524,19.288671588897706,23.804351367244863,55.449045281661185,1053.5318603515625
