epoch,startPos,prefixLength,learnRate,MSE,MAE,RMSE,meanLoss,totalLoss
219,3,mix,0.008200000000000011,480.80695038373574,10.92233295857229,21.927310605355498,10.447431697401889,449.23956298828125
219,3,3,0.008200000000000011,483.2679056934918,11.000431343574416,21.9833551964547,10.447431697401889,449.23956298828125
219,3,4,0.008200000000000011,325.3570175128031,8.124077683314681,18.03765554368979,23.644187525699014,449.23956298828125
