epoch,startPos,prefixLength,learnRate,MSE,MAE,RMSE,meanLoss,totalLoss
336,2,mix,0.007300000000000011,347.01334914356477,8.51633755669796,18.628294316538074,8.415641091086648,925.7205200195312
336,2,2,0.007300000000000011,345.2306979958897,8.49454635148868,18.58038476447379,8.415641091086648,925.7205200195312
336,2,3,0.007300000000000011,506.6316394383375,11.382468879900195,22.50847927867046,21.528384186500727,925.7205200195312
336,2,4,0.007300000000000011,305.8243928225661,7.969104051589966,17.48783556711825,48.72213263260691,925.7205200195312
336,2,5,0.007300000000000011,174.88695613536703,5.851916551589966,13.224483208631142,185.14410400390625,925.7205200195312
