epoch,startPos,prefixLength,learnRate,MSE,MAE,RMSE,meanLoss,totalLoss
148,1,mix,0.0007999999999999999,445.96928273670943,17.46839124698079,21.11798481713417,17.503695150963345,2327.991455078125
148,1,1,0.0007999999999999999,448.7662057354193,17.537210485700406,21.184102665334194,17.503695150963345,2327.991455078125
148,1,2,0.0007999999999999999,281.2121941006033,11.481004868234907,16.7693826392209,21.16355868252841,2327.991455078125
148,1,3,0.0007999999999999999,464.4163515446373,13.900664975866675,21.550321379149715,54.139336164607556,2327.991455078125
148,1,4,0.0007999999999999999,282.31696988107814,9.393699857965112,16.802290614112056,122.52586605674342,2327.991455078125
