epoch,startPos,prefixLength,learnRate,MSE,MAE,RMSE,meanLoss,totalLoss
75,2,mix,0.009500000000000003,327.92341800375186,8.084529675942447,18.108655886170897,8.483382901278409,933.172119140625
75,2,2,0.009500000000000003,328.25511780224446,8.116865569259971,18.117812169305775,8.483382901278409,933.172119140625
75,2,3,0.009500000000000003,497.674510596809,11.507060644640164,22.308619647947943,21.70167718931686,933.172119140625
75,2,4,0.009500000000000003,346.39600516393534,8.438082668185235,18.61171687845953,49.1143220600329,933.172119140625
75,2,5,0.009500000000000003,187.12869070127508,6.860577457584441,13.679498919963226,186.634423828125,933.172119140625
