epoch,startPos,prefixLength,learnRate,MSE,MAE,RMSE,meanLoss,totalLoss
368,2,mix,0.0070000000000000106,79.66664742590162,2.3478828214854843,8.925617481491217,2.4159266153971353,65.23001861572266
368,2,2,0.0070000000000000106,80.98691604347806,2.3986617381686415,8.999273084170635,2.4159266153971353,65.23001861572266
368,2,3,0.0070000000000000106,62.7954688853921,2.4220757602042795,7.9243592097652975,21.74333953857422,65.23001861572266
368,2,4,0.0070000000000000106,1.0213480392041837e-07,0.00031174924833976547,0.00031958536249399527,65.23001861572266,65.23001861572266
