epoch,startPos,prefixLength,learnRate,MSE,MAE,RMSE,meanLoss,totalLoss
268,3,mix,0.007800000000000013,578.5608797124733,17.691497087478638,24.053292492140724,20.366324106852215,61.09897232055664
268,3,3,0.007800000000000013,556.3377441877019,17.013686418533325,23.58681292984921,20.366324106852215,61.09897232055664
268,3,4,0.007800000000000013,247.8668441230193,13.432714581489563,15.743787477065972,61.09897232055664,61.09897232055664
