epoch,startPos,prefixLength,learnRate,MSE,MAE,RMSE,meanLoss,totalLoss
98,4,mix,0.009300000000000004,292.3368365619119,7.731534417718649,17.097860584351245,7.819499768708882,148.57049560546875
98,4,4,0.009300000000000004,300.70132474609534,8.040206752717495,17.340741758820336,7.819499768708882,148.57049560546875
98,4,5,0.009300000000000004,130.6639910319703,3.2109833043068647,11.430835097750746,29.71409912109375,148.57049560546875
