epoch,startPos,prefixLength,learnRate,MSE,MAE,RMSE,meanLoss,totalLoss
204,1,mix,0.0002999999999999998,211.85393901302248,5.093321163359096,14.55520315945547,4.607878950305451,612.847900390625
204,1,1,0.0002999999999999998,211.85393926651074,5.093321159982245,14.555203168163292,4.607878950305451,612.847900390625
204,1,2,0.0002999999999999998,77.02703613901583,2.2461490273210103,8.776504779182646,22.698070384837962,612.847900390625
204,1,3,0.0002999999999999998,50.859061372425636,2.078174318953643,7.131553924105575,204.28263346354166,612.847900390625
204,1,4,0.0002999999999999998,5.2737825216472e-09,7.206719976693421e-05,7.262081328136721e-05,612.847900390625,612.847900390625
