epoch,startPos,prefixLength,learnRate,MSE,MAE,RMSE,meanLoss,totalLoss
425,4,mix,0.006500000000000009,693.5603410931088,20.095915496349335,26.335533810673155,19.25947972347862,365.93011474609375
425,4,4,0.006500000000000009,688.4221549750099,19.88764065504074,26.237800116911668,19.25947972347862,365.93011474609375
425,4,5,0.006500000000000009,825.1523583079111,21.693696677684784,28.725465327961373,73.18602294921875,365.93011474609375
