epoch,startPos,prefixLength,learnRate,MSE,MAE,RMSE,meanLoss,totalLoss
395,3,mix,0.00680000000000001,667.7067374493342,21.291387117826023,25.84002200945917,21.033828125,1051.69140625
395,3,3,0.00680000000000001,659.3718335138893,21.20290091404548,25.678236573290803,21.033828125,1051.69140625
395,3,4,0.00680000000000001,587.2076030076867,19.582499742507935,24.232366847002105,55.35217927631579,1051.69140625
