epoch,startPos,prefixLength,learnRate,MSE,MAE,RMSE,meanLoss,totalLoss
451,3,mix,0.0062000000000000085,468.1182709875651,10.629933582110839,21.636041019270717,10.895363031431685,468.5006103515625
451,3,3,0.0062000000000000085,461.1015513830361,10.527663170614026,21.473275283082366,10.895363031431685,468.5006103515625
451,3,4,0.0062000000000000085,296.31840169294117,7.847589598596096,17.213901408249704,24.65792686060855,468.5006103515625
451,3,5,0.0062000000000000085,130.65552994665063,3.2119343038648367,11.430464992582351,93.7001220703125,468.5006103515625
