epoch,startPos,prefixLength,learnRate,MSE,MAE,RMSE,meanLoss,totalLoss
326,3,mix,0.007300000000000011,522.6232493071818,16.849023163318634,22.86095468932087,20.781190236409504,62.343570709228516
326,3,3,0.007300000000000011,633.9363913687205,17.744291722774506,25.178093481610567,20.781190236409504,62.343570709228516
326,3,4,0.007300000000000011,275.24660003158647,13.027171432971954,16.590557556380872,62.343570709228516,62.343570709228516
