epoch,startPos,prefixLength,learnRate,MSE,MAE,RMSE,meanLoss,totalLoss
152,4,mix,0.008800000000000007,343.24829734567373,8.339653255790472,18.526961362988636,7.835811414216694,148.8804168701172
152,4,4,0.008800000000000007,352.84958062801627,8.639652067422867,18.78429079385262,7.835811414216694,148.8804168701172
152,4,5,0.008800000000000007,183.4193494241116,6.68966144695878,13.54323998990314,29.776083374023436,148.8804168701172
