epoch,startPos,prefixLength,learnRate,MSE,MAE,RMSE,meanLoss,totalLoss
384,3,mix,0.00680000000000001,581.8710449886275,17.656161665916443,24.122003336966596,20.351421356201172,61.054264068603516
384,3,3,0.00680000000000001,505.7058966430109,16.46495282649994,22.487905563724933,20.351421356201172,61.054264068603516
384,3,4,0.00680000000000001,431.5941661116831,17.44774901866913,20.774844550842808,61.054264068603516,61.054264068603516
