epoch,startPos,prefixLength,learnRate,MSE,MAE,RMSE,meanLoss,totalLoss
32,1,mix,0.009000000000000001,446.92875896883055,17.79903158008614,21.140689652157295,17.550333352913533,2334.1943359375
32,1,1,0.009000000000000001,446.5055718980582,17.79030360007549,21.13067845333079,17.550333352913533,2334.1943359375
32,1,2,0.009000000000000001,295.31801093253955,15.272622225406979,17.184819199879282,21.219948508522727,2334.1943359375
32,1,3,0.009000000000000001,381.42884191618975,17.03197304565798,19.530203325008927,54.283589207848834,2334.1943359375
32,1,4,0.009000000000000001,267.93358015192,14.903523194789887,16.368676799054956,122.85233347039474,2334.1943359375
32,1,5,0.009000000000000001,190.72081252696313,12.6114906296134,13.810170619038823,466.8388671875,2334.1943359375
