epoch,startPos,prefixLength,learnRate,MSE,MAE,RMSE,meanLoss,totalLoss
181,3,mix,0.00850000000000001,553.4764988395225,17.14829283952713,23.526081246980393,20.7706782023112,62.312034606933594
181,3,3,0.00850000000000001,546.6223552530535,17.153002083301544,23.379956271410208,20.7706782023112,62.312034606933594
181,3,4,0.00850000000000001,89.76366410448645,8.369589805603027,9.474368797154058,62.312034606933594,62.312034606933594
