epoch,startPos,prefixLength,learnRate,MSE,MAE,RMSE,meanLoss,totalLoss
480,3,mix,0.005900000000000008,546.5297669946756,12.403722919862378,23.377976109891883,10.281619759493095,442.1096496582031
480,3,3,0.005900000000000008,538.715769214332,12.260338652032344,23.210251381971975,10.281619759493095,442.1096496582031
480,3,4,0.005900000000000008,319.93711870563544,7.8437805905938145,17.886786148037757,23.26892892937911,442.1096496582031
