epoch,startPos,prefixLength,learnRate,MSE,MAE,RMSE,meanLoss,totalLoss
282,2,mix,0.007800000000000013,335.6615813211061,8.308167171930629,18.32106932799246,8.488940984552556,933.7835083007812
282,2,2,0.007800000000000013,334.3903991363797,8.281823703686573,18.28634460837867,8.488940984552556,933.7835083007812
282,2,3,0.007800000000000013,468.0952542123656,10.67786163260991,21.635509104533813,21.715895541878634,933.7835083007812
282,2,4,0.007800000000000013,306.6711500643785,8.259807227551937,17.512028724975828,49.14650043688322,933.7835083007812
282,2,5,0.007800000000000013,130.565576985705,3.2223455905914307,11.426529525000362,186.75670166015624,933.7835083007812
