epoch,startPos,prefixLength,learnRate,MSE,MAE,RMSE,meanLoss,totalLoss
119,1,mix,0.001,425.04019202702784,17.34651214618123,20.616502904882484,17.589662021264097,2339.425048828125
119,1,1,0.001,428.0059481070868,17.387123031146597,20.688304621381782,17.589662021264097,2339.425048828125
119,1,2,0.001,270.04257782174585,11.671738123920347,16.432972275937967,21.267500443892047,2339.425048828125
119,1,3,0.001,391.27452799069977,12.50292830304666,19.780660453854917,54.405233693677324,2339.425048828125
119,1,4,0.001,257.91070217833965,9.597938886284828,16.059598443869625,123.12763414884868,2339.425048828125
119,1,5,0.001,120.66445391232438,5.2312492579221725,10.984737316491659,467.885009765625,2339.425048828125
