epoch,startPos,prefixLength,learnRate,MSE,MAE,RMSE,meanLoss,totalLoss
45,3,mix,0.009700000000000002,481.6366667730357,10.970407696271485,21.946222152640207,10.419837419376817,448.0530090332031
45,3,3,0.009700000000000002,478.3550127111981,10.844039125029337,21.871328553867002,10.419837419376817,448.0530090332031
45,3,4,0.009700000000000002,302.40380958942217,7.467705310881138,17.38976163118466,23.581737317537005,448.0530090332031
