epoch,startPos,prefixLength,learnRate,MSE,MAE,RMSE,meanLoss,totalLoss
137,2,mix,0.009000000000000006,336.06381503766477,8.277407431309777,18.332043395040955,8.487957208806819,933.67529296875
137,2,2,0.009000000000000006,330.61425039568434,8.172636074213576,18.182800950229982,8.487957208806819,933.67529296875
137,2,3,0.009000000000000006,460.2070524771276,10.752818244763397,21.452436982243476,21.71337890625,933.67529296875
137,2,4,0.009000000000000006,289.13610351329925,7.63916986733675,17.004002573314885,49.1408048930921,933.67529296875
137,2,5,0.009000000000000006,129.3341002064019,3.368714096955955,11.372515122276246,186.73505859375,933.67529296875
