epoch,startPos,prefixLength,learnRate,MSE,MAE,RMSE,meanLoss,totalLoss
309,3,mix,0.007500000000000012,730.6364994870036,22.168649829350986,27.030288557227863,20.80973876953125,1040.4869384765625
309,3,3,0.007500000000000012,761.3041581332898,22.454202972925625,27.5917407593883,20.80973876953125,1040.4869384765625
309,3,4,0.007500000000000012,658.6861949585184,21.116305804252626,25.664882523762277,54.76247044613487,1040.4869384765625
309,3,5,0.007500000000000012,720.6511896177431,23.855696260929108,26.844947189699276,173.41448974609375,1040.4869384765625
