epoch,startPos,prefixLength,learnRate,MSE,MAE,RMSE,meanLoss,totalLoss
311,2,mix,0.007500000000000012,346.6222009587783,8.388877107362662,18.617792590927053,8.415330921519887,925.6864013671875
311,2,2,0.007500000000000012,348.5218352493419,8.433911011221685,18.6687395195643,8.415330921519887,925.6864013671875
311,2,3,0.007500000000000012,543.8222945895202,12.329557209190996,23.319997739912417,21.527590729469477,925.6864013671875
311,2,4,0.007500000000000012,327.10901977060684,7.941065621376038,18.08615547236634,48.7203369140625,925.6864013671875
