epoch,startPos,prefixLength,learnRate,MSE,MAE,RMSE,meanLoss,totalLoss
185,4,mix,0.00850000000000001,292.3311714746675,7.73497216552496,17.097694916995902,8.072249563116776,153.37274169921875
185,4,4,0.00850000000000001,294.521164579811,7.831790901720524,17.161618938194934,8.072249563116776,153.37274169921875
185,4,5,0.00850000000000001,130.64770189505595,3.2128442134708166,11.43012256693059,30.67454833984375,153.37274169921875
