epoch,startPos,prefixLength,learnRate,MSE,MAE,RMSE,meanLoss,totalLoss
480,3,mix,0.005900000000000008,466.27008074132755,10.645047425885092,21.5932878631608,10.750635901162791,462.27734375
480,3,3,0.005900000000000008,455.37396890032903,10.399312454868447,21.33949317346429,10.750635901162791,462.27734375
480,3,4,0.005900000000000008,294.224409514968,7.765746433287859,17.15297086556635,24.330386513157894,462.27734375
480,3,5,0.005900000000000008,130.6630244440822,3.2110583558678627,11.430792817826863,92.45546875,462.27734375
