epoch,startPos,prefixLength,learnRate,MSE,MAE,RMSE,meanLoss,totalLoss
251,3,mix,0.008000000000000012,599.766775813277,19.916916434581463,24.49013629633933,21.2666845703125,1063.334228515625
251,3,3,0.008000000000000012,601.3510764333988,19.88154927125344,24.52246065209197,21.2666845703125,1063.334228515625
251,3,4,0.008000000000000012,553.1930773741915,18.65279620885849,23.520056916899488,55.96495939555921,1063.334228515625
