epoch,startPos,prefixLength,learnRate,MSE,MAE,RMSE,meanLoss,totalLoss
37,1,mix,0.009000000000000001,706.8159082425454,21.716000395206112,26.586009633687894,21.50779978434245,4129.49755859375
37,1,1,0.009000000000000001,706.4186728192441,21.69192890357226,26.578537823199458,21.50779978434245,4129.49755859375
37,1,2,0.009000000000000001,1282.0815254172687,29.116640644914963,35.806166025103394,31.048853824013158,4129.49755859375
37,1,3,0.009000000000000001,1994.0217839759314,39.13623919853797,44.654471041273474,82.589951171875,4129.49755859375
37,1,4,0.009000000000000001,2730.520170719014,48.0377379655838,52.254379440569515,217.3419767680921,4129.49755859375
37,1,5,0.009000000000000001,4195.658731227581,61.39143645763397,64.77390470882222,825.89951171875,4129.49755859375
