epoch,startPos,prefixLength,learnRate,MSE,MAE,RMSE,meanLoss,totalLoss
392,3,mix,0.00680000000000001,77.65658079415948,2.3563825407486547,8.812297134922284,2.373063564300537,28.476762771606445
392,3,3,0.00680000000000001,77.65657012194683,2.3563820217686953,8.812296529392711,2.373063564300537,28.476762771606445
392,3,4,0.00680000000000001,143.03834123614917,3.938412501730454,11.95986376327712,9.492254257202148,28.476762771606445
