epoch,startPos,prefixLength,learnRate,MSE,MAE,RMSE,meanLoss,totalLoss
418,3,mix,0.006400000000000009,501.1070849353415,11.578268385407599,22.385421258831418,10.654665215070857,458.1506042480469
418,3,3,0.006400000000000009,501.64821580154256,11.58537062223662,22.3975046780114,10.654665215070857,458.1506042480469
418,3,4,0.006400000000000009,343.1423086537641,8.33962454944849,18.524100751555096,24.113189697265625,458.1506042480469
418,3,5,0.006400000000000009,190.8939433756478,7.032940365374088,13.81643743428992,91.63012084960937,458.1506042480469
