epoch,startPos,prefixLength,learnRate,MSE,MAE,RMSE,meanLoss,totalLoss
397,2,mix,0.00680000000000001,77.01700460426146,2.2479638251343204,8.775933261155844,2.43022381817853,65.61604309082031
397,2,2,0.00680000000000001,80.97730496123665,2.400282921523285,8.998739076183766,2.43022381817853,65.61604309082031
397,2,3,0.00680000000000001,70.22297674492665,2.4858679876633687,8.379915079815945,21.87201436360677,65.61604309082031
397,2,4,0.00680000000000001,5.4055436601962115e-06,0.002322347016161075,0.002324982507503274,65.61604309082031,65.61604309082031
