epoch,startPos,prefixLength,learnRate,MSE,MAE,RMSE,meanLoss,totalLoss
32,1,mix,0.009000000000000001,448.17525731676363,17.521170664691564,21.170150148658927,17.505886909656954,2328.282958984375
32,1,1,0.009000000000000001,447.3137038097599,17.505317916359864,21.1497920512179,17.505886909656954,2328.282958984375
32,1,2,0.009000000000000001,282.3173677616971,11.499849053631936,16.802302454178626,21.166208718039773,2328.282958984375
32,1,3,0.009000000000000001,465.8229259770523,13.885138887404041,21.58293135737248,54.14611532521803,2328.282958984375
32,1,4,0.009000000000000001,289.02800704283817,9.521898568794132,17.000823716597917,122.54120836759868,2328.282958984375
