epoch,startPos,prefixLength,learnRate,MSE,MAE,RMSE,meanLoss,totalLoss
430,2,mix,0.006500000000000009,764.7793101592231,23.253142272724826,27.654643555092573,23.28955628818139,3097.510986328125
430,2,2,0.006500000000000009,767.9259026919318,23.2337721305735,27.711476010705958,23.28955628818139,3097.510986328125
430,2,3,0.006500000000000009,679.0009922628736,21.6308211684227,26.057647481360892,61.9502197265625,3097.510986328125
430,2,4,0.006500000000000009,703.38820284606,22.67750338315964,26.521466830589517,163.02689401726974,3097.510986328125
