epoch,startPos,prefixLength,learnRate,MSE,MAE,RMSE,meanLoss,totalLoss
253,2,mix,0.008000000000000012,348.8255620188711,8.44677060230502,18.67687238321425,8.417924915660512,925.9717407226562
253,2,2,0.008000000000000012,348.32020505965005,8.411966894553709,18.663338529310614,8.417924915660512,925.9717407226562
253,2,3,0.008000000000000012,537.7153655067136,12.254866053773599,23.188690465541896,21.534226528433866,925.9717407226562
253,2,4,0.008000000000000012,326.9359104903994,7.9462768692523245,18.081369154198455,48.73535477487665,925.9717407226562
