epoch,startPos,prefixLength,learnRate,MSE,MAE,RMSE,meanLoss,totalLoss
46,2,mix,0.009800000000000001,350.3323397272554,8.611447740678809,18.717166979200012,8.411909623579545,925.31005859375
46,2,2,0.009800000000000001,348.47903633726935,8.569594853956785,18.6675932122293,8.411909623579545,925.31005859375
46,2,3,0.009800000000000001,504.7304306155282,11.312036051838236,22.466206413534266,21.518838571947676,925.31005859375
46,2,4,0.009800000000000001,304.4275653620433,7.875954884663225,17.44785274359121,48.700529399671055,925.31005859375
46,2,5,0.009800000000000001,175.3941971055681,5.915021286346018,13.243647424541628,185.06201171875,925.31005859375
