epoch,startPos,prefixLength,learnRate,MSE,MAE,RMSE,meanLoss,totalLoss
426,2,mix,0.006500000000000009,84.9474925740356,2.551036596887684,9.21669640240122,2.371848494918258,64.03990936279297
426,2,2,0.006500000000000009,87.58808365339046,2.6525953265567637,9.358850551931603,2.371848494918258,64.03990936279297
426,2,3,0.006500000000000009,91.49802422652478,3.000224063987389,9.565459958963018,21.346636454264324,64.03990936279297
426,2,4,0.006500000000000009,1.738237782414414e-07,0.0003805966439358599,0.00041692178911810474,64.03990936279297,64.03990936279297
