epoch,startPos,prefixLength,learnRate,MSE,MAE,RMSE,meanLoss,totalLoss
421,3,mix,0.006500000000000009,77.65108862105977,2.3556461719351205,8.811985509580675,2.3727471033732095,28.472965240478516
421,3,3,0.006500000000000009,77.65110193648101,2.3556418952123295,8.811986265109644,2.3727471033732095,28.472965240478516
421,3,4,0.006500000000000009,142.70115375664318,3.8282499254685263,11.945758818787661,9.490988413492838,28.472965240478516
