epoch,startPos,prefixLength,learnRate,MSE,MAE,RMSE,meanLoss,totalLoss
326,4,mix,0.007300000000000011,352.84234457995933,8.639233607798815,18.78409818383516,7.6690135755037,145.7112579345703
326,4,4,0.007300000000000011,349.6419973797671,8.539233565330505,18.698716463430507,7.6690135755037,145.7112579345703
326,4,5,0.007300000000000011,172.06820259142145,6.173619037494063,13.117476990314161,29.142251586914064,145.7112579345703
