epoch,startPos,prefixLength,learnRate,MSE,MAE,RMSE,meanLoss,totalLoss
220,2,mix,0.00830000000000001,349.8170870778268,8.599905265960842,18.703397741528857,8.42237715287642,926.4614868164062
220,2,2,0.00830000000000001,349.47988910190594,8.594221321799393,18.694381217411447,8.42237715287642,926.4614868164062
220,2,3,0.00830000000000001,512.0461292813383,11.422843880104748,22.628436297750188,21.545615972474565,926.4614868164062
220,2,4,0.00830000000000001,304.37673033381753,7.876192492619157,17.446395912446146,48.76113088507401,926.4614868164062
220,2,5,0.00830000000000001,175.8556671662177,5.97730781044811,13.261058297368944,185.29229736328125,926.4614868164062
