epoch,startPos,prefixLength,learnRate,MSE,MAE,RMSE,meanLoss,totalLoss
373,2,mix,0.007200000000000011,766.5611892172683,23.14019986987114,27.686841445301564,23.261665516329888,3093.801513671875
373,2,2,0.007200000000000011,764.0558783608914,23.05091880261898,27.641560707761986,23.261665516329888,3093.801513671875
373,2,3,0.007200000000000011,867.0852152478031,24.402048519024483,29.446310723888708,61.8760302734375,3093.801513671875
373,2,4,0.007200000000000011,918.9473869006508,25.107628828287126,30.31414499702492,162.83165861430922,3093.801513671875
373,2,5,0.007200000000000011,947.3951191930464,23.505546867847443,30.779784261639104,515.6335856119791,3093.801513671875
