epoch,startPos,prefixLength,learnRate,MSE,MAE,RMSE,meanLoss,totalLoss
38,1,mix,0.009000000000000001,797.8268939975856,22.22950717061758,28.245829674441953,21.32479985555013,4094.361572265625
38,1,1,0.009000000000000001,795.4585489490652,22.17403561497728,28.203874715171054,21.32479985555013,4094.361572265625
38,1,2,0.009000000000000001,1341.0911616682185,29.956301794332617,36.62091153519009,30.78467347568139,4094.361572265625
38,1,3,0.009000000000000001,1793.2272211996947,37.00467283909138,42.34651368412392,81.8872314453125,4094.361572265625
38,1,4,0.009000000000000001,2265.853716995955,43.61777219772339,47.60098441204714,215.49271432976974,4094.361572265625
