epoch,startPos,prefixLength,learnRate,MSE,MAE,RMSE,meanLoss,totalLoss
30,1,mix,0.009000000000000001,178.6381691819082,4.65306110021255,13.365559067315823,4.8552629406325485,1005.0394287109375
30,1,1,0.009000000000000001,179.20482245949248,4.671691139657427,13.386740546506923,4.8552629406325485,1005.0394287109375
30,1,2,0.009000000000000001,116.69599783990466,2.8834152401995503,10.802592181504616,15.227870131983902,1005.0394287109375
30,1,3,0.009000000000000001,77.65128360579737,2.355601906560281,8.811996573183478,83.75328572591145,1005.0394287109375
30,1,4,0.009000000000000001,114.76419062182772,3.2344918203956468,10.712804983841894,335.0131429036458,1005.0394287109375
