epoch,startPos,prefixLength,learnRate,MSE,MAE,RMSE,meanLoss,totalLoss
372,2,mix,0.0070000000000000106,795.3890193940532,23.62465725884293,28.202642064070048,23.115755697838345,3074.3955078125
372,2,2,0.0070000000000000106,791.5332211073237,23.576025953798585,28.13420020379687,23.115755697838345,3074.3955078125
372,2,3,0.0070000000000000106,706.974891599558,22.372570620133327,26.588999447131478,61.48791015625,3074.3955078125
372,2,4,0.0070000000000000106,646.3604303344713,21.702099561691284,25.42361953645608,161.8102898848684,3074.3955078125
