epoch,startPos,prefixLength,learnRate,MSE,MAE,RMSE,meanLoss,totalLoss
485,2,mix,0.006000000000000008,307.975371658043,7.597431465717299,17.549227095745355,8.637764045784065,958.7918090820312
485,2,2,0.006000000000000008,305.1417790178435,7.53713534486347,17.468307846435597,8.637764045784065,958.7918090820312
485,2,3,0.006000000000000008,480.6559087491276,10.925024004483765,21.923866190732134,22.297483932140263,958.7918090820312
485,2,4,0.006000000000000008,313.8199435737101,7.798292107135057,17.71496383213102,50.46272679379112,958.7918090820312
