epoch,startPos,prefixLength,learnRate,MSE,MAE,RMSE,meanLoss,totalLoss
391,3,mix,0.00690000000000001,506.4148436058885,11.36283592608842,22.50366289309117,10.466338401617007,450.05255126953125
391,3,3,0.00690000000000001,503.71573931726,11.303224760531025,22.44361243911639,10.466338401617007,450.05255126953125
391,3,4,0.00690000000000001,304.3223719032618,7.878005346097052,17.444837972972458,23.686976382606908,450.05255126953125
391,3,5,0.00690000000000001,174.31656762255997,5.791209171991795,13.202899970179278,90.01051025390625,450.05255126953125
