epoch,startPos,prefixLength,learnRate,MSE,MAE,RMSE,meanLoss,totalLoss
280,3,mix,0.007800000000000013,713.072395009423,21.74608268187596,26.70341541843333,20.80702880859375,1040.3514404296875
280,3,3,0.007800000000000013,739.2396375488987,22.079921080515934,27.1889616857448,20.80702880859375,1040.3514404296875
280,3,4,0.007800000000000013,671.083665456728,21.345703077316283,25.905282578206478,54.755338969983555,1040.3514404296875
280,3,5,0.007800000000000013,720.5141462298975,23.880956947803497,26.842394569596387,173.39190673828125,1040.3514404296875
