epoch,startPos,prefixLength,learnRate,MSE,MAE,RMSE,meanLoss,totalLoss
310,2,mix,0.007500000000000012,79.66802866650053,2.3476819355785974,8.925694856228311,2.4371504607024015,65.80306243896484
310,2,2,0.007500000000000012,78.34775166655893,2.2969010547696147,8.851426532856664,2.4371504607024015,65.80306243896484
310,2,3,0.007500000000000012,57.79694230580731,1.9531524823666757,7.602430026367051,21.934354146321613,65.80306243896484
310,2,4,0.007500000000000012,6.845010916397501e-10,2.3203442751196235e-05,2.616297176621475e-05,65.80306243896484,65.80306243896484
