epoch,startPos,prefixLength,learnRate,MSE,MAE,RMSE,meanLoss,totalLoss
136,2,mix,0.009000000000000006,87.58712984204628,2.652723839465466,9.358799594074354,2.40305017541956,64.88235473632812
136,2,2,0.009000000000000006,87.58710281158648,2.6527248203626073,9.358798149954216,2.40305017541956,64.88235473632812
136,2,3,0.009000000000000006,36.46706861524233,1.4067087367952809,6.038796950986375,21.627451578776043,64.88235473632812
136,2,4,0.009000000000000006,3.590171867356819e-07,0.0005991012849335675,0.0005991804291994874,64.88235473632812,64.88235473632812
