epoch,startPos,prefixLength,learnRate,MSE,MAE,RMSE,meanLoss,totalLoss
45,1,mix,0.009000000000000001,714.3630650893673,21.86533764260156,26.727571253096816,20.46996543390288,2845.3251953125
45,1,1,0.009000000000000001,718.2844482954222,21.949889133657727,26.800829246413667,20.46996543390288,2845.3251953125
45,1,2,0.009000000000000001,1037.8888790985468,26.05333365712847,32.216282825592195,101.61875697544643,2845.3251953125
45,1,3,0.009000000000000001,1099.9225346394321,28.813295781612396,33.16508004874151,948.4417317708334,2845.3251953125
45,1,4,0.009000000000000001,499.67274011764016,13.33430677652359,22.35336082376966,2845.3251953125,2845.3251953125
