epoch,startPos,prefixLength,learnRate,MSE,MAE,RMSE,meanLoss,totalLoss
324,2,mix,0.007500000000000012,663.4025597542695,20.5194879089083,25.75660225562117,19.285539899553573,539.9951171875
324,2,2,0.007500000000000012,663.6719039554071,20.493820633207047,25.761830368888912,19.285539899553573,539.9951171875
324,2,3,0.007500000000000012,559.3439058604574,18.895337641239166,23.650452550859516,179.99837239583334,539.9951171875
324,2,4,0.007500000000000012,300.1886934045906,16.721590995788574,17.325954328826757,539.9951171875,539.9951171875
