epoch,startPos,prefixLength,learnRate,MSE,MAE,RMSE,meanLoss,totalLoss
220,2,mix,0.00830000000000001,326.6547983523133,8.055404859595,18.07359395229165,8.486944025213068,933.5638427734375
220,2,2,0.00830000000000001,328.78482994111084,8.101721322696124,18.13242482243097,8.486944025213068,933.5638427734375
220,2,3,0.00830000000000001,496.03493276676596,11.457549135454677,22.271841701277555,21.71078704124273,933.5638427734375
220,2,4,0.00830000000000001,349.6152667603221,8.537669015675784,18.698001678262894,49.134939093338815,933.5638427734375
220,2,5,0.00830000000000001,175.83015005108254,6.343933030962944,13.260096155423705,186.7127685546875,933.5638427734375
