epoch,startPos,prefixLength,learnRate,MSE,MAE,RMSE,meanLoss,totalLoss
177,1,mix,0.0004999999999999998,448.87154616265786,17.549320039198253,21.186588827903794,17.503799782659776,2328.00537109375
177,1,1,0.0004999999999999998,446.6519559332247,17.49073718008444,21.134141949301483,17.503799782659776,2328.00537109375
177,1,2,0.0004999999999999998,282.90587814967324,11.527298374899797,16.819806126994248,21.163685191761363,2328.00537109375
177,1,3,0.0004999999999999998,458.2231490769058,13.765563838522542,21.406147459944908,54.13965979287791,2328.00537109375
177,1,4,0.0004999999999999998,282.3235852285628,9.3936965752393,16.802487471459777,122.52659847861842,2328.00537109375
