epoch,startPos,prefixLength,learnRate,MSE,MAE,RMSE,meanLoss,totalLoss
268,4,mix,0.007800000000000013,362.36252416145084,8.938804395496845,19.035822129906837,7.664796528063323,145.63113403320312
268,4,4,0.007800000000000013,352.7641995079655,8.638856787234545,18.782017982846398,7.664796528063323,145.63113403320312
268,4,5,0.007800000000000013,194.69410255462446,7.204200299456716,13.953282859407118,29.126226806640624,145.63113403320312
