epoch,startPos,prefixLength,learnRate,MSE,MAE,RMSE,meanLoss,totalLoss
210,4,mix,0.00830000000000001,365.5626768550302,9.038767012953759,19.119693429943645,7.787127043071546,147.95541381835938
210,4,4,0.00830000000000001,355.9643285627634,8.738818738609552,18.86701694923613,7.787127043071546,147.95541381835938
210,4,5,0.00830000000000001,175.79315686313538,6.3450208604335785,13.258701175572794,29.591082763671874,147.95541381835938
