epoch,startPos,prefixLength,learnRate,MSE,MAE,RMSE,meanLoss,totalLoss
10,4,mix,0.0099,671.5188925117856,20.98306785638516,25.913681570008258,56.74605520148026,1078.175048828125
10,4,4,0.0099,633.6411300587666,20.953130877017976,25.172229342248706,56.74605520148026,1078.175048828125
10,4,5,0.0099,1260.2664039193037,32.748345762491226,35.50023104036513,215.635009765625,1078.175048828125
