epoch,startPos,prefixLength,learnRate,MSE,MAE,RMSE,meanLoss,totalLoss
369,2,mix,0.0070000000000000106,338.7643888399115,8.366935921566826,18.405553206570875,8.495161021839488,934.4677124023438
369,2,2,0.0070000000000000106,337.6467708093214,8.329585339607936,18.37516723214571,8.495161021839488,934.4677124023438
369,2,3,0.0070000000000000106,471.14486848899486,10.788652699440718,21.705871751417746,21.731807265170787,934.4677124023438
369,2,4,0.0070000000000000106,292.07845510080557,7.685704919695854,17.09030295520842,49.18251117907072,934.4677124023438
369,2,5,0.0070000000000000106,130.63600407341823,3.2141652666032314,11.429610845230831,186.89354248046874,934.4677124023438
