epoch,startPos,prefixLength,learnRate,MSE,MAE,RMSE,meanLoss,totalLoss
414,5,mix,0.006500000000000009,652.8759200448112,21.49927794933319,25.55143675108723,20.766375732421874,103.83187866210938
414,5,5,0.006500000000000009,651.5273760480409,21.488207399845123,25.525034300624178,20.766375732421874,103.83187866210938
