epoch,startPos,prefixLength,learnRate,MSE,MAE,RMSE,meanLoss,totalLoss
132,3,mix,0.009000000000000006,675.9645281597952,21.10646207974507,25.99931784027795,21.381708984375,1069.08544921875
132,3,3,0.009000000000000006,682.383734727856,21.222367644309998,26.12247566230766,21.381708984375,1069.08544921875
132,3,4,0.009000000000000006,648.3103077215388,21.38036365509033,25.461938412492064,56.26765522203947,1069.08544921875
132,3,5,0.009000000000000006,1265.6019543059192,32.68850490450859,35.575299778159554,213.81708984375,1069.08544921875
