epoch,startPos,prefixLength,learnRate,MSE,MAE,RMSE,meanLoss,totalLoss
49,2,mix,0.009800000000000001,80.99929117991832,2.4007492422010728,8.999960621020422,2.4280904134114585,65.55844116210938
49,2,2,0.009800000000000001,79.67873018894561,2.3499701136370277,8.92629431449275,2.4280904134114585,65.55844116210938
49,2,3,0.009800000000000001,70.62058400977651,2.486634153774503,8.403605417306105,21.852813720703125,65.55844116210938
49,2,4,0.009800000000000001,5.044773697262661e-06,0.002245286865218077,0.0022460573673133686,65.55844116210938,65.55844116210938
