epoch,startPos,prefixLength,learnRate,MSE,MAE,RMSE,meanLoss,totalLoss
282,2,mix,0.007800000000000013,759.6623485917987,23.105198244838153,27.56197287190811,23.374904546522558,3108.8623046875
282,2,2,0.007800000000000013,752.7369501599558,23.014000952243805,27.43605201482086,23.374904546522558,3108.8623046875
282,2,3,0.007800000000000013,840.5317789546824,24.470776727566353,28.991926099427793,62.17724609375,3108.8623046875
282,2,4,0.007800000000000013,1133.5207872105927,29.079469776153566,33.66780045103322,163.6243318256579,3108.8623046875
282,2,5,0.007800000000000013,2212.5681792627197,44.12714621424675,47.037944037369655,621.7724609375,3108.8623046875
