epoch,startPos,prefixLength,learnRate,MSE,MAE,RMSE,meanLoss,totalLoss
135,4,mix,0.009000000000000006,695.7660768682371,20.081869900226593,26.377378127255884,19.384482935855264,368.30517578125
135,4,4,0.009000000000000006,689.2982651869024,19.98674241701762,26.254490381397662,19.384482935855264,368.30517578125
135,4,5,0.009000000000000006,850.1417841896614,22.26403957605362,29.157190951627378,73.66103515625,368.30517578125
