epoch,startPos,prefixLength,learnRate,MSE,MAE,RMSE,meanLoss,totalLoss
161,3,mix,0.008700000000000008,482.5427131847587,10.950373926115306,21.966854876944918,10.469781210256178,450.2005920410156
161,3,3,0.008700000000000008,482.13217813939724,10.926226985217495,21.957508468389513,10.469781210256178,450.2005920410156
161,3,4,0.008700000000000008,302.4561466717962,7.465878670662642,17.391266390685765,23.694768002158717,450.2005920410156
