epoch,startPos,prefixLength,learnRate,MSE,MAE,RMSE,meanLoss,totalLoss
314,2,mix,0.007500000000000012,763.2304294855091,23.232587961589587,27.626625372736157,23.346123487429512,3105.034423828125
314,2,2,0.007500000000000012,758.5093965676255,23.16275069994085,27.541049300410204,23.346123487429512,3105.034423828125
314,2,3,0.007500000000000012,682.3220748877981,21.870599705439346,26.12129542897515,62.1006884765625,3105.034423828125
314,2,4,0.007500000000000012,781.5399948312297,24.02296656370163,27.95603682268339,163.4228644120066,3105.034423828125
