epoch,startPos,prefixLength,learnRate,MSE,MAE,RMSE,meanLoss,totalLoss
42,4,mix,0.009800000000000001,669.2143214750482,20.390552711486816,25.869177054460938,19.213865581311676,365.0634460449219
42,4,4,0.009800000000000001,679.8777538918066,20.60669324398041,26.074465553330267,19.213865581311676,365.0634460449219
42,4,5,0.009800000000000001,780.3699768546276,25.167568683624268,27.93510295049273,60.84390767415365,365.0634460449219
