epoch,startPos,prefixLength,learnRate,MSE,MAE,RMSE,meanLoss,totalLoss
65,4,mix,0.009500000000000003,359.1643473561433,8.838787472248077,18.951631786106,7.698442157946135,146.27040100097656
65,4,4,0.009500000000000003,349.5659772410045,8.53883810415864,18.696683589369652,7.698442157946135,146.27040100097656
65,4,5,0.009500000000000003,179.57388036107733,6.516841212287545,13.400517913912035,29.25408020019531,146.27040100097656
