epoch,startPos,prefixLength,learnRate,MSE,MAE,RMSE,meanLoss,totalLoss
422,3,mix,0.006400000000000009,534.7639181556943,12.133233786814593,23.124963095228807,10.295628747274709,442.7120361328125
422,3,3,0.006400000000000009,544.9078761298031,12.356245905330235,23.343261899953124,10.295628747274709,442.7120361328125
422,3,4,0.006400000000000009,327.1116357270938,7.941181209310889,18.086227791529492,23.300633480674342,442.7120361328125
