epoch,startPos,prefixLength,learnRate,MSE,MAE,RMSE,meanLoss,totalLoss
215,3,mix,0.00830000000000001,504.68537596114095,11.316924023187973,22.465203670591126,10.492496934047965,451.1773681640625
215,3,3,0.00830000000000001,508.4180233365707,11.383750746365298,22.54812682544984,10.492496934047965,451.1773681640625
215,3,4,0.00830000000000001,305.79431730214395,7.969535770267248,17.486975647668295,23.746177271792764,451.1773681640625
215,3,5,0.00830000000000001,173.36544570890678,5.664685332216322,13.166831270617346,90.2354736328125,451.1773681640625
