epoch,startPos,prefixLength,learnRate,MSE,MAE,RMSE,meanLoss,totalLoss
164,3,mix,0.008800000000000007,591.8525658176317,19.69449808505865,24.32802017874927,21.32683349609375,1066.3416748046875
164,3,3,0.008800000000000007,595.1164562262429,19.75880786547294,24.39500883841289,21.32683349609375,1066.3416748046875
164,3,4,0.008800000000000007,567.7809268451001,19.161492919921876,23.82815407968272,56.12324604235197,1066.3416748046875
