epoch,startPos,prefixLength,learnRate,MSE,MAE,RMSE,meanLoss,totalLoss
94,4,mix,0.009300000000000004,365.5956949102314,9.037920616567135,19.12055686715822,7.75523537083676,147.34947204589844
94,4,4,0.009300000000000004,349.5963712398051,8.537948637455703,18.69749638961872,7.75523537083676,147.34947204589844
94,4,5,0.009300000000000004,168.25449332511332,6.000444570556283,12.971294974870986,29.469894409179688,147.34947204589844
