epoch,startPos,prefixLength,learnRate,MSE,MAE,RMSE,meanLoss,totalLoss
124,1,mix,0.001,705.3391796030273,21.372099955876667,26.55822244810498,21.672581990559895,4161.1357421875
124,1,1,0.001,704.11744247347,21.35860570582251,26.535211370431366,21.672581990559895,4161.1357421875
124,1,2,0.001,1316.6293485325734,29.61279954454478,36.28538753455133,31.286734903665412,4161.1357421875
124,1,3,0.001,1984.8780156613311,38.86084057734563,44.551969829193084,83.22271484375,4161.1357421875
124,1,4,0.001,2760.263550583262,48.090305318435036,52.53821038618714,219.0071443256579,4161.1357421875
124,1,5,0.001,3208.913122062789,51.75630101561546,56.64726932573881,832.2271484375,4161.1357421875
