epoch,startPos,prefixLength,learnRate,MSE,MAE,RMSE,meanLoss,totalLoss
369,2,mix,0.0070000000000000106,348.2348975868358,8.414856509239014,18.66105296029235,8.421366188742898,926.3502807617188
369,2,2,0.0070000000000000106,348.5862678850112,8.428765602343317,18.670465122353303,8.421366188742898,926.3502807617188
369,2,3,0.0070000000000000106,540.5442905476001,12.335163828154856,23.249608395575184,21.54302978515625,926.3502807617188
369,2,4,0.0070000000000000106,319.74589009917463,7.808842054754495,17.88143982175861,48.755277934827305,926.3502807617188
