epoch,startPos,prefixLength,learnRate,MSE,MAE,RMSE,meanLoss,totalLoss
356,4,mix,0.0070000000000000106,305.1055037768262,7.922210712917149,17.467269499747985,7.72906494140625,146.85223388671875
356,4,4,0.0070000000000000106,303.6991840151782,7.828462267667055,17.426967149081857,7.72906494140625,146.85223388671875
356,4,5,0.0070000000000000106,176.87493906766446,6.101753965485841,13.299433787483753,29.37044677734375,146.85223388671875
