epoch,startPos,prefixLength,learnRate,MSE,MAE,RMSE,meanLoss,totalLoss
481,2,mix,0.006000000000000008,354.3390670034199,8.696158759029847,18.823896169587737,8.434926535866477,927.8419189453125
481,2,2,0.006000000000000008,352.17118193324785,8.637702660435545,18.766224498637115,8.434926535866477,927.8419189453125
481,2,3,0.006000000000000008,509.3063295764035,11.389447280798446,22.56781623410656,21.577719045239824,927.8419189453125
481,2,4,0.006000000000000008,303.7012285325053,7.828401436656714,17.427025808568292,48.83378520764803,927.8419189453125
481,2,5,0.006000000000000008,173.87685315379025,5.726765762083232,13.186237262911291,185.5683837890625,927.8419189453125
