epoch,startPos,prefixLength,learnRate,MSE,MAE,RMSE,meanLoss,totalLoss
74,3,mix,0.009400000000000004,535.4374161556195,12.163926413282752,23.139520655268974,10.372234255768532,446.0060729980469
74,3,3,0.009400000000000004,542.2761567927611,12.33168388429013,23.28682367332997,10.372234255768532,446.0060729980469
74,3,4,0.009400000000000004,312.2389198415077,7.655013789609074,17.67028352464973,23.474003842002467,446.0060729980469
