epoch,startPos,prefixLength,learnRate,MSE,MAE,RMSE,meanLoss,totalLoss
59,1,mix,0.006,325.082385167487,9.728776539762526,18.030041185962027,9.543878923382675,1632.0032958984375
59,1,1,0.006,325.85172601053694,9.745488682155345,18.05136354989664,9.543878923382675,1632.0032958984375
59,1,2,0.006,337.92832639123867,10.005686896413359,18.38282694231871,11.574491460272606,1632.0032958984375
59,1,3,0.006,345.46828955821763,10.178256203850301,18.586777277360852,16.484881776751894,1632.0032958984375
59,1,4,0.006,315.1054866592987,9.641341821467947,17.75121085051098,21.194847998681006,1632.0032958984375
