epoch,startPos,prefixLength,learnRate,MSE,MAE,RMSE,meanLoss,totalLoss
253,2,mix,0.008000000000000012,756.6871870658124,23.157565797076504,27.507947707268393,23.42124537417763,3115.025634765625
253,2,2,0.008000000000000012,756.3703889988154,23.129715723149918,27.50218880378097,23.42124537417763,3115.025634765625
253,2,3,0.008000000000000012,838.2217282730985,24.387876368485966,28.95205913701301,62.3005126953125,3115.025634765625
253,2,4,0.008000000000000012,1123.1422743273044,28.990821802616118,33.51331488121258,163.9487176192434,3115.025634765625
253,2,5,0.008000000000000012,2157.1185376285384,43.528428822755814,46.44479020975914,623.005126953125,3115.025634765625
