epoch,startPos,prefixLength,learnRate,MSE,MAE,RMSE,meanLoss,totalLoss
450,3,mix,0.006300000000000009,77.64626979338419,2.356449864991646,8.811712080713043,2.431500275929769,29.178003311157227
450,3,3,0.006300000000000009,77.64627454932237,2.3564501419314183,8.811712350577631,2.431500275929769,29.178003311157227
450,3,4,0.006300000000000009,155.8174142414006,4.172542220552714,12.482684576700663,9.726001103719076,29.178003311157227
