epoch,startPos,prefixLength,learnRate,MSE,MAE,RMSE,meanLoss,totalLoss
61,1,mix,0.006,448.9744111489631,17.54101008707375,21.189016285541978,17.507654634633457,2328.51806640625
61,1,1,0.006,448.9744782771543,17.541590315600235,21.18901786957466,17.507654634633457,2328.51806640625
61,1,2,0.006,283.6012973818682,11.546835658207003,16.840466067833997,21.168346058238637,2328.51806640625
61,1,3,0.006,466.88332152406093,13.902580767023293,21.607482998351774,54.15158293968023,2328.51806640625
61,1,4,0.006,275.55533929323684,9.250733007863165,16.59985961667257,122.5535824424342,2328.51806640625
