epoch,startPos,prefixLength,learnRate,MSE,MAE,RMSE,meanLoss,totalLoss
92,2,mix,0.009500000000000003,653.1147338082488,20.30210715532303,25.556109520195925,19.307479858398438,540.6094360351562
92,2,2,0.009500000000000003,658.1127943392078,20.44721645116806,25.653709173123637,19.307479858398438,540.6094360351562
92,2,3,0.009500000000000003,572.8306179147867,18.68346357345581,23.93388012660686,180.2031453450521,540.6094360351562
92,2,4,0.009500000000000003,342.59425125993516,17.924255192279816,18.509301749659148,540.6094360351562,540.6094360351562
