epoch,startPos,prefixLength,learnRate,MSE,MAE,RMSE,meanLoss,totalLoss
417,4,mix,0.006500000000000009,292.52900313812245,7.765419220924377,17.103479269965,8.09280797054893,153.7633514404297
417,4,4,0.006500000000000009,292.61465821516316,7.781779758632183,17.10598311162393,8.09280797054893,153.7633514404297
417,4,5,0.006500000000000009,130.66244927396542,3.211125845089555,11.430767658996723,30.752670288085938,153.7633514404297
