epoch,startPos,prefixLength,learnRate,MSE,MAE,RMSE,meanLoss,totalLoss
449,3,mix,0.006300000000000009,514.9048978565093,11.51355078964579,22.691515988503483,10.46727663971657,450.0928955078125
449,3,3,0.006300000000000009,506.5568337862915,11.365532906302674,22.5068174957343,10.46727663971657,450.0928955078125
449,3,4,0.006300000000000009,306.52152817556964,8.01563599333167,17.507756229042304,23.68909976356908,450.0928955078125
449,3,5,0.006300000000000009,176.38255093014337,6.039069279562682,13.280909265940467,90.0185791015625,450.0928955078125
