epoch,startPos,prefixLength,learnRate,MSE,MAE,RMSE,meanLoss,totalLoss
450,3,mix,0.006300000000000009,341.90291559056794,10.1190202762731,18.49061696078765,9.649642790206755,955.3146362304688
450,3,3,0.006300000000000009,338.69972538502265,10.090112696204764,18.403796493795042,9.649642790206755,955.3146362304688
450,3,4,0.006300000000000009,313.9618147159278,9.702648338373928,17.718967653786375,12.406683587408684,955.3146362304688
