epoch,startPos,prefixLength,learnRate,MSE,MAE,RMSE,meanLoss,totalLoss
481,4,mix,0.005900000000000008,553.4525789044758,18.193859672546388,23.525572870909556,19.812196430407074,376.4317321777344
481,4,4,0.005900000000000008,561.7451517306602,18.432155776023865,23.701163510061278,19.812196430407074,376.4317321777344
481,4,5,0.005900000000000008,714.8904935942519,23.148333072662354,26.73743618214454,75.28634643554688,376.4317321777344
