epoch,startPos,prefixLength,learnRate,MSE,MAE,RMSE,meanLoss,totalLoss
177,1,mix,0.0004999999999999998,425.16413139401436,17.256718507036567,20.619508514851034,17.558192397608902,2317.681396484375
177,1,1,0.0004999999999999998,425.1395815424637,17.274351186721642,20.618913199838243,17.558192397608902,2317.681396484375
177,1,2,0.0004999999999999998,248.25490787622462,11.120598671026528,15.756107002563311,20.880012580940317,2317.681396484375
177,1,3,0.0004999999999999998,404.82763551499926,12.848000559955835,20.12032891170021,53.89956736010174,2317.681396484375
177,1,4,0.0004999999999999998,261.352735564301,9.270141525939106,16.16640762706115,121.98323139391448,2317.681396484375
