epoch,startPos,prefixLength,learnRate,MSE,MAE,RMSE,meanLoss,totalLoss
422,3,mix,0.006400000000000009,470.77600697730526,10.722161782058803,21.697373273677744,10.796364007994185,464.24365234375
422,3,3,0.006400000000000009,476.85711608114286,10.854263652454723,21.83705832023038,10.796364007994185,464.24365234375
422,3,4,0.006400000000000009,298.4648919367362,7.928871981054544,17.276136487558095,24.433876439144736,464.24365234375
422,3,5,0.006400000000000009,130.6694633775992,3.211778884753585,11.431074462954005,92.84873046875,464.24365234375
