epoch,startPos,prefixLength,learnRate,MSE,MAE,RMSE,meanLoss,totalLoss
237,2,mix,0.00830000000000001,660.1332848454982,20.557585196835653,25.693059079165685,19.26304190499442,539.3651733398438
237,2,2,0.00830000000000001,669.5718298793263,20.775644413062505,25.876086061831806,19.26304190499442,539.3651733398438
237,2,3,0.00830000000000001,562.0296536623389,19.205935657024384,23.707164606134132,179.78839111328125,539.3651733398438
237,2,4,0.00830000000000001,521.2875284771374,22.439803183078766,22.83172197792224,539.3651733398438,539.3651733398438
