epoch,startPos,prefixLength,learnRate,MSE,MAE,RMSE,meanLoss,totalLoss
247,3,mix,0.008000000000000012,84.39284017796938,3.0826348028561483,9.186557580398077,1.6172498067220051,4.851749420166016
247,3,3,0.008000000000000012,49.30603190281387,1.9572895845762162,7.0218253967763875,1.6172498067220051,4.851749420166016
247,3,4,0.008000000000000012,0.8157340685113771,0.15961002541678226,0.9031799757032798,4.851749420166016,4.851749420166016
