epoch,startPos,prefixLength,learnRate,MSE,MAE,RMSE,meanLoss,totalLoss
96,1,mix,0.004,798.1873806641703,22.22880022600293,28.25221019078278,21.30865478515625,4091.26171875
96,1,1,0.004,796.569172811423,22.20230669900775,28.223557054549715,21.30865478515625,4091.26171875
96,1,2,0.004,1367.8451784408655,30.18232156774577,36.984391010815166,30.76136630639098,4091.26171875
96,1,3,0.004,1737.7813964093666,36.39107572115385,41.686705271697434,81.825234375,4091.26171875
96,1,4,0.004,2183.8585239348895,42.72455637454986,46.73177210351528,215.32956414473685,4091.26171875
