epoch,startPos,prefixLength,learnRate,MSE,MAE,RMSE,meanLoss,totalLoss
79,2,mix,0.009500000000000003,347.109296823193,8.417443839101386,18.630869459668087,8.42270674272017,926.4977416992188
79,2,2,0.009500000000000003,348.9751495166916,8.434306326455303,18.6808765724923,8.42270674272017,926.4977416992188
79,2,3,0.009500000000000003,527.1774180845562,12.426489460959353,22.960344467898476,21.546459109284157,926.4977416992188
79,2,4,0.009500000000000003,318.69098977072315,7.817965085431934,17.851918377886538,48.76303903680099,926.4977416992188
