epoch,startPos,prefixLength,learnRate,MSE,MAE,RMSE,meanLoss,totalLoss
274,4,mix,0.007800000000000013,653.498211066237,20.231723952293397,25.563611072503765,19.21964464689556,365.1732482910156
274,4,4,0.007800000000000013,686.7805504824446,20.697167682647706,26.20649824914509,19.21964464689556,365.1732482910156
274,4,5,0.007800000000000013,798.3629916213922,25.510945677757263,28.25531793523818,60.8622080485026,365.1732482910156
