epoch,startPos,prefixLength,learnRate,MSE,MAE,RMSE,meanLoss,totalLoss
212,1,mix,0.0002999999999999998,789.5270348206863,22.17499964684248,28.09852371247796,21.30394999186198,4090.3583984375
212,1,1,0.0002999999999999998,789.7501793682044,22.149821201960247,28.102494184114768,21.30394999186198,4090.3583984375
212,1,2,0.0002999999999999998,1370.5286394427235,30.208478024777243,37.02065152644836,30.754574424342106,4090.3583984375
212,1,3,0.0002999999999999998,1729.6025503664137,36.276302012113426,41.58849059976105,81.80716796875,4090.3583984375
212,1,4,0.0002999999999999998,2121.8187363469046,42.036753952503204,46.0632037134512,215.28202097039474,4090.3583984375
