epoch,startPos,prefixLength,learnRate,MSE,MAE,RMSE,meanLoss,totalLoss
71,4,mix,0.009500000000000003,666.7988137304171,20.38137197494507,25.822447864801994,19.24375353361431,365.6313171386719
71,4,4,0.009500000000000003,651.1265615524733,20.06097810268402,25.517181692978426,19.24375353361431,365.6313171386719
71,4,5,0.009500000000000003,791.3147775772031,25.39286172389984,28.130317765308003,60.93855285644531,365.6313171386719
