epoch,startPos,prefixLength,learnRate,MSE,MAE,RMSE,meanLoss,totalLoss
337,3,mix,0.007300000000000011,662.522878054556,21.231677527611073,25.739519771249736,21.03055419921875,1051.5277099609375
337,3,3,0.007300000000000011,659.8140258333767,21.21548598087751,25.68684538500936,21.03055419921875,1051.5277099609375
337,3,4,0.007300000000000011,587.2778294577116,19.625520443916322,24.23381582536501,55.3435636821546,1051.5277099609375
