epoch,startPos,prefixLength,learnRate,MSE,MAE,RMSE,meanLoss,totalLoss
448,4,mix,0.006300000000000009,683.7839291729157,20.626138496398926,26.14926249768654,19.216697291324014,365.11724853515625
448,4,4,0.006300000000000009,678.612928477246,20.60700523853302,26.05020016194206,19.216697291324014,365.11724853515625
448,4,5,0.006300000000000009,800.9296608620425,25.547314524650574,28.30070071326932,60.852874755859375,365.11724853515625
