epoch,startPos,prefixLength,learnRate,MSE,MAE,RMSE,meanLoss,totalLoss
192,3,mix,0.00850000000000001,675.3412123387641,21.52288662470304,25.987327918406002,21.4935009765625,1074.675048828125
192,3,3,0.00850000000000001,664.7287009557482,21.283672685806568,25.78233311699599,21.4935009765625,1074.675048828125
192,3,4,0.00850000000000001,664.4695678333343,22.28407923380534,25.777307226188974,56.56184467516447,1074.675048828125
192,3,5,0.00850000000000001,967.2806502414492,27.985853493213654,31.101135835230345,214.935009765625,1074.675048828125
