epoch,startPos,prefixLength,learnRate,MSE,MAE,RMSE,meanLoss,totalLoss
210,3,mix,0.00830000000000001,539.5921259899935,17.054411113262177,23.229122368053286,20.548695882161457,61.646087646484375
210,3,3,0.00830000000000001,536.4207688810889,17.0438369512558,23.1607592466458,20.548695882161457,61.646087646484375
210,3,4,0.00830000000000001,169.30620420509058,10.87311041355133,13.011771755033616,61.646087646484375,61.646087646484375
