epoch,startPos,prefixLength,learnRate,MSE,MAE,RMSE,meanLoss,totalLoss
311,2,mix,0.007500000000000012,762.6943985767958,23.109051779789084,27.616922322677375,23.34191252055921,3104.474365234375
311,2,2,0.007500000000000012,765.2672325654976,23.14823297016761,27.663463856962988,23.34191252055921,3104.474365234375
311,2,3,0.007500000000000012,846.2497078350432,24.383807984682228,29.090371393900135,62.0894873046875,3104.474365234375
311,2,4,0.007500000000000012,1147.0282617290734,29.246364891529083,33.867805682226795,163.39338764391448,3104.474365234375
311,2,5,0.007500000000000012,1948.1898299546547,41.214569091796875,44.13830343312546,620.894873046875,3104.474365234375
