epoch,startPos,prefixLength,learnRate,MSE,MAE,RMSE,meanLoss,totalLoss
46,4,mix,0.009700000000000002,560.3907540666926,18.2643723487854,23.67257387921078,20.0123580129523,380.23480224609375
46,4,4,0.009700000000000002,564.9568518934204,18.274018430709837,23.768821003436845,20.0123580129523,380.23480224609375
46,4,5,0.009700000000000002,756.9373810771049,24.06708323955536,27.51249499912912,76.04696044921874,380.23480224609375
