epoch,startPos,prefixLength,learnRate,MSE,MAE,RMSE,meanLoss,totalLoss
335,3,mix,0.007200000000000011,472.5032839712175,10.804106081073934,21.73714065766741,10.814249437908794,465.0127258300781
335,3,3,0.007200000000000011,470.389301212785,10.690472608601505,21.688460093164405,10.814249437908794,465.0127258300781
335,3,4,0.007200000000000011,298.48048186546555,7.929851999133826,17.27658768002135,24.474353991056745,465.0127258300781
335,3,5,0.007200000000000011,130.6757771678728,3.212761629372835,11.431350627457492,93.00254516601562,465.0127258300781
