epoch,startPos,prefixLength,learnRate,MSE,MAE,RMSE,meanLoss,totalLoss
227,2,mix,0.00830000000000001,790.2247412625176,23.64466121521863,28.110936328456184,23.13292814555921,3076.679443359375
227,2,2,0.00830000000000001,789.9302625365225,23.64507323142254,28.105698043929145,23.13292814555921,3076.679443359375
227,2,3,0.00830000000000001,721.1869462207125,22.749968863450565,26.854924059112744,61.5335888671875,3076.679443359375
227,2,4,0.00830000000000001,691.0166777722974,22.71600384712219,26.287196080455164,161.93049701891448,3076.679443359375
