epoch,startPos,prefixLength,learnRate,MSE,MAE,RMSE,meanLoss,totalLoss
208,2,mix,0.00850000000000001,663.3609097567871,20.59248434645789,25.75579371242104,19.356571742466517,541.9840087890625
208,2,2,0.00850000000000001,657.919033137897,20.531291825430735,25.64993241975302,19.356571742466517,541.9840087890625
208,2,3,0.00850000000000001,624.1995013623971,20.095726430416107,24.98398489757783,180.66133626302084,541.9840087890625
208,2,4,0.00850000000000001,359.10622729460215,18.546198189258575,18.950098345248822,541.9840087890625,541.9840087890625
