epoch,startPos,prefixLength,learnRate,MSE,MAE,RMSE,meanLoss,totalLoss
95,5,mix,0.009300000000000004,650.4268566736996,21.444900691509247,25.503467542153942,20.857638549804687,104.28819274902344
95,5,5,0.009300000000000004,654.5403057136627,21.531080722808838,25.583985336801277,20.857638549804687,104.28819274902344
