epoch,startPos,prefixLength,learnRate,MSE,MAE,RMSE,meanLoss,totalLoss
36,3,mix,0.009800000000000001,566.0748186253732,17.013644218444824,23.792326885476612,21.064498901367188,63.19349670410156
36,3,3,0.009800000000000001,596.3504473626426,17.27504861354828,24.420287618343945,21.064498901367188,63.19349670410156
36,3,4,0.009800000000000001,52.87994338144017,6.184271335601807,7.271859692089787,63.19349670410156,63.19349670410156
