epoch,startPos,prefixLength,learnRate,MSE,MAE,RMSE,meanLoss,totalLoss
368,2,mix,0.0070000000000000106,332.4665919591364,9.79554079258297,18.23366644312483,9.288395874889185,1309.663818359375
368,2,2,0.0070000000000000106,332.0367631999408,9.77787941854654,18.2218759517219,9.288395874889185,1309.663818359375
368,2,3,0.0070000000000000106,345.7807970748208,10.17427285364829,18.595182093080474,13.228927458175505,1309.663818359375
368,2,4,0.0070000000000000106,310.7740437325601,9.5231858902123,17.62878452226812,17.00862101765422,1309.663818359375
