epoch,startPos,prefixLength,learnRate,MSE,MAE,RMSE,meanLoss,totalLoss
397,2,mix,0.00680000000000001,329.15597568326604,9.723899071997343,18.14265624662679,9.268498413951685,1306.8582763671875
397,2,2,0.00680000000000001,330.8336734667263,9.767769836898273,18.18883375774066,9.268498413951685,1306.8582763671875
397,2,3,0.00680000000000001,358.3464359900438,10.417638187547428,18.93004057021653,13.20058865017361,1306.8582763671875
397,2,4,0.00680000000000001,314.4674590375405,9.590660130316834,17.733230361035197,16.972185407366073,1306.8582763671875
