epoch,startPos,prefixLength,learnRate,MSE,MAE,RMSE,meanLoss,totalLoss
392,3,mix,0.00670000000000001,35.14910840419816,1.314257325350809,5.928668349992109,1.6369915008544922,4.910974502563477
392,3,3,0.00670000000000001,36.65086052554749,1.5814478947368116,6.053995418361951,1.6369915008544922,4.910974502563477
392,3,4,0.00670000000000001,16.642494216917854,2.3158177705563503,4.079521322032507,4.910974502563477,4.910974502563477
