epoch,startPos,prefixLength,learnRate,MSE,MAE,RMSE,meanLoss,totalLoss
356,5,mix,0.0070000000000000106,657.8697800156078,21.651270508766174,25.648972299404274,20.865379333496094,104.32689666748047
356,5,5,0.0070000000000000106,657.9434314945147,21.649272918701172,25.65040801809037,20.865379333496094,104.32689666748047
