epoch,startPos,prefixLength,learnRate,MSE,MAE,RMSE,meanLoss,totalLoss
66,5,mix,0.009500000000000003,656.5055617161411,21.60452514886856,25.622364483320837,20.98465576171875,104.92327880859375
66,5,5,0.009500000000000003,652.7331923041438,21.562094688415527,25.548643649010877,20.98465576171875,104.92327880859375
