epoch,startPos,prefixLength,learnRate,MSE,MAE,RMSE,meanLoss,totalLoss
362,3,mix,0.007100000000000011,516.8218825390551,11.506792234764857,22.733716865903276,10.586427200672238,455.21636962890625
362,3,3,0.007100000000000011,504.8945857616005,11.336829757063903,22.46985949581351,10.586427200672238,455.21636962890625
362,3,4,0.007100000000000011,305.19343848216255,7.926784809119999,17.46978644638115,23.958756296258223,455.21636962890625
362,3,5,0.007100000000000011,174.43967589976413,5.793971614912152,13.207561315389155,91.04327392578125,455.21636962890625
