epoch,startPos,prefixLength,learnRate,MSE,MAE,RMSE,meanLoss,totalLoss
273,3,mix,0.007800000000000013,507.5315145838147,11.343778442083435,22.528460102364182,10.54173030409702,453.2944030761719
273,3,3,0.007800000000000013,518.60739390812,11.560345481573181,22.77295312224833,10.54173030409702,453.2944030761719
273,3,4,0.007800000000000013,305.1467358109603,7.9238383285701275,17.468449725461053,23.857600161903783,453.2944030761719
273,3,5,0.007800000000000013,175.40603848446233,5.916025831364095,13.244094475820622,90.65888061523438,453.2944030761719
