epoch,startPos,prefixLength,learnRate,MSE,MAE,RMSE,meanLoss,totalLoss
165,2,mix,0.008800000000000007,78.33901884429736,2.298375983776168,8.850933218836156,2.415467721444589,65.2176284790039
165,2,2,0.008800000000000007,79.65910934275247,2.3491450397596054,8.925195199140044,2.415467721444589,65.2176284790039
165,2,3,0.008800000000000007,38.540584177764785,1.610824494235203,6.208106327839817,21.7392094930013,65.2176284790039
165,2,4,0.008800000000000007,3.819150079464001e-06,0.0019542216759873554,0.0019542645878856835,65.2176284790039,65.2176284790039
