epoch,startPos,prefixLength,learnRate,MSE,MAE,RMSE,meanLoss,totalLoss
10,4,mix,0.01,472.76782583934187,10.80970968102867,21.743224826123235,10.8181336868641,465.17974853515625
10,4,4,0.01,292.1182346927118,7.6845458269119264,17.09146672151667,24.483144659745065,465.17974853515625
10,4,5,0.01,130.66558752625895,3.2111748214811087,11.43090493033071,93.03594970703125,465.17974853515625
