epoch,startPos,prefixLength,learnRate,MSE,MAE,RMSE,meanLoss,totalLoss
146,1,mix,0.0007999999999999999,325.6414071577887,9.738192897528236,18.045537042653752,9.545701411732455,1632.31494140625
146,1,1,0.0007999999999999999,327.7434465223122,9.776332088984375,18.10368599270083,9.545701411732455,1632.31494140625
146,1,2,0.0007999999999999999,329.3621644874922,9.82042181584984,18.148337788554965,11.576701712101064,1632.31494140625
146,1,3,0.0007999999999999999,343.16680763260683,10.153549293844172,18.524762012846665,16.488029711174242,1632.31494140625
146,1,4,0.0007999999999999999,313.626255178976,9.599063580633985,17.709496186480745,21.19889534293831,1632.31494140625
