epoch,startPos,prefixLength,learnRate,MSE,MAE,RMSE,meanLoss,totalLoss
485,2,mix,0.006000000000000008,346.28598637518127,8.375507291073777,18.608761011286628,8.424924538352272,926.74169921875
485,2,2,0.006000000000000008,345.93729832510445,8.361288408283144,18.599389729910616,8.424924538352272,926.74169921875
485,2,3,0.006000000000000008,536.3711350652432,12.200704130090095,23.159687715192604,21.55213253997093,926.74169921875
485,2,4,0.006000000000000008,319.49233260547413,7.769084421172738,17.87434845261427,48.77587890625,926.74169921875
