epoch,startPos,prefixLength,learnRate,MSE,MAE,RMSE,meanLoss,totalLoss
253,2,mix,0.008000000000000012,305.15092098504925,7.52916312670069,17.468569517423266,8.666197080869932,961.9478759765625
253,2,2,0.008000000000000012,303.98984795965845,7.495137617125043,17.435304642008937,8.666197080869932,961.9478759765625
253,2,3,0.008000000000000012,483.30852912970863,10.997723038054325,21.98427913600327,22.370880836664245,961.9478759765625
253,2,4,0.008000000000000012,298.54084394660964,7.36126688271761,17.278334524675973,50.628835577713815,961.9478759765625
