epoch,startPos,prefixLength,learnRate,MSE,MAE,RMSE,meanLoss,totalLoss
50,2,mix,0.009800000000000001,348.2009917218569,8.43258339140032,18.66014447215929,8.416521107066762,925.8173217773438
50,2,2,0.009800000000000001,345.89596386911717,8.373442095637854,18.598278518968286,8.416521107066762,925.8173217773438
50,2,3,0.009800000000000001,520.1555926849998,12.477235517549245,22.806919842122472,21.530635390170787,925.8173217773438
50,2,4,0.009800000000000001,310.8249308149357,7.763578809984028,17.630227758453255,48.72722746196546,925.8173217773438
