epoch,startPos,prefixLength,learnRate,MSE,MAE,RMSE,meanLoss,totalLoss
100,4,mix,0.009300000000000004,673.9523171641524,20.475369906425477,25.960591618146,19.241214149876644,365.58306884765625
100,4,4,0.009300000000000004,662.23458729718,20.284740352630614,25.73391900385909,19.241214149876644,365.58306884765625
100,4,5,0.009300000000000004,783.8985517857077,25.25413542985916,27.99818836613733,60.930511474609375,365.58306884765625
