epoch,startPos,prefixLength,learnRate,MSE,MAE,RMSE,meanLoss,totalLoss
278,2,mix,0.007800000000000013,350.6156090170744,8.616480209199446,18.72473254861266,8.435026411576704,927.8529052734375
278,2,2,0.007800000000000013,352.26615168960586,8.649214350285806,18.768754665390187,8.435026411576704,927.8529052734375
278,2,3,0.007800000000000013,509.3318789505493,11.392408463934606,22.568382284748488,21.57797454124273,927.8529052734375
278,2,4,0.007800000000000013,305.1211987429093,7.922226785868406,17.467718761844928,48.83436343544408,927.8529052734375
278,2,5,0.007800000000000013,171.88666578650069,5.4769142819568515,13.110555510217738,185.5705810546875,927.8529052734375
