epoch,startPos,prefixLength,learnRate,MSE,MAE,RMSE,meanLoss,totalLoss
422,3,mix,0.006400000000000009,478.77827600105957,10.867926409637386,21.8810026278747,10.455322265625,449.578857421875
422,3,3,0.006400000000000009,479.5989688900679,10.916188822043212,21.899748146726893,10.455322265625,449.578857421875
422,3,4,0.006400000000000009,302.4073209827849,7.467313215136528,17.389862592406672,23.662045127467106,449.578857421875
