epoch,startPos,prefixLength,learnRate,MSE,MAE,RMSE,meanLoss,totalLoss
137,2,mix,0.009000000000000006,765.9203142453049,23.289020774995578,27.67526538707994,23.482192419525376,3123.131591796875
137,2,2,0.009000000000000006,763.5606138216399,23.279686996165445,27.632600562046996,23.482192419525376,3123.131591796875
137,2,3,0.009000000000000006,846.1633670594302,24.60477088047908,29.08888734653545,62.4626318359375,3123.131591796875
137,2,4,0.009000000000000006,1124.5893298615977,29.051033186912537,33.53489719473727,164.37534693667763,3123.131591796875
137,2,5,0.009000000000000006,2141.9291867167262,43.39791986346245,46.28098083140337,624.626318359375,3123.131591796875
