epoch,startPos,prefixLength,learnRate,MSE,MAE,RMSE,meanLoss,totalLoss
157,3,mix,0.008700000000000008,507.12685165746194,11.698105768046595,22.51947716216924,10.600465286609738,455.82000732421875
157,3,3,0.008700000000000008,493.9389866019155,11.40409216555682,22.224738167229674,10.600465286609738,455.82000732421875
157,3,4,0.008700000000000008,349.5817209493099,8.538381633907557,18.697104614065513,23.99052670127467,455.82000732421875
157,3,5,0.008700000000000008,160.6827386708359,5.657184643670917,12.676069527690194,91.16400146484375,455.82000732421875
