epoch,startPos,prefixLength,learnRate,MSE,MAE,RMSE,meanLoss,totalLoss
44,3,mix,0.009800000000000001,77.65464749601587,2.3559815819423875,8.81218744103959,2.3954833348592124,28.745800018310547
44,3,3,0.009800000000000001,77.65468090145201,2.3559804390937416,8.812189336450507,2.3954833348592124,28.745800018310547
44,3,4,0.009800000000000001,101.65904885854863,2.8130044486856605,10.082611212307485,9.58193333943685,28.745800018310547
