epoch,startPos,prefixLength,learnRate,MSE,MAE,RMSE,meanLoss,totalLoss
14,3,mix,0.01,116.5885615546637,2.8735555195732077,10.797618327884335,2.330753210819129,153.8297119140625
14,3,3,0.01,77.65419218887182,2.355870549075121,8.812161607056002,12.819142659505209,153.8297119140625
14,3,4,0.01,143.0973027996762,4.531647754983624,11.962328485695258,51.276570638020836,153.8297119140625
