epoch,startPos,prefixLength,learnRate,MSE,MAE,RMSE,meanLoss,totalLoss
411,2,mix,0.00670000000000001,650.0102406215839,20.260803818702698,25.495298402285545,19.359148297991073,542.05615234375
411,2,2,0.00670000000000001,676.9544210071062,20.679592141083308,26.01834777627331,19.359148297991073,542.05615234375
411,2,3,0.00670000000000001,585.4446272181226,19.345484972000122,24.19596303555869,180.68538411458334,542.05615234375
411,2,4,0.00670000000000001,451.6840387924044,20.96854853630066,21.252859543892075,542.05615234375,542.05615234375
