epoch,startPos,prefixLength,learnRate,MSE,MAE,RMSE,meanLoss,totalLoss
166,2,mix,0.008800000000000007,332.74510296267454,8.225507209942277,18.241302118069164,8.480741188742897,932.8815307617188
166,2,2,0.008800000000000007,332.6489347907489,8.236620287610483,18.23866592683656,8.480741188742897,932.8815307617188
166,2,3,0.008800000000000007,459.33772652183274,10.570266834714197,21.432165698357053,21.694919320039972,932.8815307617188
166,2,4,0.008800000000000007,295.73921583420923,7.872008959949016,17.197069978173875,49.099027934827305,932.8815307617188
166,2,5,0.008800000000000007,129.77962996567825,3.3141271136701107,11.392086286790416,186.57630615234376,932.8815307617188
