epoch,startPos,prefixLength,learnRate,MSE,MAE,RMSE,meanLoss,totalLoss
305,3,mix,0.007500000000000012,77.65693979044744,2.3564781385346123,8.812317503951355,2.4091795285542807,28.910154342651367
305,3,3,0.007500000000000012,77.65691848608142,2.3564811437597655,8.812316295167884,2.4091795285542807,28.910154342651367
305,3,4,0.007500000000000012,102.03695023228853,2.9072679360733673,10.101334081807638,9.636718114217123,28.910154342651367
