epoch,startPos,prefixLength,learnRate,MSE,MAE,RMSE,meanLoss,totalLoss
334,3,mix,0.007300000000000011,37.45293654674316,1.5948764063468843,6.119880435657477,1.6191288630167644,4.857386589050293
334,3,3,0.007300000000000011,38.54118347262362,1.6106081924754108,6.208154594774813,1.6191288630167644,4.857386589050293
334,3,4,0.007300000000000011,3.0920423899630194,0.5365449551864003,1.7584204246888795,4.857386589050293,4.857386589050293
