epoch,startPos,prefixLength,learnRate,MSE,MAE,RMSE,meanLoss,totalLoss
154,1,mix,0.0007999999999999999,788.0810122311901,22.24075521528721,28.0727806287726,21.318565368652344,4093.16455078125
154,1,1,0.0007999999999999999,792.8924011313729,22.32915598899126,28.158345141917927,21.318565368652344,4093.16455078125
154,1,2,0.0007999999999999999,1316.812028194141,29.49695739962838,36.28790470934001,30.775673314144736,4093.16455078125
154,1,3,0.0007999999999999999,1849.1197576099835,37.27484315633774,43.00139250780123,81.863291015625,4093.16455078125
154,1,4,0.0007999999999999999,2074.1571422733373,41.062169671058655,45.542915390577896,215.42971319901315,4093.16455078125
