epoch,startPos,prefixLength,learnRate,MSE,MAE,RMSE,meanLoss,totalLoss
148,1,mix,0.0007999999999999999,425.47194457148186,17.331033348472733,20.62697128934546,17.60212420700188,2341.08251953125
148,1,1,0.0007999999999999999,425.4447014963245,17.34613835619706,20.6263109037056,17.60212420700188,2341.08251953125
148,1,2,0.0007999999999999999,268.17677007907,11.622140188834496,16.376103629345717,21.282568359375,2341.08251953125
148,1,3,0.0007999999999999999,383.8980350381615,12.387884357436137,19.593316080698578,54.443779523982556,2341.08251953125
148,1,4,0.0007999999999999999,250.0101438430805,9.292649088054896,15.811709074071674,123.21486944901316,2341.08251953125
148,1,5,0.0007999999999999999,120.66643208160743,5.230141093954444,10.984827357842608,468.21650390625,2341.08251953125
