epoch,startPos,prefixLength,learnRate,MSE,MAE,RMSE,meanLoss,totalLoss
195,2,mix,0.00850000000000001,757.2982676864913,23.148211168892242,27.519052812306082,23.488174782659776,3123.92724609375
195,2,2,0.00850000000000001,761.8065886476694,23.23251450237106,27.60084398433623,23.488174782659776,3123.92724609375
195,2,3,0.00850000000000001,827.1863267215139,24.22817907883571,28.76084711411529,62.478544921875,3123.92724609375
195,2,4,0.00850000000000001,1134.8664323810713,29.211409199237824,33.68777867982796,164.4172234786184,3123.92724609375
195,2,5,0.00850000000000001,2132.908455888368,43.28771024942398,46.183421872879535,624.78544921875,3123.92724609375
