epoch,startPos,prefixLength,learnRate,MSE,MAE,RMSE,meanLoss,totalLoss
252,2,mix,0.008000000000000012,116.45105675971092,2.858574553487843,10.791249082460794,2.3336604725230825,154.02159118652344
252,2,2,0.008000000000000012,116.58705855129494,2.8769471650262215,10.797548728822433,2.3336604725230825,154.02159118652344
252,2,3,0.008000000000000012,77.6462296133799,2.3564553812598206,8.811709800792347,12.835132598876953,154.02159118652344
252,2,4,0.008000000000000012,179.7061236246513,4.844304969139557,13.40545126523726,51.34053039550781,154.02159118652344
