epoch,startPos,prefixLength,learnRate,MSE,MAE,RMSE,meanLoss,totalLoss
190,3,mix,0.00840000000000001,479.6107262103742,10.915973371402783,21.900016580139255,10.477399959120639,450.5281982421875
190,3,3,0.00840000000000001,481.2501425516393,10.879076078026133,21.937414217533462,10.477399959120639,450.5281982421875
190,3,4,0.00840000000000001,294.7535271808591,7.248650772869587,17.168387436822922,23.712010433799342,450.5281982421875
