epoch,startPos,prefixLength,learnRate,MSE,MAE,RMSE,meanLoss,totalLoss
298,4,mix,0.007500000000000012,305.075117145344,7.92434407249093,17.46639966178903,7.486829255756579,142.249755859375
298,4,4,0.007500000000000012,302.96647519769624,7.783957120776177,17.405932184105975,7.486829255756579,142.249755859375
298,4,5,0.007500000000000012,173.84593963567235,5.727563228458166,13.185065022049468,28.449951171875,142.249755859375
