epoch,startPos,prefixLength,learnRate,MSE,MAE,RMSE,meanLoss,totalLoss
420,3,mix,0.0066000000000000095,504.3237765466138,11.320474676957184,22.457154239720886,10.579696300417877,454.92694091796875
420,3,3,0.0066000000000000095,516.3350018170821,11.567355997437103,22.7230060031036,10.579696300417877,454.92694091796875
420,3,4,0.0066000000000000095,303.4370220413884,7.837376606278122,17.419443792537933,23.94352320620888,454.92694091796875
420,3,5,0.0066000000000000095,175.17712827164172,5.920049088541418,13.235449681504656,90.98538818359376,454.92694091796875
