epoch,startPos,prefixLength,learnRate,MSE,MAE,RMSE,meanLoss,totalLoss
215,3,mix,0.008200000000000011,505.5806105852926,11.673915909433907,22.485119759193914,10.681682497956032,459.3123474121094
215,3,3,0.008200000000000011,493.6760124802435,11.394148417494513,22.218821131649705,10.681682497956032,459.3123474121094
215,3,4,0.008200000000000011,355.91656534830867,8.740134293586015,18.865751120703056,24.174334074321546,459.3123474121094
215,3,5,0.008200000000000011,156.86166076636098,5.487354163080454,12.524442533157353,91.86246948242187,459.3123474121094
