epoch,startPos,prefixLength,learnRate,MSE,MAE,RMSE,meanLoss,totalLoss
475,4,mix,0.006000000000000008,294.40456213285404,7.798569305241108,17.158221415194934,7.9832081041838,151.6809539794922
475,4,4,0.006000000000000008,295.18339275874587,7.946551795303821,17.180901977450016,7.9832081041838,151.6809539794922
475,4,5,0.006000000000000008,130.66817889347132,3.2115803956985474,11.431018278940478,30.33619079589844,151.6809539794922
