epoch,startPos,prefixLength,learnRate,MSE,MAE,RMSE,meanLoss,totalLoss
40,4,mix,0.009800000000000001,296.22269765662395,7.878649038821459,17.211121336409896,8.043769434878701,152.8316192626953
40,4,4,0.009800000000000001,298.36218434385074,7.973178312927485,17.273163703961437,8.043769434878701,152.8316192626953
40,4,5,0.009800000000000001,130.6022364319434,3.2181622236967087,11.428133549794708,30.566323852539064,152.8316192626953
