epoch,startPos,prefixLength,learnRate,MSE,MAE,RMSE,meanLoss,totalLoss
106,3,mix,0.009300000000000004,728.3260138601324,22.027286813809322,26.98751588902047,20.95051025390625,1047.5255126953125
106,3,3,0.009300000000000004,733.9314734152605,22.10750313905569,27.09116965757035,20.95051025390625,1047.5255126953125
106,3,4,0.009300000000000004,661.207785883814,21.109836530685424,25.7139609139435,55.13292172080592,1047.5255126953125
106,3,5,0.009300000000000004,732.5828287003224,23.997061133384705,27.066267358103193,174.58758544921875,1047.5255126953125
