epoch,startPos,prefixLength,learnRate,MSE,MAE,RMSE,meanLoss,totalLoss
484,3,mix,0.006100000000000008,769.3625908590332,22.449178649828983,27.73738615765792,20.99544189453125,1049.7720947265625
484,3,3,0.006100000000000008,721.8258260166078,21.917358673535862,26.866816447368823,20.99544189453125,1049.7720947265625
484,3,4,0.006100000000000008,663.2858417363927,21.006353759765624,25.754336367617643,55.2511628803454,1049.7720947265625
484,3,5,0.006100000000000008,721.6237515718835,23.883525907993317,26.863055514439967,174.9620157877604,1049.7720947265625
