epoch,startPos,prefixLength,learnRate,MSE,MAE,RMSE,meanLoss,totalLoss
189,3,mix,0.00850000000000001,53.110500261494515,2.3104513847565613,7.287695126821272,1.6839431126912434,5.0518293380737305
189,3,3,0.00850000000000001,77.9581464741021,2.4623395458766026,8.829391059076617,1.6839431126912434,5.0518293380737305
189,3,4,0.00850000000000001,0.706236786333299,0.1826885178043085,0.8403789540042629,5.0518293380737305,5.0518293380737305
