epoch,startPos,prefixLength,learnRate,MSE,MAE,RMSE,meanLoss,totalLoss
452,4,mix,0.006100000000000008,555.1529991490421,18.19969711303711,23.561684981109522,19.79241943359375,376.05596923828125
452,4,4,0.006100000000000008,564.3660334156939,18.45419101715088,23.7563893177329,19.79241943359375,376.05596923828125
452,4,5,0.006100000000000008,717.3261562000112,23.188633382320404,26.78294524879613,75.21119384765625,376.05596923828125
