epoch,startPos,prefixLength,learnRate,MSE,MAE,RMSE,meanLoss,totalLoss
161,1,mix,0.0007999999999999999,717.6754139501902,21.953192348139627,26.789464607382325,20.449148493705035,2842.431640625
161,1,1,0.0007999999999999999,719.1554365541575,21.981702700683048,26.817073601609806,20.449148493705035,2842.431640625
161,1,2,0.0007999999999999999,1043.0231164312147,26.12731147663934,32.29586841116391,101.51541573660714,2842.431640625
161,1,3,0.0007999999999999999,1108.2316164829929,29.242539823055267,33.29011289381568,947.4772135416666,2842.431640625
161,1,4,0.0007999999999999999,1525.7609576996038,38.51710331439972,39.06099022937851,2842.431640625,2842.431640625
