epoch,startPos,prefixLength,learnRate,MSE,MAE,RMSE,meanLoss,totalLoss
83,2,mix,0.009600000000000003,764.3008702072217,23.096367374939078,27.645991937480225,23.28909921287594,3097.4501953125
83,2,2,0.009600000000000003,765.1110841976238,23.150807613835614,27.660641427805388,23.28909921287594,3097.4501953125
83,2,3,0.009600000000000003,924.0100750117356,25.488116777860203,30.39753402846579,61.94900390625,3097.4501953125
83,2,4,0.009600000000000003,1231.4942576238132,30.134589552879333,35.09265247347104,163.0236944901316,3097.4501953125
83,2,5,0.009600000000000003,1159.6814091878155,24.743522346019745,34.05409533650565,516.24169921875,3097.4501953125
