epoch,startPos,prefixLength,learnRate,MSE,MAE,RMSE,meanLoss,totalLoss
131,3,mix,0.009000000000000006,345.23377678150365,10.285999892440696,18.580467614715825,9.651327730429292,955.4814453125
131,3,3,0.009000000000000006,340.5175080949991,10.17485028048619,18.45311648733078,9.651327730429292,955.4814453125
131,3,4,0.009000000000000006,311.1677242867104,9.67856817752389,17.639946833443414,12.408849939123376,955.4814453125
