epoch,startPos,prefixLength,learnRate,MSE,MAE,RMSE,meanLoss,totalLoss
134,3,mix,0.009000000000000006,665.4883174657139,21.443665710779335,25.797060248518896,21.06955078125,1053.4775390625
134,3,3,0.009000000000000006,666.1523150348232,21.460674272133755,25.809926676277545,21.06955078125,1053.4775390625
134,3,4,0.009000000000000006,576.6378480480287,19.50767662525177,24.013284824197388,55.44618626644737,1053.4775390625
