epoch,startPos,prefixLength,learnRate,MSE,MAE,RMSE,meanLoss,totalLoss
367,3,mix,0.0070000000000000106,722.2399725001397,21.925377731139843,26.874522739950933,20.93294677734375,1046.6473388671875
367,3,3,0.0070000000000000106,725.121154252269,21.858420161100533,26.928073719675325,20.93294677734375,1046.6473388671875
367,3,4,0.0070000000000000106,674.3693923710264,21.410719561576844,25.968623228254256,55.086702045641445,1046.6473388671875
367,3,5,0.0070000000000000106,715.3220074590822,23.72431379556656,26.745504434560253,174.44122314453125,1046.6473388671875
