epoch,startPos,prefixLength,learnRate,MSE,MAE,RMSE,meanLoss,totalLoss
279,3,mix,0.007800000000000013,666.0795788877233,21.379948616027832,25.808517564705713,20.98961181640625,1049.4805908203125
279,3,3,0.007800000000000013,669.0973457052368,21.473003323261555,25.866916045505633,20.98961181640625,1049.4805908203125
279,3,4,0.007800000000000013,598.4784685140392,19.794786083698273,24.463819581456185,55.23582056949013,1049.4805908203125
