epoch,startPos,prefixLength,learnRate,MSE,MAE,RMSE,meanLoss,totalLoss
164,4,mix,0.008800000000000007,684.189252765506,19.836256742477417,26.15701154118157,19.35906179327714,367.8221740722656
164,4,4,0.008800000000000007,692.299371836049,20.02596030632655,26.31158246544759,19.35906179327714,367.8221740722656
164,4,5,0.008800000000000007,819.4278011222846,21.705311834812164,28.625649357216066,73.56443481445312,367.8221740722656
