epoch,startPos,prefixLength,learnRate,MSE,MAE,RMSE,meanLoss,totalLoss
102,3,mix,0.009300000000000004,77.6702956723992,2.3592948003706624,8.81307526760093,2.3744235038757324,28.49308204650879
102,3,3,0.009300000000000004,77.67029035878718,2.3592922322422964,8.813074966139071,2.3744235038757324,28.49308204650879
102,3,4,0.009300000000000004,137.79315706844645,3.6131972249968385,11.738533003252428,9.49769401550293,28.49308204650879
