epoch,startPos,prefixLength,learnRate,MSE,MAE,RMSE,meanLoss,totalLoss
336,4,mix,0.007100000000000011,558.2287834739327,18.306403732299806,23.626865714138486,19.781754343133223,375.85333251953125
336,4,4,0.007100000000000011,557.9583207410602,18.295681834220886,23.621141393697727,19.781754343133223,375.85333251953125
336,4,5,0.007100000000000011,723.6594689930248,23.326633155345917,26.900919482296974,75.17066650390625,375.85333251953125
