epoch,startPos,prefixLength,learnRate,MSE,MAE,RMSE,meanLoss,totalLoss
119,1,mix,0.001,447.9001223892588,17.525508344512094,21.16365097021917,17.504513848096803,2328.100341796875
119,1,1,0.001,449.620125280631,17.560402359587677,21.204247812186853,17.504513848096803,2328.100341796875
119,1,2,0.001,282.9593329117517,11.518870899852898,16.82139509409822,21.164548561789772,2328.100341796875
119,1,3,0.001,459.05479391518656,13.783059640872208,21.425564027936034,54.141868413880815,2328.100341796875
119,1,4,0.001,275.7491698822522,9.259042698144913,16.605696910465763,122.53159693667763,2328.100341796875
