epoch,startPos,prefixLength,learnRate,MSE,MAE,RMSE,meanLoss,totalLoss
190,2,mix,0.008700000000000008,755.1949295760154,23.07159487815464,27.480810205960367,23.56223199600564,3133.77685546875
190,2,2,0.008700000000000008,754.3942080529368,23.061026078813217,27.46623760279039,23.56223199600564,3133.77685546875
190,2,3,0.008700000000000008,850.6088402113086,24.714782017927902,29.165199128607174,62.675537109375,3133.77685546875
190,2,4,0.008700000000000008,1167.2939469944076,30.024783074855804,34.16568376301589,164.93562397203948,3133.77685546875
190,2,5,0.008700000000000008,1783.301570482116,37.8609054684639,42.229155455468394,626.75537109375,3133.77685546875
