epoch,startPos,prefixLength,learnRate,MSE,MAE,RMSE,meanLoss,totalLoss
186,3,mix,0.00850000000000001,520.3614782140636,11.604193328456445,22.811433059193444,10.4759706009266,450.46673583984375
186,3,3,0.00850000000000001,514.8693912326581,11.510295065458525,22.690733598380156,10.4759706009266,450.46673583984375
186,3,4,0.00850000000000001,304.39273283817647,7.875658961758018,17.446854525620843,23.708775570518092,450.46673583984375
186,3,5,0.00850000000000001,173.868438632776,5.727052795700729,13.185918194527675,90.09334716796874,450.46673583984375
