epoch,startPos,prefixLength,learnRate,MSE,MAE,RMSE,meanLoss,totalLoss
281,2,mix,0.007800000000000013,77.01379953328475,2.2485584462710904,8.775750653550086,2.42823819760923,65.56243133544922
281,2,2,0.007800000000000013,78.33378642441092,2.299326405451211,8.850637628126627,2.42823819760923,65.56243133544922
281,2,3,0.007800000000000013,52.98646973151927,2.252081102829834,7.279180567311081,21.854143778483074,65.56243133544922
281,2,4,0.007800000000000013,9.198088118669773e-06,0.0030325277293741237,0.0030328349969409437,65.56243133544922,65.56243133544922
