epoch,startPos,prefixLength,learnRate,MSE,MAE,RMSE,meanLoss,totalLoss
11,3,mix,0.01,751.0783284015013,22.990480636849124,27.405808296810026,23.526761850916355,3129.059326171875
11,3,3,0.01,836.4661674415427,24.57284320776279,28.921724835174384,62.5811865234375,3129.059326171875
11,3,4,0.01,1197.3482207002885,30.868603100379307,34.602719845415166,164.68733295641448,3129.059326171875
11,3,5,0.01,1835.3560390616203,38.25967115163803,42.84105553159983,625.811865234375,3129.059326171875
