epoch,startPos,prefixLength,learnRate,MSE,MAE,RMSE,meanLoss,totalLoss
128,3,mix,0.008900000000000007,493.63105711234334,11.39168916778131,22.217809458007856,10.554119021393532,453.8271179199219
128,3,3,0.008900000000000007,499.3420103189726,11.518093973398209,22.345961834724694,10.554119021393532,453.8271179199219
128,3,4,0.008900000000000007,365.56209799894543,9.038775303214788,19.11967829224502,23.885637785259046,453.8271179199219
128,3,5,0.008900000000000007,168.23218782187533,6.001355689018965,12.970435143890715,90.76542358398437,453.8271179199219
