epoch,startPos,prefixLength,learnRate,MSE,MAE,RMSE,meanLoss,totalLoss
365,4,mix,0.00690000000000001,557.9073760517446,18.29666817188263,23.62006299847112,19.81830476459704,376.54779052734375
365,4,4,0.00690000000000001,556.1915086682318,18.247566127777098,23.583712783788556,19.81830476459704,376.54779052734375
365,4,5,0.00690000000000001,723.3508487876215,23.36302363872528,26.895182631609355,75.30955810546875,376.54779052734375
