epoch,startPos,prefixLength,learnRate,MSE,MAE,RMSE,meanLoss,totalLoss
32,1,mix,0.009000000000000001,427.1366949641715,17.29652235363469,20.667285621584938,17.627267020089285,2344.426513671875
32,1,1,0.009000000000000001,425.5328813651113,17.258735971581757,20.628448350884543,17.627267020089285,2344.426513671875
32,1,2,0.009000000000000001,274.00211149458625,11.542409956987415,16.55300913715045,21.312968306107955,2344.426513671875
32,1,3,0.009000000000000001,430.28054164553885,13.173177725889467,20.74320471011022,54.52154682957849,2344.426513671875
32,1,4,0.009000000000000001,263.00425234704124,9.357117465138435,16.21740584517269,123.390869140625,2344.426513671875
