epoch,startPos,prefixLength,learnRate,MSE,MAE,RMSE,meanLoss,totalLoss
36,4,mix,0.009800000000000001,346.45000838502307,8.439728105068207,18.613167607503648,7.62643753854852,144.90231323242188
36,4,4,0.009800000000000001,356.05133353596017,8.739728665351867,18.869322551060495,7.62643753854852,144.90231323242188
36,4,5,0.009800000000000001,183.42034872899626,6.689742056652904,13.54327688297763,28.980462646484376,144.90231323242188
