epoch,startPos,prefixLength,learnRate,MSE,MAE,RMSE,meanLoss,totalLoss
398,2,mix,0.00680000000000001,766.1553177314194,23.15262647060787,27.67951079284855,23.3504023731203,3105.603515625
398,2,2,0.00680000000000001,761.3495526812917,23.086209090317,27.592563358290793,23.3504023731203,3105.603515625
398,2,3,0.00680000000000001,833.3323799015224,24.073382097941177,28.86749694555318,62.1120703125,3105.603515625
398,2,4,0.00680000000000001,1154.7224922483892,29.46369860172272,33.981207928035595,163.4528166118421,3105.603515625
398,2,5,0.00680000000000001,2261.873216641946,44.669881254434586,47.55915491934172,621.120703125,3105.603515625
