epoch,startPos,prefixLength,learnRate,MSE,MAE,RMSE,meanLoss,totalLoss
153,5,mix,0.008800000000000007,650.8993990885565,21.483019471168518,25.512730137885214,20.856787109375,104.283935546875
153,5,5,0.008800000000000007,649.5387815705549,21.459305226802826,25.486050725260572,20.856787109375,104.283935546875
