epoch,startPos,prefixLength,learnRate,MSE,MAE,RMSE,meanLoss,totalLoss
337,3,mix,0.007300000000000011,664.4175480307956,21.32138166977809,25.776298183230182,21.4545751953125,1072.728759765625
337,3,3,0.007300000000000011,665.4015313497946,21.3259301002209,25.795378100539534,21.4545751953125,1072.728759765625
337,3,4,0.007300000000000011,658.577710571442,22.220003207524616,25.66276895760553,56.4594084087171,1072.728759765625
337,3,5,0.007300000000000011,991.5011594210173,28.353742122650146,31.48811139812957,214.545751953125,1072.728759765625
