epoch,startPos,prefixLength,learnRate,MSE,MAE,RMSE,meanLoss,totalLoss
175,1,mix,0.0004999999999999998,211.8545204146239,5.093281473003146,14.55522313173604,4.617987381784539,614.1923217773438
175,1,1,0.0004999999999999998,211.85452095427559,5.093281478553348,14.555223150274117,4.617987381784539,614.1923217773438
175,1,2,0.0004999999999999998,86.26947255665833,2.6015701248457805,9.288136118547055,22.74786376953125,614.1923217773438
175,1,3,0.0004999999999999998,38.421808378666725,1.6093841348454276,6.198532760151125,204.73077392578125,614.1923217773438
175,1,4,0.0004999999999999998,4.816221242742862e-10,1.7428855571210988e-05,2.1945890828906587e-05,614.1923217773438,614.1923217773438
