epoch,startPos,prefixLength,learnRate,MSE,MAE,RMSE,meanLoss,totalLoss
131,3,mix,0.009000000000000006,36.358350655450415,1.3549071115012339,6.029788607857693,1.669806957244873,5.009420871734619
131,3,3,0.009000000000000006,35.92209734227952,1.3645461646774493,5.993504596000534,1.669806957244873,5.009420871734619
131,3,4,0.009000000000000006,0.1888447220577326,0.1521819228582899,0.4345626790898323,5.009420871734619,5.009420871734619
