epoch,startPos,prefixLength,learnRate,MSE,MAE,RMSE,meanLoss,totalLoss
224,2,mix,0.00830000000000001,761.7398295782324,23.19941209870226,27.599634591389655,23.461642387218046,3120.3984375
224,2,2,0.00830000000000001,760.928311858951,23.196689498775147,27.584929071124165,23.461642387218046,3120.3984375
224,2,3,0.00830000000000001,830.8876316960603,24.274427569829502,28.825121538270405,62.40796875,3120.3984375
224,2,4,0.00830000000000001,1118.305595197493,28.959711050987245,33.441076465889864,164.23149671052633,3120.3984375
224,2,5,0.00830000000000001,2077.2782505835576,42.65966123342514,45.57716808428928,624.0796875,3120.3984375
