epoch,startPos,prefixLength,learnRate,MSE,MAE,RMSE,meanLoss,totalLoss
111,2,mix,0.009300000000000004,769.1743207689858,23.360993485240375,27.733992153474514,23.340458690671994,3104.281005859375
111,2,2,0.009300000000000004,765.0437432349829,23.247039626626407,27.659424130574067,23.340458690671994,3104.281005859375
111,2,3,0.009300000000000004,695.7185387035702,22.076047205007992,26.376476995678747,62.0856201171875,3104.281005859375
111,2,4,0.009300000000000004,840.1221988744279,24.985515999794007,28.984861546580277,163.38321083470396,3104.281005859375
