epoch,startPos,prefixLength,learnRate,MSE,MAE,RMSE,meanLoss,totalLoss
336,2,mix,0.007400000000000012,740.3000619603816,22.725731528857175,27.20845570701104,23.40405824130639,3112.73974609375
336,2,2,0.007400000000000012,740.7675071206037,22.773936794084662,27.217044422945776,23.40405824130639,3112.73974609375
336,2,3,0.007400000000000012,796.5734287143277,23.83968287706375,28.223632450737586,62.254794921875,3112.73974609375
336,2,4,0.007400000000000012,1000.4007647337193,27.935526877641678,31.629112613756956,163.82840768914474,3112.73974609375
336,2,5,0.007400000000000012,1646.91823685925,36.029323637485504,40.58224041202321,622.54794921875,3112.73974609375
