epoch,startPos,prefixLength,learnRate,MSE,MAE,RMSE,meanLoss,totalLoss
311,2,mix,0.007500000000000012,305.13393859043373,7.529814261810055,17.468083426364604,8.658535794094876,961.0974731445312
311,2,2,0.007500000000000012,305.35704689292754,7.540898019580969,17.474468429480982,8.658535794094876,961.0974731445312
311,2,3,0.007500000000000012,486.58908779011375,11.090944289991802,22.0587644212026,22.351104026617005,961.0974731445312
311,2,4,0.007500000000000012,302.3480214455361,7.4702034525573255,17.38815750577203,50.584077533922695,961.0974731445312
