epoch,startPos,prefixLength,learnRate,MSE,MAE,RMSE,meanLoss,totalLoss
479,3,mix,0.006000000000000008,36.71726728530097,1.4691674499149485,6.059477476259894,1.6297413508097331,4.889224052429199
479,3,3,0.006000000000000008,36.483874064453396,1.4105480674847968,6.0401882474351245,1.6297413508097331,4.889224052429199
479,3,4,0.006000000000000008,18.975515839947718,2.30268777045967,4.356089512389262,4.889224052429199,4.889224052429199
