epoch,startPos,prefixLength,learnRate,MSE,MAE,RMSE,meanLoss,totalLoss
360,3,mix,0.00690000000000001,493.7707010463611,11.383702009577643,22.220951848342615,10.582578437272893,455.0508728027344
360,3,3,0.00690000000000001,506.77449269864576,11.693360440094363,22.51165237601731,10.582578437272893,455.0508728027344
360,3,4,0.00690000000000001,359.2407039839787,8.8391059987247,18.953646192328765,23.95004593698602,455.0508728027344
360,3,5,0.00690000000000001,179.63018678851722,6.517250595614314,13.402618654148048,91.01017456054687,455.0508728027344
