epoch,startPos,prefixLength,learnRate,MSE,MAE,RMSE,meanLoss,totalLoss
221,3,mix,0.00830000000000001,667.1668666606358,21.409314673680527,25.829573489715926,21.06447265625,1053.2236328125
221,3,3,0.00830000000000001,669.0442095553836,21.52222706262882,25.86588891871655,21.06447265625,1053.2236328125
221,3,4,0.00830000000000001,583.3098823899056,19.532480216026308,24.151809091451216,55.43282277960526,1053.2236328125
