epoch,startPos,prefixLength,learnRate,MSE,MAE,RMSE,meanLoss,totalLoss
163,3,mix,0.008800000000000007,670.6695267337919,21.40034777384538,25.897288018898657,21.51622802734375,1075.8114013671875
163,3,3,0.008800000000000007,665.9931283006156,21.29920602761782,25.80684266431319,21.51622802734375,1075.8114013671875
163,3,4,0.008800000000000007,653.7982322256736,22.048460483551025,25.569478528622238,56.621652703536185,1075.8114013671875
163,3,5,0.008800000000000007,958.09072361477,27.88122683763504,30.95304061986108,215.1622802734375,1075.8114013671875
