epoch,startPos,prefixLength,learnRate,MSE,MAE,RMSE,meanLoss,totalLoss
198,2,mix,0.00850000000000001,794.9288727730343,23.679998455625594,28.19448302014127,23.13572933799342,3077.052001953125
198,2,2,0.00850000000000001,792.6444412797002,23.670602974566545,28.15394184265678,23.13572933799342,3077.052001953125
198,2,3,0.00850000000000001,723.5625804540388,22.834935307502747,26.899118581359478,61.5410400390625,3077.052001953125
198,2,4,0.00850000000000001,702.9940640716492,22.91450455188751,26.514035228000456,161.95010536595396,3077.052001953125
