epoch,startPos,prefixLength,learnRate,MSE,MAE,RMSE,meanLoss,totalLoss
90,1,mix,0.004,448.9408169111021,17.543951764702797,21.188223543069913,17.50366761630639,2327.98779296875
90,1,1,0.004,447.88193164391936,17.520603913983162,21.16322120197961,17.50366761630639,2327.98779296875
90,1,2,0.004,282.2662108717271,11.501427616391863,16.8007800673578,21.163525390625,2327.98779296875
90,1,3,0.004,471.31919837537293,13.972421058707617,21.7098871110693,54.13925099927326,2327.98779296875
90,1,4,0.004,309.03684184526344,9.93139477223158,17.579443729687906,122.52567331414474,2327.98779296875
