epoch,startPos,prefixLength,learnRate,MSE,MAE,RMSE,meanLoss,totalLoss
450,3,mix,0.0062000000000000085,36.971527454745654,1.4697221149426696,6.080421651065463,1.5620694160461426,4.686208248138428
450,3,3,0.0062000000000000085,58.74089747512831,2.1547110186529608,7.664261052125528,1.5620694160461426,4.686208248138428
450,3,4,0.0062000000000000085,9.71306943489418,1.2805714927235385,3.116579765527297,4.686208248138428,4.686208248138428
