epoch,startPos,prefixLength,learnRate,MSE,MAE,RMSE,meanLoss,totalLoss
276,3,mix,0.007800000000000013,344.604037618923,10.195328843636581,18.56351361189263,9.651737097537879,955.52197265625
276,3,3,0.007800000000000013,342.74138309821024,10.165859464000768,18.513275860803518,9.651737097537879,955.52197265625
276,3,4,0.007800000000000013,309.27359681465487,9.592506876503606,17.58617629886198,12.409376268262987,955.52197265625
