epoch,startPos,prefixLength,learnRate,MSE,MAE,RMSE,meanLoss,totalLoss
78,2,mix,0.009500000000000003,79.66817726080849,2.3477508738982067,8.925703180187458,2.4539241084346064,66.25595092773438
78,2,2,0.009500000000000003,80.98852315680622,2.3985334064700936,8.999362375013368,2.4539241084346064,66.25595092773438
78,2,3,0.009500000000000003,60.968597161875344,2.2812941569691247,7.808239056399039,22.085316975911457,66.25595092773438
78,2,4,0.009500000000000003,1.292165782110071e-09,3.498588989714335e-05,3.59467075280904e-05,66.25595092773438,66.25595092773438
