epoch,startPos,prefixLength,learnRate,MSE,MAE,RMSE,meanLoss,totalLoss
402,2,mix,0.00690000000000001,760.7405533512988,23.03230969432522,27.581525580563863,23.24223522673872,3091.21728515625
402,2,2,0.00690000000000001,765.9148133097691,23.112750048146527,27.675166003291995,23.24223522673872,3091.21728515625
402,2,3,0.00690000000000001,849.7690406357439,24.030017664799324,29.150798284708156,61.824345703125,3091.21728515625
402,2,4,0.00690000000000001,933.0847812415777,25.405772984027863,30.54643647369653,162.69564658717104,3091.21728515625
402,2,5,0.00690000000000001,971.1032118567832,23.635129868984222,31.16252897081338,515.202880859375,3091.21728515625
