epoch,startPos,prefixLength,learnRate,MSE,MAE,RMSE,meanLoss,totalLoss
336,2,mix,0.007300000000000011,328.12809872795634,8.099373755843512,18.114306465552477,8.487988836115056,933.6787719726562
336,2,2,0.007300000000000011,332.59205181975625,8.190333329407233,18.23710645414333,8.487988836115056,933.6787719726562
336,2,3,0.007300000000000011,499.9841140144405,11.555135368623517,22.360324550740323,21.713459813317588,933.6787719726562
336,2,4,0.007300000000000011,352.8324829670495,8.63866014778614,18.783835683029423,49.14098799856085,933.6787719726562
336,2,5,0.007300000000000011,190.9694047097814,7.032416965812445,13.819168018002436,186.73575439453126,933.6787719726562
