epoch,startPos,prefixLength,learnRate,MSE,MAE,RMSE,meanLoss,totalLoss
248,2,mix,0.008200000000000011,761.9781276727872,23.1236411420738,27.603951305434286,23.582504846099624,3136.47314453125
248,2,2,0.008200000000000011,753.528565746924,23.042732710347455,27.4504747818125,23.582504846099624,3136.47314453125
248,2,3,0.008200000000000011,840.2449042924163,24.629937029801884,28.98697818490945,62.729462890625,3136.47314453125
248,2,4,0.008200000000000011,1177.0783453251256,30.412771463394165,34.30857539049276,165.07753392269737,3136.47314453125
248,2,5,0.008200000000000011,1782.3164546246862,37.74263769388199,42.21748991383413,627.29462890625,3136.47314453125
