epoch,startPos,prefixLength,learnRate,MSE,MAE,RMSE,meanLoss,totalLoss
330,4,mix,0.007300000000000011,290.4485336288077,7.688315912336111,17.04255067848729,7.82582574141653,148.69068908691406
330,4,4,0.007300000000000011,294.5789848775084,7.833642901480198,17.16330343720312,7.82582574141653,148.69068908691406
330,4,5,0.007300000000000011,130.65925209523,3.2114998009055853,11.43062780844648,29.738137817382814,148.69068908691406
