epoch,startPos,prefixLength,learnRate,MSE,MAE,RMSE,meanLoss,totalLoss
479,3,mix,0.006000000000000008,77.65891227206207,2.3568773967022025,8.81242941940882,2.372891108194987,28.474693298339844
479,3,3,0.006000000000000008,77.65891311439901,2.356878502301697,8.812429467201369,2.372891108194987,28.474693298339844
479,3,4,0.006000000000000008,246.17431907210016,6.470162332198015,15.689943246299528,9.491564432779947,28.474693298339844
