epoch,startPos,prefixLength,learnRate,MSE,MAE,RMSE,meanLoss,totalLoss
257,2,mix,0.008200000000000011,763.9902235980826,23.11985471143442,27.640373072700783,23.304129464285715,3099.44921875
257,2,2,0.008200000000000011,760.5293943052367,23.064629216404523,27.57769740760161,23.304129464285715,3099.44921875
257,2,3,0.008200000000000011,877.8373744038108,24.501031403358166,29.628320478957473,61.988984375,3099.44921875
257,2,4,0.008200000000000011,1016.0641700086592,26.698197901248932,31.875761481236164,163.12890625,3099.44921875
257,2,5,0.008200000000000011,1059.8456753036967,23.855407625436783,32.55527108324698,516.5748697916666,3099.44921875
