epoch,startPos,prefixLength,learnRate,MSE,MAE,RMSE,meanLoss,totalLoss
339,2,mix,0.007300000000000011,78.34785918434255,2.296921255673439,8.851432606326648,2.4074280350296586,65.00055694580078
339,2,2,0.007300000000000011,82.30882337044002,2.449265731566854,9.072421031369743,2.4074280350296586,65.00055694580078
339,2,3,0.007300000000000011,58.234567892949784,2.109420681859831,7.631157703320629,21.666852315266926,65.00055694580078
339,2,4,0.007300000000000011,2.0779529585967255e-09,4.228038767450926e-05,4.558456930362209e-05,65.00055694580078,65.00055694580078
