epoch,startPos,prefixLength,learnRate,MSE,MAE,RMSE,meanLoss,totalLoss
281,2,mix,0.007800000000000013,332.5411979222609,9.804690094367187,18.235712158351834,9.295247395833334,1310.6298828125
281,2,2,0.007800000000000013,331.43457385641045,9.786204660686458,18.205344650854883,9.295247395833334,1310.6298828125
281,2,3,0.007800000000000013,354.0907582117764,10.336933446260026,18.817299439924327,13.238685684974747,1310.6298828125
281,2,4,0.007800000000000013,319.0894857243687,9.702966787364511,17.86307604317825,17.021167309253247,1310.6298828125
