epoch,startPos,prefixLength,learnRate,MSE,MAE,RMSE,meanLoss,totalLoss
67,1,mix,0.006,797.466865859914,22.22270069271326,28.23945583505309,21.31228510538737,4091.958740234375
67,1,1,0.006,796.4597650167574,22.197988835473854,28.22161875259386,21.31228510538737,4091.958740234375
67,1,2,0.006,1350.3747174547286,30.00566866117365,36.74744504662506,30.76660706943139,4091.958740234375
67,1,3,0.006,1801.749681428948,37.22604791017679,42.44702205607536,81.8391748046875,4091.958740234375
67,1,4,0.006,2229.925143767504,43.220665419101714,47.22208322138599,215.36624948601974,4091.958740234375
