epoch,startPos,prefixLength,learnRate,MSE,MAE,RMSE,meanLoss,totalLoss
41,3,mix,0.009700000000000002,496.92246616622157,11.452746082774617,22.291757807903387,10.604915885038155,456.0113830566406
41,3,3,0.009700000000000002,504.06188808878164,11.657218671319159,22.45132263562175,10.604915885038155,456.0113830566406
41,3,4,0.009700000000000002,346.3040976368159,8.44070657119155,18.60924763758105,24.000599108244245,456.0113830566406
41,3,5,0.009700000000000002,164.40951136263322,5.831419980153441,12.822227238769138,91.20227661132813,456.0113830566406
