epoch,startPos,prefixLength,learnRate,MSE,MAE,RMSE,meanLoss,totalLoss
137,2,mix,0.009000000000000006,346.4331309254484,8.392809695963349,18.612714227791937,8.442092618075284,928.6301879882812
137,2,2,0.009000000000000006,350.58780453266934,8.498322264424392,18.72399008044678,8.442092618075284,928.6301879882812
137,2,3,0.009000000000000006,528.6276823884705,12.22713639113036,22.991904714235194,21.596050883448402,928.6301879882812
137,2,4,0.009000000000000006,326.5331666691498,7.956870795041323,18.070228738705822,48.875273052014805,928.6301879882812
