epoch,startPos,prefixLength,learnRate,MSE,MAE,RMSE,meanLoss,totalLoss
454,3,mix,0.006300000000000009,600.9476595535187,19.835519708119907,24.514233815347335,21.23898193359375,1061.9490966796875
454,3,3,0.006300000000000009,593.7575707335562,19.760728781039898,24.367141209701977,21.23898193359375,1061.9490966796875
454,3,4,0.006300000000000009,553.193129070614,18.916575336456297,23.520058015885375,55.892057719983555,1061.9490966796875
