epoch,startPos,prefixLength,learnRate,MSE,MAE,RMSE,meanLoss,totalLoss
331,3,mix,0.007200000000000011,499.58873365507463,11.538810097697107,22.351481688135905,10.562391414198764,454.1828308105469
331,3,3,0.007200000000000011,507.03674195282713,11.687957876107909,22.517476367320278,10.562391414198764,454.1828308105469
331,3,4,0.007200000000000011,352.84490807549867,8.639382474124432,18.784166419500725,23.904359516344574,454.1828308105469
331,3,5,0.007200000000000011,160.72435087127587,5.658143859356642,12.67771078985776,90.83656616210938,454.1828308105469
