epoch,startPos,prefixLength,learnRate,MSE,MAE,RMSE,meanLoss,totalLoss
186,3,mix,0.00840000000000001,495.057638230321,11.432123254307292,22.249890746480556,10.65447217364644,458.1423034667969
186,3,3,0.00840000000000001,501.7336737298052,11.61245219815861,22.399412352332043,10.65447217364644,458.1423034667969
186,3,4,0.00840000000000001,352.6037985466634,8.643389754742383,18.77774743004771,24.11275281404194,458.1423034667969
186,3,5,0.00840000000000001,171.89779086561927,6.177720194682479,13.110979782823986,91.62846069335937,458.1423034667969
