epoch,startPos,prefixLength,learnRate,MSE,MAE,RMSE,meanLoss,totalLoss
124,4,mix,0.009000000000000006,303.74801222394973,7.830592458322644,17.42836803099905,7.596250032123766,144.32875061035156
124,4,4,0.009000000000000006,303.7480122701847,7.830592466704547,17.42836803232548,7.596250032123766,144.32875061035156
124,4,5,0.009000000000000006,175.91231232352055,5.97902995813638,13.263193896023708,28.865750122070313,144.32875061035156
