epoch,startPos,prefixLength,learnRate,MSE,MAE,RMSE,meanLoss,totalLoss
459,2,mix,0.0062000000000000085,772.8068137218297,23.356173378579758,27.799403118085642,23.297469748590224,3098.5634765625
459,2,2,0.0062000000000000085,765.6887089456885,23.225279606440488,27.67108073324366,23.297469748590224,3098.5634765625
459,2,3,0.0062000000000000085,681.522429417036,21.76203374220775,26.10598455176583,61.97126953125,3098.5634765625
459,2,4,0.0062000000000000085,712.1414806086126,22.757271885871887,26.68597910155467,163.0822882401316,3098.5634765625
