epoch,startPos,prefixLength,learnRate,MSE,MAE,RMSE,meanLoss,totalLoss
355,3,mix,0.0070000000000000106,622.3734025882659,17.87532114982605,24.94741274337413,19.795738220214844,59.38721466064453
355,3,3,0.0070000000000000106,537.3671283852836,16.489413261413574,23.181180478683213,19.795738220214844,59.38721466064453
355,3,4,0.0070000000000000106,327.6681437944035,13.780449748039246,18.10160611090639,59.38721466064453,59.38721466064453
