epoch,startPos,prefixLength,learnRate,MSE,MAE,RMSE,meanLoss,totalLoss
137,2,mix,0.009000000000000006,310.36798290206656,7.640217620480273,17.617263774549855,8.647116171347129,959.8298950195312
137,2,2,0.009000000000000006,306.78063268878674,7.584844765785549,17.51515437239383,8.647116171347129,959.8298950195312
137,2,3,0.009000000000000006,480.6225076511717,11.178898459300399,21.923104425495303,22.321625465570495,959.8298950195312
137,2,4,0.009000000000000006,294.4180205553165,7.273935717344284,17.15861359653852,50.517362895764805,959.8298950195312
