epoch,startPos,prefixLength,learnRate,MSE,MAE,RMSE,meanLoss,totalLoss
456,2,mix,0.006300000000000009,330.9493691607608,8.20595605764538,18.1920138841405,8.504300759055397,935.4730834960938
456,2,2,0.006300000000000009,330.47058627583954,8.179168699043137,18.178849971212138,8.504300759055397,935.4730834960938
456,2,3,0.006300000000000009,466.4125570436782,10.672238311984323,21.596586698913285,21.75518798828125,935.4730834960938
456,2,4,0.006300000000000009,290.01098750002296,7.603634405136108,17.029708966979527,49.23542544716283,935.4730834960938
456,2,5,0.006300000000000009,130.66705448192005,3.2114089373499155,11.430969096359243,187.09461669921876,935.4730834960938
