epoch,startPos,prefixLength,learnRate,MSE,MAE,RMSE,meanLoss,totalLoss
482,3,mix,0.006000000000000008,660.5574392784342,20.997994583386642,25.70131201472863,21.273251953125,1063.66259765625
482,3,3,0.006000000000000008,667.8011357122864,21.120738703470963,25.841848535123923,21.273251953125,1063.66259765625
482,3,4,0.006000000000000008,627.4219403654932,21.259913861751556,25.04839197165146,55.9822419819079,1063.66259765625
482,3,5,0.006000000000000008,906.7644473056552,27.105926483869553,30.112529739390133,212.73251953125,1063.66259765625
