epoch,startPos,prefixLength,learnRate,MSE,MAE,RMSE,meanLoss,totalLoss
393,3,mix,0.00670000000000001,468.23696188746277,10.693708130920475,21.63878374325745,10.840386679006178,466.1366271972656
393,3,3,0.00670000000000001,462.7500401956165,10.575817341492934,21.51162569857556,10.840386679006178,466.1366271972656
393,3,4,0.00670000000000001,296.32375723869643,7.84741472825408,17.214056966290556,24.533506694592926,466.1366271972656
393,3,5,0.00670000000000001,130.6578165804968,3.2116665579378605,11.430565015802886,93.22732543945312,466.1366271972656
