epoch,startPos,prefixLength,learnRate,MSE,MAE,RMSE,meanLoss,totalLoss
442,4,mix,0.006300000000000009,371.97878806101835,9.238307769596577,19.286751620244875,7.753262971576891,147.31199645996094
442,4,4,0.006300000000000009,355.98060935863055,8.738364504277707,18.867448406147307,7.753262971576891,147.31199645996094
442,4,5,0.006300000000000009,187.1468474318875,6.860108049586415,13.680162551369317,29.462399291992188,147.31199645996094
