epoch,startPos,prefixLength,learnRate,MSE,MAE,RMSE,meanLoss,totalLoss
77,3,mix,0.009500000000000003,590.185663515902,19.75677328843337,24.29373712535603,21.33798828125,1066.8994140625
77,3,3,0.009500000000000003,592.8705851210267,19.727555508796986,24.34893396272261,21.33798828125,1066.8994140625
77,3,4,0.009500000000000003,550.786631150004,18.682288670539855,23.468843839226594,56.15260074013158,1066.8994140625
