epoch,startPos,prefixLength,learnRate,MSE,MAE,RMSE,meanLoss,totalLoss
476,3,mix,0.005900000000000008,499.63478940486,11.549720649692146,22.352511926064597,10.640474541242732,457.5404052734375
476,3,3,0.005900000000000008,495.7853576198657,11.436084293845026,22.2662380661814,10.640474541242732,457.5404052734375
476,3,4,0.005900000000000008,359.2123759985576,8.837508270144463,18.952898881135773,24.08107396175987,457.5404052734375
476,3,5,0.005900000000000008,179.6092909153987,6.515641741454601,13.401839087058116,91.5080810546875,457.5404052734375
