epoch,startPos,prefixLength,learnRate,MSE,MAE,RMSE,meanLoss,totalLoss
46,2,mix,0.009800000000000001,331.30603115474116,8.178615461702325,18.20181395231643,8.466829612038353,931.3512573242188
46,2,2,0.009800000000000001,328.1821529908968,8.125339096678156,18.115798436472424,8.466829612038353,931.3512573242188
46,2,3,0.009800000000000001,502.130756177201,11.602250412783839,22.408274279319258,21.659331565679505,931.3512573242188
46,2,4,0.009800000000000001,349.5411756558347,8.539535462856293,18.696020315987965,49.01848722759046,931.3512573242188
46,2,5,0.009800000000000001,187.0781967576537,6.862525173462927,13.6776531889668,186.27025146484374,931.3512573242188
