epoch,startPos,prefixLength,learnRate,MSE,MAE,RMSE,meanLoss,totalLoss
315,2,mix,0.007700000000000012,766.1091806458619,23.15791985655532,27.678677364459848,23.246837185737782,3091.829345703125
315,2,2,0.007700000000000012,764.0807081631011,23.10006165241494,27.64200984304689,23.246837185737782,3091.829345703125
315,2,3,0.007700000000000012,881.1374932013719,24.64876284278356,29.683960200777992,61.8365869140625,3091.829345703125
315,2,4,0.007700000000000012,962.452186283998,25.89129830002785,31.023413517599863,162.72786030016448,3091.829345703125
315,2,5,0.007700000000000012,991.5943183693495,23.97247537970543,31.489590635150364,515.3048909505209,3091.829345703125
