epoch,startPos,prefixLength,learnRate,MSE,MAE,RMSE,meanLoss,totalLoss
372,2,mix,0.0070000000000000106,766.4747134715287,23.27602046903442,27.68527972536179,23.297264156484964,3098.5361328125
372,2,2,0.0070000000000000106,757.1567484245506,23.135320858043784,27.51648139614785,23.297264156484964,3098.5361328125
372,2,3,0.0070000000000000106,685.7673406031138,21.82681842950674,26.187159842241652,61.97072265625,3098.5361328125
372,2,4,0.0070000000000000106,730.0380967907204,23.083632743358613,27.019217175756967,163.08084909539474,3098.5361328125
