epoch,startPos,prefixLength,learnRate,MSE,MAE,RMSE,meanLoss,totalLoss
364,3,mix,0.00690000000000001,462.87886028054277,10.605448175899006,21.51461968709981,10.810542616733285,464.85333251953125
364,3,3,0.00690000000000001,455.79636702726896,10.432151950557124,21.34938797781494,10.810542616733285,464.85333251953125
364,3,4,0.00690000000000001,300.5735270154811,8.009870823472738,17.337056469178414,24.465964869449014,464.85333251953125
364,3,5,0.00690000000000001,130.6678155538915,3.2115220725536346,11.431002386225432,92.97066650390624,464.85333251953125
