epoch,startPos,prefixLength,learnRate,MSE,MAE,RMSE,meanLoss,totalLoss
361,4,mix,0.0070000000000000106,666.1514191007133,20.369033288955688,25.809909319885517,19.205995258532074,364.9139099121094
361,4,4,0.0070000000000000106,665.8455963187198,20.422086358070374,25.803984117161438,19.205995258532074,364.9139099121094
361,4,5,0.0070000000000000106,791.0961630486499,25.3833349943161,28.12643175108869,60.81898498535156,364.9139099121094
