epoch,startPos,prefixLength,learnRate,MSE,MAE,RMSE,meanLoss,totalLoss
427,2,mix,0.006500000000000009,308.2179356789164,7.607838181113558,17.556136695723133,8.660935960374436,961.3638916015625
427,2,2,0.006500000000000009,307.97523450324104,7.605186447102044,17.54922318802861,8.660935960374436,961.3638916015625
427,2,3,0.006500000000000009,477.0093847283643,10.840501658110457,21.840544515381577,22.3572998046875,961.3638916015625
427,2,4,0.006500000000000009,302.37474271052434,7.469168189540506,17.38892586419657,50.59809955797697,961.3638916015625
