epoch,startPos,prefixLength,learnRate,MSE,MAE,RMSE,meanLoss,totalLoss
218,3,mix,0.00830000000000001,338.0107898237556,10.064520924978961,18.385069753029374,9.653629803898358,955.7093505859375
218,3,3,0.00830000000000001,353.2230706228419,10.327769580368813,18.794229716134733,9.653629803898358,955.7093505859375
218,3,4,0.00830000000000001,307.73146855964853,9.52307250392845,17.542276607089757,12.411809747869318,955.7093505859375
