epoch,startPos,prefixLength,learnRate,MSE,MAE,RMSE,meanLoss,totalLoss
353,2,mix,0.007200000000000011,647.3066127790286,20.187460141522543,25.44222106615357,19.262706211635045,539.3557739257812
353,2,2,0.007200000000000011,665.7797063613345,20.55061605146953,25.802707345573925,19.262706211635045,539.3557739257812
353,2,3,0.007200000000000011,538.332588976346,18.12909770011902,23.201995366268523,179.7852579752604,539.3557739257812
353,2,4,0.007200000000000011,330.00828279841767,17.517426192760468,18.166130099677744,539.3557739257812,539.3557739257812
