epoch,startPos,prefixLength,learnRate,MSE,MAE,RMSE,meanLoss,totalLoss
166,2,mix,0.008800000000000007,760.7978708464523,23.226557165384293,27.582564616917917,23.456475049929512,3119.711181640625
166,2,2,0.008800000000000007,757.0368373520582,23.148295965264825,27.514302414418182,23.456475049929512,3119.711181640625
166,2,3,0.008800000000000007,835.1871946546742,24.46510014625696,28.899605441159125,62.3942236328125,3119.711181640625
166,2,4,0.008800000000000007,1127.436224625087,29.07462887763977,33.57731711475899,164.1953253495066,3119.711181640625
166,2,5,0.008800000000000007,2130.721213435907,43.27002102136612,46.15973584668685,623.942236328125,3119.711181640625
