epoch,startPos,prefixLength,learnRate,MSE,MAE,RMSE,meanLoss,totalLoss
14,3,mix,0.01,86.26963566536139,2.601606713413897,9.28814489902916,2.45150954635055,66.19075775146484
14,3,3,0.01,48.65622401865825,1.812531643988052,6.9754013517974895,22.06358591715495,66.19075775146484
14,3,4,0.01,8.964189598907401e-09,6.548476926582225e-05,9.467940430160828e-05,66.19075775146484,66.19075775146484
