epoch,startPos,prefixLength,learnRate,MSE,MAE,RMSE,meanLoss,totalLoss
393,3,mix,0.00670000000000001,545.1331098996246,12.361059638756243,23.34808578662552,10.287507522937863,442.3628234863281
393,3,3,0.00670000000000001,536.3649057861185,12.200552363795312,23.159553229415252,10.287507522937863,442.3628234863281
393,3,4,0.00670000000000001,319.46671989331975,7.769464265182615,17.873631972638346,23.28225386770148,442.3628234863281
