epoch,startPos,prefixLength,learnRate,MSE,MAE,RMSE,meanLoss,totalLoss
440,2,mix,0.006500000000000009,655.3391819591734,20.369304861341202,25.59959339441104,19.323131016322545,541.0476684570312
440,2,2,0.006500000000000009,660.0435893291107,20.505427062511444,25.691313499490654,19.323131016322545,541.0476684570312
440,2,3,0.006500000000000009,563.4895294763787,18.884876370429993,23.7379343978447,180.3492228190104,541.0476684570312
440,2,4,0.006500000000000009,438.70572782780755,20.437759399414062,20.9453032402925,541.0476684570312,541.0476684570312
