epoch,startPos,prefixLength,learnRate,MSE,MAE,RMSE,meanLoss,totalLoss
243,4,mix,0.008000000000000012,292.51893064747674,7.76975856050849,17.103184810071976,7.915443821957237,150.3934326171875
243,4,4,0.008000000000000012,298.7654234351755,7.9967379771173,17.284832178391998,7.915443821957237,150.3934326171875
243,4,5,0.008000000000000012,130.64565305262497,3.2130875680595636,11.43003294188713,30.0786865234375,150.3934326171875
