epoch,startPos,prefixLength,learnRate,MSE,MAE,RMSE,meanLoss,totalLoss
82,2,mix,0.009500000000000003,765.4767839231804,23.238011940437204,27.667251108904555,23.375712229793233,3108.9697265625
82,2,2,0.009500000000000003,766.5901734715036,23.31036488098257,27.687364870487468,23.375712229793233,3108.9697265625
82,2,3,0.009500000000000003,687.8638972951462,21.940318130529842,26.227159535396627,62.17939453125,3108.9697265625
82,2,4,0.009500000000000003,844.6836557467834,24.9901513338089,29.06344191156277,163.62998560855263,3108.9697265625
