epoch,startPos,prefixLength,learnRate,MSE,MAE,RMSE,meanLoss,totalLoss
79,2,mix,0.009500000000000003,754.8825427973621,23.122654783375122,27.475125892293235,23.479018591400376,3122.70947265625
79,2,2,0.009500000000000003,760.6116649799363,23.23696987769183,27.57918898336092,23.479018591400376,3122.70947265625
79,2,3,0.009500000000000003,835.6144920118493,24.458142849115227,28.906997284599612,62.454189453125,3122.70947265625
79,2,4,0.009500000000000003,1124.1445903733843,28.996113324165343,33.52826554376746,164.35313013980263,3122.70947265625
79,2,5,0.009500000000000003,2126.073289005741,43.224930822849274,46.10936227064674,624.54189453125,3122.70947265625
