epoch,startPos,prefixLength,learnRate,MSE,MAE,RMSE,meanLoss,totalLoss
249,4,mix,0.007900000000000013,558.9140721348334,18.24950954914093,23.64136358450657,19.770176937705592,375.63336181640625
249,4,4,0.007900000000000013,559.5863872166228,18.33425064086914,23.655578353035946,19.770176937705592,375.63336181640625
249,4,5,0.007900000000000013,737.2608365028441,23.637501657009125,27.152547514051864,75.12667236328124,375.63336181640625
