epoch,startPos,prefixLength,learnRate,MSE,MAE,RMSE,meanLoss,totalLoss
48,3,mix,0.009800000000000001,749.489967305614,22.267915945786697,27.376814411205952,20.978779296875,1048.93896484375
48,3,3,0.009800000000000001,734.5944460196969,22.086721901710217,27.10340284945226,20.978779296875,1048.93896484375
48,3,4,0.009800000000000001,679.7013006069865,21.249869120121,26.071081692307793,55.20731393914474,1048.93896484375
48,3,5,0.009800000000000001,771.3742780291806,24.642771393060684,27.773625583081166,174.82316080729166,1048.93896484375
