epoch,startPos,prefixLength,learnRate,MSE,MAE,RMSE,meanLoss,totalLoss
88,1,mix,0.004,325.3326844347381,9.728604120267338,18.036981023295947,9.543287132218568,1631.902099609375
88,1,1,0.004,325.3345006572891,9.72901743786886,18.037031370413732,9.543287132218568,1631.902099609375
88,1,2,0.004,332.9237191732278,9.8994783644254,18.246197389407683,11.573773756094859,1631.902099609375
88,1,3,0.004,356.0044043065161,10.427304833446843,18.868078977641474,16.48385959201389,1631.902099609375
88,1,4,0.004,314.08214675333755,9.599187175831979,17.722362899831882,21.193533761160715,1631.902099609375
