epoch,startPos,prefixLength,learnRate,MSE,MAE,RMSE,meanLoss,totalLoss
162,4,mix,0.008700000000000008,573.5908188509784,18.728436040878297,23.949756133434395,19.89461155941612,377.99761962890625
162,4,4,0.008700000000000008,560.907187218709,18.25531964302063,23.683479204261968,19.89461155941612,377.99761962890625
162,4,5,0.008700000000000008,735.8403273554131,23.732702255249023,27.12637696699309,75.59952392578126,377.99761962890625
