epoch,startPos,prefixLength,learnRate,MSE,MAE,RMSE,meanLoss,totalLoss
175,1,mix,0.0004999999999999998,326.4755981511457,9.74933472193431,18.068635757885698,9.547502484237938,1632.6229248046875
175,1,1,0.0004999999999999998,325.5438559449434,9.729722060804624,18.042833922223622,9.547502484237938,1632.6229248046875
175,1,2,0.0004999999999999998,331.13428041395525,9.860240030852664,18.197095383987943,11.578885991522606,1632.6229248046875
175,1,3,0.0004999999999999998,351.518121071702,10.283383999019861,18.748816524562343,16.491140654592805,1632.6229248046875
175,1,4,0.0004999999999999998,313.5551753172552,9.610307968443347,17.70748924374247,21.202895127333605,1632.6229248046875
