epoch,startPos,prefixLength,learnRate,MSE,MAE,RMSE,meanLoss,totalLoss
427,2,mix,0.006500000000000009,349.5736886449134,8.46778129260721,18.696889812076055,8.444036310369318,928.843994140625
427,2,2,0.006500000000000009,349.05845408109644,8.432789375473346,18.683106114377676,8.444036310369318,928.843994140625
427,2,3,0.006500000000000009,544.0044859112403,12.327506003054706,23.3239037451118,21.601023119549417,928.843994140625
427,2,4,0.006500000000000009,327.2878652733393,7.979333886504174,18.091099062061964,48.886526007401315,928.843994140625
