epoch,startPos,prefixLength,learnRate,MSE,MAE,RMSE,meanLoss,totalLoss
307,2,mix,0.007700000000000012,746.0824849467316,22.82346641666749,27.314510519991597,23.42253399612312,3115.197021484375
307,2,2,0.007700000000000012,749.9990273677358,22.900059451075162,27.386110117498173,23.42253399612312,3115.197021484375
307,2,3,0.007700000000000012,784.6837567723378,23.63377987421476,28.012207281332504,62.3039404296875,3115.197021484375
307,2,4,0.007700000000000012,992.3211455253522,27.852734486262005,31.501129273811,163.95773797286185,3115.197021484375
307,2,5,0.007700000000000012,1572.9112887401598,35.34547007083893,39.65994564721641,623.039404296875,3115.197021484375
