epoch,startPos,prefixLength,learnRate,MSE,MAE,RMSE,meanLoss,totalLoss
90,1,mix,0.004,445.1606237702342,17.787625788437094,21.09882991471883,17.545938821663533,2333.60986328125
90,1,1,0.004,443.39265526620704,17.735965053605682,21.056890921173693,17.545938821663533,2333.60986328125
90,1,2,0.004,293.2544530819792,15.23555662788983,17.124673809505953,21.214635120738638,2333.60986328125
90,1,3,0.004,379.1026030449608,17.008786892687734,19.47055733781036,54.269996820494185,2333.60986328125
90,1,4,0.004,268.3394049150404,14.925677043199538,16.381068491250513,122.82157175164474,2333.60986328125
90,1,5,0.004,189.0381273150497,12.515291303396225,13.749113691982101,466.72197265625,2333.60986328125
