epoch,startPos,prefixLength,learnRate,MSE,MAE,RMSE,meanLoss,totalLoss
198,2,mix,0.00850000000000001,765.206752639533,23.26058950844933,27.6623706981078,23.35553483317669,3106.2861328125
198,2,2,0.00850000000000001,766.0977844935009,23.291664382990668,27.678471498504045,23.35553483317669,3106.2861328125
198,2,3,0.00850000000000001,708.64056054972,22.279829199497517,26.620303539774298,62.12572265625,3106.2861328125
198,2,4,0.00850000000000001,830.4853522887979,24.819476199150085,28.818142762655576,163.48874383223685,3106.2861328125
