epoch,startPos,prefixLength,learnRate,MSE,MAE,RMSE,meanLoss,totalLoss
146,1,mix,0.0007999999999999999,178.3236631738703,4.659028421308576,13.353788345404846,4.852781433990036,1004.5257568359375
146,1,1,0.0007999999999999999,177.7996283532437,4.6434035461450005,13.33415270473695,4.852781433990036,1004.5257568359375
146,1,2,0.0007999999999999999,116.56916496598865,2.867738811227836,10.796720102234227,15.220087224786932,1004.5257568359375
146,1,3,0.0007999999999999999,77.6517910476006,2.355557303881085,8.812025365805559,83.71047973632812,1004.5257568359375
146,1,4,0.0007999999999999999,178.26460471177066,4.328197051878419,13.351576862369877,334.8419189453125,1004.5257568359375
