epoch,startPos,prefixLength,learnRate,MSE,MAE,RMSE,meanLoss,totalLoss
124,5,mix,0.009000000000000006,650.5250047189838,21.47175705432892,25.505391679387788,20.878900146484376,104.39450073242188
124,5,5,0.009000000000000006,651.9389150430243,21.51654613018036,25.53309450581782,20.878900146484376,104.39450073242188
