epoch,startPos,prefixLength,learnRate,MSE,MAE,RMSE,meanLoss,totalLoss
160,3,mix,0.008800000000000007,77.64962646937836,2.3558962837656736,8.811902545385893,2.395033836364746,28.740406036376953
160,3,3,0.008800000000000007,77.64963700386456,2.355892466363912,8.81190314312774,2.395033836364746,28.740406036376953
160,3,4,0.008800000000000007,168.60425764822182,4.515927396616917,12.984770219307764,9.580135345458984,28.740406036376953
