epoch,startPos,prefixLength,learnRate,MSE,MAE,RMSE,meanLoss,totalLoss
152,3,mix,0.008800000000000007,537.3696177640861,16.907868802547455,23.181234172582055,20.687569936116535,62.06270980834961
152,3,3,0.008800000000000007,535.3894580424937,16.647349774837494,23.138484350589902,20.687569936116535,62.06270980834961
152,3,4,0.008800000000000007,169.29316266051137,10.705561399459839,13.011270601309903,62.06270980834961,62.06270980834961
