epoch,startPos,prefixLength,learnRate,MSE,MAE,RMSE,meanLoss,totalLoss
119,1,mix,0.001,442.24422792148414,17.457303237847306,21.0296036082824,17.759268165531015,2361.982666015625
119,1,1,0.001,443.30556299371744,17.485609334583085,21.054822796540403,17.759268165531015,2361.982666015625
119,1,2,0.001,277.2236570802971,14.486427480354905,16.65003474711981,21.472569691051138,2361.982666015625
119,1,3,0.001,368.3269257790084,16.323003888130188,19.19184529374412,54.929829442223834,2361.982666015625
119,1,4,0.001,288.49147747693934,14.82370092868805,16.985036870049452,124.31487715871711,2361.982666015625
119,1,5,0.001,164.21220025967017,12.114791445434093,12.81453082479691,472.396533203125,2361.982666015625
