epoch,startPos,prefixLength,learnRate,MSE,MAE,RMSE,meanLoss,totalLoss
32,1,mix,0.009000000000000001,444.9777944299575,17.46415127023603,21.094496780676174,17.78535817081767,2365.45263671875
32,1,1,0.009000000000000001,446.983119888701,17.489012107253075,21.14197530716326,17.78535817081767,2365.45263671875
32,1,2,0.009000000000000001,275.97937601582163,14.3957538785679,16.612627005257828,21.504114879261362,2365.45263671875
32,1,3,0.009000000000000001,368.12036325326824,16.273421062664553,19.186463020923586,55.01052643531977,2365.45263671875
32,1,4,0.009000000000000001,288.0080543605307,14.799344110488892,16.97080005069091,124.49750719572368,2365.45263671875
32,1,5,0.009000000000000001,164.57322267728006,12.132471323013306,12.828609537953833,473.09052734375,2365.45263671875
