epoch,startPos,prefixLength,learnRate,MSE,MAE,RMSE,meanLoss,totalLoss
453,3,mix,0.006300000000000009,659.6183561083034,21.245529514092667,25.683036349082702,20.98058349609375,1049.0291748046875
453,3,3,0.006300000000000009,663.2116476127192,21.33644360762376,25.752895907309515,20.98058349609375,1049.0291748046875
453,3,4,0.006300000000000009,574.0742282982125,19.306800532341004,23.959846165996403,55.21206183182566,1049.0291748046875
