epoch,startPos,prefixLength,learnRate,MSE,MAE,RMSE,meanLoss,totalLoss
269,4,mix,0.007800000000000013,304.3048206851032,7.878590869903564,17.44433491667433,7.587696276212993,144.16622924804688
269,4,4,0.007800000000000013,303.6023369118717,7.831758618354797,17.424188271247292,7.587696276212993,144.16622924804688
269,4,5,0.007800000000000013,177.2985379621532,6.165986180305481,13.315349712349024,28.833245849609376,144.16622924804688
