epoch,startPos,prefixLength,learnRate,MSE,MAE,RMSE,meanLoss,totalLoss
252,2,mix,0.008000000000000012,82.30511903565102,2.4497910475104163,9.07221687547487,2.437652587890625,65.81661987304688
252,2,2,0.008000000000000012,86.2658595924067,2.602122341229915,9.28794162300812,2.437652587890625,65.81661987304688
252,2,3,0.008000000000000012,36.40433925697942,1.375582058717555,6.03360085330306,21.938873291015625,65.81661987304688
252,2,4,0.008000000000000012,5.629515672701973e-07,0.000745643724258116,0.0007503009844523712,65.81661987304688,65.81661987304688
