epoch,startPos,prefixLength,learnRate,MSE,MAE,RMSE,meanLoss,totalLoss
99,3,mix,0.009200000000000005,499.51852005536017,11.528843060474504,22.34991096302981,10.693849075672238,459.83551025390625
99,3,3,0.009200000000000005,498.0553557033298,11.503275380215861,22.317153844147104,10.693849075672238,459.83551025390625
99,3,4,0.009200000000000005,352.84448646324597,8.639361531287431,18.784155196953787,24.201868960731908,459.83551025390625
99,3,5,0.009200000000000005,183.41539413093605,6.689379841089249,13.543093964487436,91.96710205078125,459.83551025390625
