epoch,startPos,prefixLength,learnRate,MSE,MAE,RMSE,meanLoss,totalLoss
61,1,mix,0.006,443.71526284648326,17.748976852854383,21.06454990847142,17.54396366893797,2333.34716796875
61,1,1,0.006,444.05615607910187,17.745870503651744,21.07263998836173,17.54396366893797,2333.34716796875
61,1,2,0.006,295.1352694028892,15.273041334269303,17.179501430568035,21.21224698153409,2333.34716796875
61,1,3,0.006,380.94049953436934,17.025666349313475,19.517697085833905,54.26388762718023,2333.34716796875
61,1,4,0.006,268.63663961060814,14.949410516023637,16.390138486620792,122.8077456825658,2333.34716796875
61,1,5,0.006,188.7595386416623,12.501509852707386,13.73897880636193,466.66943359375,2333.34716796875
