epoch,startPos,prefixLength,learnRate,MSE,MAE,RMSE,meanLoss,totalLoss
59,1,mix,0.006,178.36538093991683,4.656348135582226,13.355350273950767,4.851665994395381,1004.2948608398438
59,1,1,0.006,178.23077397151332,4.652141740666538,13.350309882976997,4.851665994395381,1004.2948608398438
59,1,2,0.006,116.5786061122551,2.870509772172414,10.797157316268718,15.216588800603693,1004.2948608398438
59,1,3,0.006,77.65279917415286,2.3555777102006346,8.812082567370375,83.69123840332031,1004.2948608398438
59,1,4,0.006,115.5162793661127,3.421978907015159,10.747849988072623,334.76495361328125,1004.2948608398438
