epoch,startPos,prefixLength,learnRate,MSE,MAE,RMSE,meanLoss,totalLoss
447,3,mix,0.0062000000000000085,497.96035272063614,11.510193899273872,22.31502526820519,10.647416935410611,457.83892822265625
447,3,3,0.0062000000000000085,498.24584349966204,11.522976000200618,22.321421180105492,10.647416935410611,457.83892822265625
447,3,4,0.0062000000000000085,352.8008684541419,8.637823806703091,18.782994129108967,24.096785695929277,457.83892822265625
447,3,5,0.0062000000000000085,179.60059841559854,6.515917846933007,13.401514780635752,91.56778564453126,457.83892822265625
