epoch,startPos,prefixLength,learnRate,MSE,MAE,RMSE,meanLoss,totalLoss
119,1,mix,0.001,426.7423630960791,17.31508008790586,20.65774341732608,17.557489568536933,2317.588623046875
119,1,1,0.001,424.7140691347405,17.266424644409735,20.608592119180305,17.557489568536933,2317.588623046875
119,1,2,0.001,250.36238810405342,11.159654916929346,15.82284386904116,20.87917678420608,2317.588623046875
119,1,3,0.001,408.59916641381557,12.912952975623988,20.213836014319885,53.89740983829942,2317.588623046875
119,1,4,0.001,261.3648447303638,9.269265523180366,16.16678213901467,121.97834858141448,2317.588623046875
