epoch,startPos,prefixLength,learnRate,MSE,MAE,RMSE,meanLoss,totalLoss
53,2,mix,0.009800000000000001,793.4388200677571,23.764544026418164,28.16804608182394,23.19696641506109,3085.196533203125
53,2,2,0.009800000000000001,794.4555977488392,23.772761967146035,28.186088727399536,23.19696641506109,3085.196533203125
53,2,3,0.009800000000000001,798.3022487525187,24.145453315514786,28.254243022111186,61.7039306640625,3085.196533203125
53,2,4,0.009800000000000001,889.7900151887764,26.330106914043427,29.82934821930872,162.37876490542763,3085.196533203125
