epoch,startPos,prefixLength,learnRate,MSE,MAE,RMSE,meanLoss,totalLoss
498,2,mix,0.006000000000000008,668.7705280091537,20.65704826797758,25.86059798243563,19.231434413364955,538.4801635742188
498,2,2,0.006000000000000008,657.9565000207305,20.438305727073125,25.6506627598729,19.231434413364955,538.4801635742188
498,2,3,0.006000000000000008,524.7214968902365,17.9954474568367,22.906800232468882,179.4933878580729,538.4801635742188
498,2,4,0.006000000000000008,331.4013990985409,17.27328908443451,18.204433501170556,538.4801635742188,538.4801635742188
