epoch,startPos,prefixLength,learnRate,MSE,MAE,RMSE,meanLoss,totalLoss
177,1,mix,0.0004999999999999998,426.5455742029449,17.366912397245567,20.652979789922444,17.59311486724624,2339.88427734375
177,1,1,0.0004999999999999998,425.5116657198,17.33814201470126,20.627934111776682,17.59311486724624,2339.88427734375
177,1,2,0.0004999999999999998,267.0685024283135,11.608745228898313,16.34223064420257,21.271675248579545,2339.88427734375
177,1,3,0.0004999999999999998,387.23205281375,12.406866328621453,19.678212642761792,54.415913426598834,2339.88427734375
177,1,4,0.0004999999999999998,253.20391483922708,9.412777990102768,15.912382437561858,123.15180407072368,2339.88427734375
177,1,5,0.0004999999999999998,120.66908631109341,5.228147028014064,10.984948170614798,467.97685546875,2339.88427734375
