epoch,startPos,prefixLength,learnRate,MSE,MAE,RMSE,meanLoss,totalLoss
194,2,mix,0.00850000000000001,83.62215232522058,2.501053687852391,9.144514876428415,2.4765695642541954,66.86737823486328
194,2,2,0.00850000000000001,83.6220865757996,2.5010600396140035,9.144511281408077,2.4765695642541954,66.86737823486328
194,2,3,0.00850000000000001,36.40193321308429,1.376256759820535,6.033401462946444,22.28912607828776,66.86737823486328
194,2,4,0.00850000000000001,2.5759089166413157e-06,0.001603331522346707,0.0016049638365524988,66.86737823486328,66.86737823486328
