epoch,startPos,prefixLength,learnRate,MSE,MAE,RMSE,meanLoss,totalLoss
459,2,mix,0.0062000000000000085,797.0740678238678,23.668564249168742,28.232500204974194,23.102651036771615,3072.652587890625
459,2,2,0.0062000000000000085,795.7423177705095,23.660083427573696,28.20890493745742,23.102651036771615,3072.652587890625
459,2,3,0.0062000000000000085,695.0506048008369,22.15867540011039,26.363812410211786,61.4530517578125,3072.652587890625
459,2,4,0.0062000000000000085,614.1262661877288,20.99909634590149,24.781571100068067,161.71855725740133,3072.652587890625
