epoch,startPos,prefixLength,learnRate,MSE,MAE,RMSE,meanLoss,totalLoss
193,3,mix,0.00850000000000001,721.9765142616016,21.955613397634945,26.869620657195767,20.8180419921875,1040.902099609375
193,3,3,0.00850000000000001,742.6207969193624,22.13592750751055,27.25106964725169,20.8180419921875,1040.902099609375
193,3,4,0.00850000000000001,666.6431222147479,21.19690546989441,25.819433034339617,54.78432103207237,1040.902099609375
193,3,5,0.00850000000000001,727.8253266620636,24.01256114244461,26.97823801996831,173.48368326822916,1040.902099609375
