epoch,startPos,prefixLength,learnRate,MSE,MAE,RMSE,meanLoss,totalLoss
367,3,mix,0.0070000000000000106,580.1308919121655,19.373633714822624,24.0859064996974,21.20907470703125,1060.4537353515625
367,3,3,0.0070000000000000106,590.6431486328825,19.61975332406851,24.303151002141316,21.20907470703125,1060.4537353515625
367,3,4,0.0070000000000000106,576.546473528979,19.243665099143982,24.011382166151517,55.8133544921875,1060.4537353515625
