epoch,startPos,prefixLength,learnRate,MSE,MAE,RMSE,meanLoss,totalLoss
343,2,mix,0.007300000000000011,765.9276070517544,23.30845119672663,27.675397143523604,23.31061846510808,3100.312255859375
343,2,2,0.007300000000000011,764.9920865120715,23.31474063852254,27.658490315128763,23.31061846510808,3100.312255859375
343,2,3,0.007300000000000011,691.3159256196928,21.95218336582184,26.2928873579851,62.0062451171875,3100.312255859375
343,2,4,0.007300000000000011,754.4622243850432,23.526691567897796,27.467475755610366,163.1743292557566,3100.312255859375
