epoch,startPos,prefixLength,learnRate,MSE,MAE,RMSE,meanLoss,totalLoss
64,2,mix,0.009700000000000002,756.9519186531078,23.084250117049496,27.512759197381637,23.633979969454888,3143.3193359375
64,2,2,0.009700000000000002,754.5552205626819,23.00704790038221,27.469168545164994,23.633979969454888,3143.3193359375
64,2,3,0.009700000000000002,837.3222482782076,24.419741639724144,28.936521012005013,62.86638671875,3143.3193359375
64,2,4,0.009700000000000002,1122.3981846222946,29.84487745165825,33.50221163777542,165.43785978618422,3143.3193359375
64,2,5,0.009700000000000002,1694.0489692343263,36.88692981004715,41.15882614014066,628.6638671875,3143.3193359375
