epoch,startPos,prefixLength,learnRate,MSE,MAE,RMSE,meanLoss,totalLoss
335,3,mix,0.007200000000000011,480.0535547000605,10.872702690518715,21.910124479337412,10.415183133857195,447.8528747558594
335,3,3,0.007200000000000011,479.23266181292934,10.824416179040616,21.89138327774034,10.415183133857195,447.8528747558594
335,3,4,0.007200000000000011,298.59651893437956,7.357348611578345,17.279945570932206,23.571203934518916,447.8528747558594
