epoch,startPos,prefixLength,learnRate,MSE,MAE,RMSE,meanLoss,totalLoss
311,2,mix,0.007500000000000012,334.86867936895163,8.275009523145854,18.299417459825097,8.492013827237216,934.1215209960938
311,2,2,0.007500000000000012,331.1803770256455,8.198027457975384,18.198361932482975,8.492013827237216,934.1215209960938
311,2,3,0.007500000000000012,438.31953553587095,10.093651466918262,20.936082143893852,21.723756302234737,934.1215209960938
311,2,4,0.007500000000000012,289.89094166466595,7.607137386500836,17.02618400184451,49.16429057874178,934.1215209960938
311,2,5,0.007500000000000012,130.5914814164273,3.219297533854842,11.427662990149269,186.82430419921874,934.1215209960938
