epoch,startPos,prefixLength,learnRate,MSE,MAE,RMSE,meanLoss,totalLoss
206,1,mix,0.0002999999999999998,448.9928277218551,17.55296618920384,21.1894508593747,17.50382181038534,2328.00830078125
206,1,1,0.0002999999999999998,448.0476281095396,17.528971699038237,21.167135566947636,17.50382181038534,2328.00830078125
206,1,2,0.0002999999999999998,281.3849817736935,11.487788108510099,16.77453372746001,21.16371182528409,2328.00830078125
206,1,3,0.0002999999999999998,455.6712509298686,13.725722442635082,21.346457573327445,54.13972792514535,2328.00830078125
206,1,4,0.0002999999999999998,288.91149950421703,9.52812842875719,16.997396844935317,122.52675267269737,2328.00830078125
