epoch,startPos,prefixLength,learnRate,MSE,MAE,RMSE,meanLoss,totalLoss
193,3,mix,0.00850000000000001,594.0620876072542,19.709811843358555,24.37338892331664,21.31578125,1065.7890625
193,3,3,0.00850000000000001,600.2593735226129,19.92902460006567,24.500191295633037,21.31578125,1065.7890625
193,3,4,0.00850000000000001,585.4921490401766,19.304267525672913,24.19694503527618,56.09416118421053,1065.7890625
