epoch,startPos,prefixLength,learnRate,MSE,MAE,RMSE,meanLoss,totalLoss
61,1,mix,0.006,444.07617106258834,17.49163200864286,21.073114887519317,17.79875653489192,2367.234619140625
61,1,1,0.006,442.04333171658493,17.42942305755886,21.024826556159386,17.79875653489192,2367.234619140625
61,1,2,0.006,278.1430144342803,14.518483079437699,16.677620166986664,21.520314719460227,2367.234619140625
61,1,3,0.006,367.0762121174179,16.298026101155713,19.159233077485588,55.05196788699128,2367.234619140625
61,1,4,0.006,289.4612589531632,14.859836733341217,17.01356103092951,124.59129574424342,2367.234619140625
61,1,5,0.006,163.73501441828097,12.093489021062851,12.795898343542785,473.446923828125,2367.234619140625
