epoch,startPos,prefixLength,learnRate,MSE,MAE,RMSE,meanLoss,totalLoss
401,2,mix,0.00680000000000001,796.5966414210125,23.7058756423719,28.22404367593369,23.102450951597746,3072.6259765625
401,2,2,0.00680000000000001,794.9761042078463,23.650263248067915,28.195320608353548,23.102450951597746,3072.6259765625
401,2,3,0.00680000000000001,708.9432436511293,22.50057586798301,26.625988125347185,61.45251953125,3072.6259765625
401,2,4,0.00680000000000001,649.141685021191,21.73387575149536,25.478259065744485,161.71715666118422,3072.6259765625
