epoch,startPos,prefixLength,learnRate,MSE,MAE,RMSE,meanLoss,totalLoss
90,1,mix,0.004,423.74915809943917,17.342877461490307,20.5851684010464,17.59221173049812,2339.76416015625
90,1,1,0.004,424.1810590099463,17.354583908098213,20.59565631413445,17.59221173049812,2339.76416015625
90,1,2,0.004,269.54966529507044,11.69806096396808,16.417967757766807,21.27058327414773,2339.76416015625
90,1,3,0.004,400.3069229919613,12.705094108527357,20.007671603461542,54.41312000363372,2339.76416015625
90,1,4,0.004,256.0833281555497,9.55141736343503,16.002603792994115,123.14548211348684,2339.76416015625
90,1,5,0.004,120.63863728058466,5.248675202950835,10.983562139879059,467.95283203125,2339.76416015625
