epoch,startPos,prefixLength,learnRate,MSE,MAE,RMSE,meanLoss,totalLoss
108,2,mix,0.009300000000000004,761.0370809223994,23.218809755409467,27.586900531273884,23.472118406367482,3121.791748046875
108,2,2,0.009300000000000004,760.4745025260723,23.23370405680993,27.576702169151268,23.472118406367482,3121.791748046875
108,2,3,0.009300000000000004,854.3515959764552,24.797261100548965,29.229293456675535,62.4358349609375,3121.791748046875
108,2,4,0.009300000000000004,1126.2771257715751,29.034963977336883,33.56005252933277,164.30482884457237,3121.791748046875
108,2,5,0.009300000000000004,2132.8494430049304,43.313398480415344,46.18278297163273,624.358349609375,3121.791748046875
