epoch,startPos,prefixLength,learnRate,MSE,MAE,RMSE,meanLoss,totalLoss
423,2,mix,0.006500000000000009,350.1408126957294,8.612915194992508,18.71204993301721,8.429959938742897,927.2955932617188
423,2,2,0.006500000000000009,349.942075995389,8.583897342572786,18.706738785672638,8.429959938742897,927.2955932617188
423,2,3,0.006500000000000009,509.3592869698881,11.396193291991949,22.56898949820058,21.565013796784157,927.2955932617188
423,2,4,0.006500000000000009,304.43305006200814,7.876304876059294,17.448009916950646,48.80503122430099,927.2955932617188
423,2,5,0.006500000000000009,173.89776012531877,5.727867451496422,13.187029996375937,185.45911865234376,927.2955932617188
