epoch,startPos,prefixLength,learnRate,MSE,MAE,RMSE,meanLoss,totalLoss
355,4,mix,0.0070000000000000106,352.80366140686897,8.637747340649366,18.78306847687217,7.796059859426398,148.12513732910156
355,4,4,0.0070000000000000106,352.8036662720175,8.637747314572334,18.783068606381054,7.796059859426398,148.12513732910156
355,4,5,0.0070000000000000106,164.47841452878734,5.828376784920692,12.82491382149554,29.625027465820313,148.12513732910156
