epoch,startPos,prefixLength,learnRate,MSE,MAE,RMSE,meanLoss,totalLoss
106,4,mix,0.009300000000000004,684.0301640605961,19.990936199824016,26.153970330727915,19.298802425986842,366.67724609375
106,4,4,0.009300000000000004,687.9823322488792,19.956981857617695,26.22941730669744,19.298802425986842,366.67724609375
106,4,5,0.009300000000000004,840.0510018294053,22.212501764297485,28.98363334417211,73.33544921875,366.67724609375
