epoch,startPos,prefixLength,learnRate,MSE,MAE,RMSE,meanLoss,totalLoss
50,2,mix,0.009800000000000001,765.1722307190483,23.289086427758722,27.661746704050493,23.46048042469455,3120.243896484375
50,2,2,0.009800000000000001,765.6868348084679,23.270764196620267,27.671046868676072,23.46048042469455,3120.243896484375
50,2,3,0.009800000000000001,836.8817604391679,24.41826237165011,28.92890873225549,62.4048779296875,3120.243896484375
50,2,4,0.009800000000000001,1104.5810507911171,28.75525382757187,33.23523808837718,164.22336297286185,3120.243896484375
50,2,5,0.009800000000000001,2106.4965680947703,42.976068556308746,45.896585582097174,624.048779296875,3120.243896484375
