epoch,startPos,prefixLength,learnRate,MSE,MAE,RMSE,meanLoss,totalLoss
385,5,mix,0.00680000000000001,651.6130657354283,21.467613995075226,25.526712787498283,20.765121459960938,103.82560729980469
385,5,5,0.00680000000000001,651.6079365773103,21.502153515815735,25.52661232081747,20.765121459960938,103.82560729980469
