epoch,startPos,prefixLength,learnRate,MSE,MAE,RMSE,meanLoss,totalLoss
469,2,mix,0.0062000000000000085,669.8468553706847,20.628214853150503,25.881399795426148,19.29656764439174,540.3038940429688
469,2,2,0.0062000000000000085,657.271835718877,20.40880916799818,25.637313348299134,19.29656764439174,540.3038940429688
469,2,3,0.0062000000000000085,519.7430808251875,18.116471648216248,22.79787448042443,180.1012980143229,540.3038940429688
469,2,4,0.0062000000000000085,420.19953051652647,20.132091164588928,20.498769000028428,540.3038940429688,540.3038940429688
