epoch,startPos,prefixLength,learnRate,MSE,MAE,RMSE,meanLoss,totalLoss
95,1,mix,0.004,704.1806584495522,21.351852470388014,26.536402515215816,21.67547353108724,4161.69091796875
95,1,1,0.004,703.5824252916245,21.35576718052228,26.52512818614878,21.67547353108724,4161.69091796875
95,1,2,0.004,1308.2199849886558,29.50494615996585,36.16932381160389,31.290909157659776,4161.69091796875
95,1,3,0.004,1986.3087497229676,38.91790284560277,44.56802384807933,83.233818359375,4161.69091796875
95,1,4,0.004,2717.4759878542777,47.62676309545835,52.12941576360009,219.0363641036184,4161.69091796875
95,1,5,0.004,3192.661452667122,51.594600051641464,56.50364105672414,832.33818359375,4161.69091796875
