epoch,startPos,prefixLength,learnRate,MSE,MAE,RMSE,meanLoss,totalLoss
396,4,mix,0.00670000000000001,690.5838287116935,19.947339673837025,26.278961712969057,19.35551693564967,367.75482177734375
396,4,4,0.00670000000000001,680.7203477617377,19.77385874589284,26.090618002679385,19.35551693564967,367.75482177734375
396,4,5,0.00670000000000001,853.124261155881,22.783469915390015,29.208290966023345,73.55096435546875,367.75482177734375
