epoch,startPos,prefixLength,learnRate,MSE,MAE,RMSE,meanLoss,totalLoss
132,1,mix,0.001,718.5432542721502,21.966596812861308,26.805657131884498,20.432769994941548,2840.155029296875
132,1,1,0.001,719.2542788774301,21.974955695016043,26.818916437422114,20.432769994941548,2840.155029296875
132,1,2,0.001,1045.23271225429,26.225575021335057,32.33005895841036,101.43410818917411,2840.155029296875
132,1,3,0.001,1280.192065285706,30.986606419086456,35.779771733281166,946.7183430989584,2840.155029296875
132,1,4,0.001,761.1043375422414,19.875443935394287,27.5881194999268,2840.155029296875,2840.155029296875
