epoch,startPos,prefixLength,learnRate,MSE,MAE,RMSE,meanLoss,totalLoss
103,3,mix,0.009200000000000005,477.5235231844839,10.796008152040569,21.852311621073042,10.491645280704942,451.1407470703125
103,3,3,0.009200000000000005,486.13641153393604,11.036002343859185,22.048501344398353,10.491645280704942,451.1407470703125
103,3,4,0.009200000000000005,298.5668980605957,7.358592181652784,17.279088461507328,23.74424984580592,451.1407470703125
