epoch,startPos,prefixLength,learnRate,MSE,MAE,RMSE,meanLoss,totalLoss
131,3,mix,0.009000000000000006,77.63788193668573,2.3578289025945196,8.811236118541242,2.373912970225016,28.486955642700195
131,3,3,0.009000000000000006,77.63788221369938,2.357826672495321,8.811236134260582,2.373912970225016,28.486955642700195
131,3,4,0.009000000000000006,155.52185354009353,4.0799294035059575,12.470840129682264,9.495651880900065,28.486955642700195
