epoch,startPos,prefixLength,learnRate,MSE,MAE,RMSE,meanLoss,totalLoss
484,2,mix,0.006000000000000008,328.7317540854156,9.731817007672767,18.13096120136535,9.27503653451906,1307.7801513671875
484,2,2,0.006000000000000008,331.0630964051484,9.771201606102599,18.19513936206998,9.27503653451906,1307.7801513671875
484,2,3,0.006000000000000008,347.2372241062104,10.211187842337845,18.63430235093899,13.20990051886048,1307.7801513671875
484,2,4,0.006000000000000008,313.3773082608686,9.581132356964407,17.702466163245973,16.984157809963474,1307.7801513671875
