epoch,startPos,prefixLength,learnRate,MSE,MAE,RMSE,meanLoss,totalLoss
394,2,mix,0.00680000000000001,328.48631966785786,8.10917938287769,18.124191559014648,8.469617808948863,931.657958984375
394,2,2,0.00680000000000001,329.9561867988302,8.111411475842553,18.164696165882603,8.469617808948863,931.657958984375
394,2,3,0.00680000000000001,501.9132087302359,11.60689588534561,22.403419576712746,21.666464162427324,931.657958984375
394,2,4,0.00680000000000001,356.0188040744095,8.737863028794527,18.86846056450842,49.03462942023026,931.657958984375
394,2,5,0.00680000000000001,183.39545653124685,6.68786652572453,13.542357864539206,186.331591796875,931.657958984375
