epoch,startPos,prefixLength,learnRate,MSE,MAE,RMSE,meanLoss,totalLoss
73,3,mix,0.009500000000000003,77.63698691020508,2.35796697801743,8.811185329466467,2.3757683436075845,28.509220123291016
73,3,3,0.009500000000000003,77.63699716612624,2.3579664893122754,8.811185911449504,2.3757683436075845,28.509220123291016
73,3,4,0.009500000000000003,196.155685396249,4.876809395351302,14.005559089027791,9.503073374430338,28.509220123291016
