epoch,startPos,prefixLength,learnRate,MSE,MAE,RMSE,meanLoss,totalLoss
61,1,mix,0.006,422.87402370712545,17.348550470263667,20.56390098466547,17.59009339755639,2339.482421875
61,1,1,0.006,427.0881421382447,17.409655521539126,20.666110958238967,17.59009339755639,2339.482421875
61,1,2,0.006,268.71213008628723,11.710503529491168,16.392441248523273,21.268022017045453,2339.482421875
61,1,3,0.006,376.0265230846819,12.270697859539228,19.391403329431366,54.4065679505814,2339.482421875
61,1,4,0.006,249.629890421152,9.318222460150718,15.799680073379713,123.13065378289474,2339.482421875
61,1,5,0.006,120.61988228221315,5.260777082294226,10.982708330926991,467.896484375,2339.482421875
