epoch,startPos,prefixLength,learnRate,MSE,MAE,RMSE,meanLoss,totalLoss
479,3,mix,0.006000000000000008,340.6598191783169,10.133768770485544,18.456972102116776,9.647464636600379,955.0989990234375
479,3,3,0.006000000000000008,345.57351804798657,10.218749915858588,18.589607797045815,9.647464636600379,955.0989990234375
479,3,4,0.006000000000000008,311.18775551168807,9.63283020453084,17.640514604503124,12.403883104200487,955.0989990234375
