epoch,startPos,prefixLength,learnRate,MSE,MAE,RMSE,meanLoss,totalLoss
161,3,mix,0.008700000000000008,539.9187206755973,12.271484284746377,23.236151158821407,10.32326844681141,443.9005432128906
161,3,3,0.008700000000000008,539.6516456019662,12.297014533965426,23.230403474799274,10.32326844681141,443.9005432128906
161,3,4,0.008700000000000008,319.2078315888642,7.822222598642111,17.866388319659467,23.36318648488898,443.9005432128906
