epoch,startPos,prefixLength,learnRate,MSE,MAE,RMSE,meanLoss,totalLoss
248,3,mix,0.008000000000000012,677.2125769542724,21.122630009284386,26.02330833991467,21.53153564453125,1076.5767822265625
248,3,3,0.008000000000000012,675.6002423275643,21.152007419329422,25.99231121557997,21.53153564453125,1076.5767822265625
248,3,4,0.008000000000000012,650.038759882239,21.252297151088715,25.49585770046262,56.661935906661185,1076.5767822265625
248,3,5,0.008000000000000012,1261.5409651331913,32.6583731174469,35.51817795345352,215.3153564453125,1076.5767822265625
