epoch,startPos,prefixLength,learnRate,MSE,MAE,RMSE,meanLoss,totalLoss
190,1,mix,0.0004999999999999998,717.0188869671791,21.951115313598088,26.777208349026587,20.42208576888489,2838.669921875
190,1,1,0.0004999999999999998,717.5789849473518,21.960747325420378,26.787664790857598,20.42208576888489,2838.669921875
190,1,2,0.0004999999999999998,1051.3293085378696,26.297906756401062,32.42420868021099,101.38106863839286,2838.669921875
190,1,3,0.0004999999999999998,1107.50769537186,29.062444865703583,33.279238202997675,946.2233072916666,2838.669921875
190,1,4,0.0004999999999999998,1390.2202484978254,34.59769684076309,37.28565741002598,2838.669921875,2838.669921875
