epoch,startPos,prefixLength,learnRate,MSE,MAE,RMSE,meanLoss,totalLoss
421,3,mix,0.006500000000000009,353.2892607936249,10.365729700487394,18.79599055100914,9.65408356021149,955.7542724609375
421,3,3,0.006500000000000009,343.99146387353915,10.1813039496147,18.54700687101666,9.65408356021149,955.7542724609375
421,3,4,0.006500000000000009,307.52871871119544,9.557847547610956,17.53649676278576,12.412393148843345,955.7542724609375
