epoch,startPos,prefixLength,learnRate,MSE,MAE,RMSE,meanLoss,totalLoss
282,2,mix,0.007800000000000013,345.11427849943806,8.349411514188562,18.577251640095692,8.434044300426136,927.744873046875
282,2,2,0.007800000000000013,347.85056137389995,8.407076721212693,18.65075230048107,8.434044300426136,927.744873046875
282,2,3,0.007800000000000013,545.9877392573751,12.411130265925419,23.366380533950377,21.575462163880815,927.744873046875
282,2,4,0.007800000000000013,327.1911170809855,7.960205988958478,18.088424947490193,48.8286775287829,927.744873046875
