epoch,startPos,prefixLength,learnRate,MSE,MAE,RMSE,meanLoss,totalLoss
424,3,mix,0.006500000000000009,656.636796278951,21.101498796389652,25.624925293138926,20.982216796875,1049.11083984375
424,3,3,0.006500000000000009,660.9439538309791,21.314437265579517,25.708830269597627,20.982216796875,1049.11083984375
424,3,4,0.006500000000000009,584.3469052489752,19.707837057113647,24.17326840228634,55.216359991776315,1049.11083984375
