epoch,startPos,prefixLength,learnRate,MSE,MAE,RMSE,meanLoss,totalLoss
75,4,mix,0.009400000000000004,568.6340869012932,18.499398374557494,23.84604971271538,19.98505441766036,379.7160339355469
75,4,4,0.009400000000000004,571.9386532871822,18.568615889549257,23.91523893435276,19.98505441766036,379.7160339355469
75,4,5,0.009400000000000004,761.2057434629355,24.26590996980667,27.58995729360478,75.94320678710938,379.7160339355469
