epoch,startPos,prefixLength,learnRate,MSE,MAE,RMSE,meanLoss,totalLoss
90,1,mix,0.004,439.0231606838609,17.432114996467575,20.952879532032366,17.765111019736842,2362.759765625
90,1,1,0.004,439.70881358515413,17.447140443957213,20.96923493084939,17.765111019736842,2362.759765625
90,1,2,0.004,276.73548075630123,14.527209078626973,16.63536836851836,21.479634232954545,2362.759765625
90,1,3,0.004,367.5989595312301,16.352136594328012,19.172870404069133,54.94790152616279,2362.759765625
90,1,4,0.004,287.0755138565113,14.819157183170319,16.94330292052029,124.35577713815789,2362.759765625
90,1,5,0.004,165.1808286696231,12.157899901270866,12.852269397644259,472.551953125,2362.759765625
