epoch,startPos,prefixLength,learnRate,MSE,MAE,RMSE,meanLoss,totalLoss
45,3,mix,0.009800000000000001,664.5016158856683,20.98514838860585,25.777928851745795,21.54046142578125,1077.0230712890625
45,3,3,0.009800000000000001,673.1275320710931,21.084785722769222,25.94470142574574,21.54046142578125,1077.0230712890625
45,3,4,0.009800000000000001,650.1644210226459,21.25421690940857,25.49832192562181,56.6854248046875,1077.0230712890625
45,3,5,0.009800000000000001,1269.027034222484,32.72950863838196,35.62340570779953,215.4046142578125,1077.0230712890625
