epoch,startPos,prefixLength,learnRate,MSE,MAE,RMSE,meanLoss,totalLoss
95,1,mix,0.004,708.3108991681906,21.705968951495986,26.614110903206793,21.5082270304362,4129.57958984375
95,1,1,0.004,708.8361059499615,21.701189008696627,26.623976148388532,21.5082270304362,4129.57958984375
95,1,2,0.004,1300.890418653145,29.348433203556958,36.0678585260221,31.04947060032895,4129.57958984375
95,1,3,0.004,2021.861586164061,39.49956721984423,44.965115213508135,82.591591796875,4129.57958984375
95,1,4,0.004,2715.221045119375,47.84445925951004,52.107782961083416,217.34629420230263,4129.57958984375
95,1,5,0.004,4220.9019116238915,61.56724616885185,64.96846859534163,825.91591796875,4129.57958984375
