epoch,startPos,prefixLength,learnRate,MSE,MAE,RMSE,meanLoss,totalLoss
47,3,mix,0.009800000000000001,673.1304362177754,21.54181648676212,25.94475739369662,21.1057666015625,1055.288330078125
47,3,3,0.009800000000000001,665.753503434882,21.43073656925788,25.802199585207497,21.1057666015625,1055.288330078125
47,3,4,0.009800000000000001,568.6178320862389,19.375567197799683,23.845708882024013,55.54149105674342,1055.288330078125
