epoch,startPos,prefixLength,learnRate,MSE,MAE,RMSE,meanLoss,totalLoss
166,2,mix,0.008800000000000007,345.82313797022243,8.37919180274808,18.59632054924367,8.426584694602273,926.92431640625
166,2,2,0.008800000000000007,346.5712425875924,8.399526045258556,18.61642400106939,8.426584694602273,926.92431640625
166,2,3,0.008800000000000007,540.7307649963432,12.3954735675996,23.253618320518274,21.55637945130814,926.92431640625
166,2,4,0.008800000000000007,326.9824487245908,7.927501704543829,18.082656019639117,48.785490337171055,926.92431640625
