epoch,startPos,prefixLength,learnRate,MSE,MAE,RMSE,meanLoss,totalLoss
50,2,mix,0.009800000000000001,333.58536291858155,8.232980622144948,18.264319393795695,8.496132590553977,934.5745849609375
50,2,2,0.009800000000000001,331.9139837365077,8.215665685711429,18.21850662750676,8.496132590553977,934.5745849609375
50,2,3,0.009800000000000001,451.9030100394739,10.882908127863299,21.258010491094264,21.734292673510176,934.5745849609375
50,2,4,0.009800000000000001,285.6890273094931,7.64969688449055,16.902337924366947,49.18813605057566,934.5745849609375
50,2,5,0.009800000000000001,126.73940892319735,3.7115843323990703,11.257859873137404,186.9149169921875,934.5745849609375
