epoch,startPos,prefixLength,learnRate,MSE,MAE,RMSE,meanLoss,totalLoss
74,1,mix,0.006,720.4305282609201,21.96924813900675,26.84083695157288,20.441069019784173,2841.30859375
74,1,1,0.006,719.8503227266518,21.99649619247232,26.830026513715037,20.441069019784173,2841.30859375
74,1,2,0.006,1032.6903302685334,26.029617513929093,32.13549953351485,101.47530691964286,2841.30859375
74,1,3,0.006,1124.928338832458,29.484993815422058,33.53995138387141,947.1028645833334,2841.30859375
74,1,4,0.006,965.0096917737899,28.748745262622833,31.06460512824507,2841.30859375,2841.30859375
