epoch,startPos,prefixLength,learnRate,MSE,MAE,RMSE,meanLoss,totalLoss
248,3,mix,0.007900000000000013,481.31650157232343,10.944757277992638,21.938926627625232,10.45348269440407,449.499755859375
248,3,3,0.007900000000000013,475.16152626404,10.716060575605793,21.79820006936444,10.45348269440407,449.499755859375
248,3,4,0.007900000000000013,306.28883468648246,7.575502332299948,17.50110952729805,23.657881887335527,449.499755859375
