epoch,startPos,prefixLength,learnRate,MSE,MAE,RMSE,meanLoss,totalLoss
128,3,mix,0.009000000000000006,507.5284542247307,11.345589352263646,22.52839218019632,10.596334058184956,455.6423645019531
128,3,3,0.009000000000000006,507.5540775824455,11.401806238022717,22.528960863351987,10.596334058184956,455.6423645019531
128,3,4,0.009000000000000006,303.0335615432342,7.783004760369659,17.40785918897652,23.981177079050166,455.6423645019531
128,3,5,0.009000000000000006,173.4026937282146,5.665817259810865,13.168245658713031,91.12847290039062,455.6423645019531
