epoch,startPos,prefixLength,learnRate,MSE,MAE,RMSE,meanLoss,totalLoss
482,3,mix,0.006000000000000008,656.6712723926656,21.218750183398907,25.625597990928245,21.094150390625,1054.70751953125
482,3,3,0.006000000000000008,657.7284109342495,21.20169485073823,25.646216308341657,21.094150390625,1054.70751953125
482,3,4,0.006000000000000008,581.5668911623283,19.436445689201356,24.115698023534964,55.5109220805921,1054.70751953125
