epoch,startPos,prefixLength,learnRate,MSE,MAE,RMSE,meanLoss,totalLoss
277,3,mix,0.007700000000000012,482.5517831866319,10.950704288753597,21.967061323414015,10.450275509856468,449.3618469238281
277,3,3,0.007700000000000012,483.7833663418767,11.023140091449022,21.995075956719873,10.450275509856468,449.3618469238281
277,3,4,0.007700000000000012,290.98067753418184,7.138777787238359,17.05815574832701,23.650623522306745,449.3618469238281
