epoch,startPos,prefixLength,learnRate,MSE,MAE,RMSE,meanLoss,totalLoss
199,2,mix,0.008700000000000008,763.474434323703,23.09550418047344,27.631041137164974,23.250394663416355,3092.302490234375
199,2,2,0.008700000000000008,763.7994624436038,23.139668625943802,27.636922087012582,23.250394663416355,3092.302490234375
199,2,3,0.008700000000000008,876.2552543890101,24.405142142222477,29.60160898311121,61.8460498046875,3092.302490234375
199,2,4,0.008700000000000008,948.9975462670989,25.80922785997391,30.805803775702703,162.75276264391448,3092.302490234375
199,2,5,0.008700000000000008,961.7499337259467,23.40397834777832,31.012093346401926,515.3837483723959,3092.302490234375
