epoch,startPos,prefixLength,learnRate,MSE,MAE,RMSE,meanLoss,totalLoss
423,2,mix,0.0066000000000000095,747.7602672807204,22.937792818335925,27.345205562963326,23.509547183388158,3126.769775390625
423,2,2,0.0066000000000000095,749.3423720040905,22.957865232930462,27.37411865255374,23.509547183388158,3126.769775390625
423,2,3,0.0066000000000000095,840.5003456296729,24.663123213327847,28.99138398955236,62.5353955078125,3126.769775390625
423,2,4,0.0066000000000000095,1166.8323020168793,30.24918665488561,34.15892712040118,164.5668302837171,3126.769775390625
423,2,5,0.0066000000000000095,1819.1176466866586,38.09592279791832,42.651115421365695,625.353955078125,3126.769775390625
