epoch,startPos,prefixLength,learnRate,MSE,MAE,RMSE,meanLoss,totalLoss
244,3,mix,0.008000000000000012,507.4245069068462,11.345814518630505,22.526085032842396,10.482364388399345,450.7416687011719
244,3,3,0.008000000000000012,503.772176188437,11.303958591751076,22.444869707539784,10.482364388399345,450.7416687011719
244,3,4,0.008000000000000012,304.36541614491915,7.876570136100054,17.44607165366803,23.72324572111431,450.7416687011719
244,3,5,0.008000000000000012,173.34894632466987,5.665276816114783,13.16620470464704,90.14833374023438,450.7416687011719
