epoch,startPos,prefixLength,learnRate,MSE,MAE,RMSE,meanLoss,totalLoss
191,4,mix,0.00840000000000001,566.1921216670929,18.452337312698365,23.79479190215987,19.879180908203125,377.7044372558594
191,4,4,0.00840000000000001,558.4524494244472,18.323710751533508,23.631598537222303,19.879180908203125,377.7044372558594
191,4,5,0.00840000000000001,741.3311527744613,23.78773456811905,27.22739709877647,75.54088745117187,377.7044372558594
