epoch,startPos,prefixLength,learnRate,MSE,MAE,RMSE,meanLoss,totalLoss
108,2,mix,0.009300000000000004,348.9525718546142,8.443218503346932,18.680272263931652,8.404259699041193,924.4685668945312
108,2,2,0.009300000000000004,351.718762895218,8.507729673425533,18.75416654760264,8.404259699041193,924.4685668945312
108,2,3,0.009300000000000004,532.5371536568293,12.404562342234634,23.07676653382855,21.499268997547237,924.4685668945312
108,2,4,0.009300000000000004,326.98378106098863,7.970326458290219,18.082692859775854,48.656240362870065,924.4685668945312
