epoch,startPos,prefixLength,learnRate,MSE,MAE,RMSE,meanLoss,totalLoss
166,2,mix,0.008800000000000007,304.101743604487,7.4976621665326615,17.43851322803888,8.658623222832206,961.107177734375
166,2,2,0.008800000000000007,304.0823355478009,7.506292537586497,17.437956748076907,8.658623222832206,961.107177734375
166,2,3,0.008800000000000007,476.93111407551027,10.907304833727805,21.838752575994587,22.351329714752907,961.107177734375
166,2,4,0.008800000000000007,294.8350949592742,7.264765766635537,17.17076279491608,50.58458830180921,961.107177734375
