epoch,startPos,prefixLength,learnRate,MSE,MAE,RMSE,meanLoss,totalLoss
286,2,mix,0.008000000000000012,768.339767912241,23.15846685977543,27.71894240248428,23.235311178336467,3090.29638671875
286,2,2,0.008000000000000012,768.3897448327016,23.170407751027277,27.71984388182411,23.235311178336467,3090.29638671875
286,2,3,0.008000000000000012,874.7265183471841,24.463504454264275,29.575775870586796,61.805927734375,3090.29638671875
286,2,4,0.008000000000000012,939.5604994181331,25.715565466880797,30.652251131330193,162.64717824835526,3090.29638671875
286,2,5,0.008000000000000012,989.2931308611605,23.72564959526062,31.453030551302373,515.0493977864584,3090.29638671875
