epoch,startPos,prefixLength,learnRate,MSE,MAE,RMSE,meanLoss,totalLoss
455,2,mix,0.006300000000000009,332.7599738843777,9.821098027207578,18.24170973029605,9.287891144448139,1309.5926513671875
455,2,2,0.006300000000000009,332.61495297917725,9.78492017037287,18.23773431594992,9.287891144448139,1309.5926513671875
455,2,3,0.006300000000000009,346.7815166666786,10.170461199694099,18.6220706868672,13.22820859966856,1309.5926513671875
455,2,4,0.006300000000000009,312.53775903114234,9.556294930965773,17.678737484083594,17.007696771002436,1309.5926513671875
