epoch,startPos,prefixLength,learnRate,MSE,MAE,RMSE,meanLoss,totalLoss
88,1,mix,0.004,177.47256022471254,4.643547540048915,13.321882758255777,4.857110212390549,1005.4218139648438
88,1,1,0.004,179.5976103400138,4.670591197904427,13.401403297416797,4.857110212390549,1005.4218139648438
88,1,2,0.004,116.71878142142612,2.8896248425554028,10.803646672370682,15.233663847952178,1005.4218139648438
88,1,3,0.004,77.6562321952903,2.3563119554967216,8.812277355785524,83.78515116373698,1005.4218139648438
88,1,4,0.004,113.1150583626772,3.453958062493257,10.635556325960444,335.14060465494794,1005.4218139648438
