epoch,startPos,prefixLength,learnRate,MSE,MAE,RMSE,meanLoss,totalLoss
306,3,mix,0.007400000000000012,455.2159290465293,10.402703856710684,21.3357898622603,10.792481888172238,464.07672119140625
306,3,3,0.007400000000000012,474.689747007119,10.886841702867638,21.78737586326355,10.792481888172238,464.07672119140625
306,3,4,0.007400000000000012,296.2185641088114,7.850819442421198,17.21100125236215,24.42509058902138,464.07672119140625
306,3,5,0.007400000000000012,130.61483393925863,3.2166931554675102,11.428684698566963,92.81534423828126,464.07672119140625
