epoch,startPos,prefixLength,learnRate,MSE,MAE,RMSE,meanLoss,totalLoss
308,3,mix,0.007500000000000012,669.4105739663056,21.41484125302388,25.872969948699467,21.49164794921875,1074.5823974609375
308,3,3,0.007500000000000012,667.9770400787996,21.31846759411005,25.845251789812373,21.49164794921875,1074.5823974609375
308,3,4,0.007500000000000012,658.1223324788353,22.14000267783801,25.653895074215054,56.55696828741776,1074.5823974609375
308,3,5,0.007500000000000012,961.9361671740047,27.926654189825058,31.015095795015768,214.9164794921875,1074.5823974609375
