epoch,startPos,prefixLength,learnRate,MSE,MAE,RMSE,meanLoss,totalLoss
427,2,mix,0.006500000000000009,770.5232603357491,23.188981385792005,27.758300746546954,23.320938454534776,3101.684814453125
427,2,2,0.006500000000000009,769.2811966975312,23.15476399309495,27.735918890448378,23.320938454534776,3101.684814453125
427,2,3,0.006500000000000009,813.4276148284135,23.791524877915016,28.52065242641573,62.0336962890625,3101.684814453125
427,2,4,0.006500000000000009,1155.2808784919632,29.375328958034515,33.98942303852719,163.2465691817434,3101.684814453125
427,2,5,0.006500000000000009,2251.18533218051,44.539925545454025,47.44665775563659,620.336962890625,3101.684814453125
