epoch,startPos,prefixLength,learnRate,MSE,MAE,RMSE,meanLoss,totalLoss
272,4,mix,0.007800000000000013,294.6330951118622,7.8497890189290045,17.164879699894847,8.000322040758634,152.00611877441406
272,4,4,0.007800000000000013,305.281176187645,8.272493170201779,17.472297392948786,8.000322040758634,152.00611877441406
272,4,5,0.007800000000000013,130.65001506379988,3.2125775553286076,11.43022375388163,30.401223754882814,152.00611877441406
