epoch,startPos,prefixLength,learnRate,MSE,MAE,RMSE,meanLoss,totalLoss
455,2,mix,0.006300000000000009,116.26318999708496,2.8459819302867317,10.782540980542803,2.3306008541222774,153.8196563720703
455,2,2,0.006300000000000009,116.94707106259409,2.9121583817428633,10.814206908626915,2.3306008541222774,153.8196563720703
455,2,3,0.006300000000000009,77.6542043582884,2.355870037475256,8.812162297545841,12.818304697672525,153.8196563720703
455,2,4,0.006300000000000009,107.00245683357326,3.156646186675971,10.34419918764006,51.2732187906901,153.8196563720703
