epoch,startPos,prefixLength,learnRate,MSE,MAE,RMSE,meanLoss,totalLoss
339,2,mix,0.007300000000000011,116.4536787190728,2.8582056335883275,10.791370567220495,2.3450592503403174,154.77391052246094
339,2,2,0.007300000000000011,116.47021617285333,2.863717121562171,10.792136775117953,2.3450592503403174,154.77391052246094
339,2,3,0.007300000000000011,77.64838582323156,2.3561023808483696,8.811832149061372,12.897825876871744,154.77391052246094
339,2,4,0.007300000000000011,170.14823243107296,4.750467150199256,13.044088026039725,51.59130350748698,154.77391052246094
