epoch,startPos,prefixLength,learnRate,MSE,MAE,RMSE,meanLoss,totalLoss
223,2,mix,0.00830000000000001,82.30741807848763,2.449393771679297,9.072343582475678,2.421608253761574,65.3834228515625
223,2,2,0.00830000000000001,83.62752592504336,2.500165066297697,9.144808687175656,2.421608253761574,65.3834228515625
223,2,3,0.00830000000000001,49.27946933216485,1.9377691300040851,7.0199337128041925,21.794474283854168,65.3834228515625
223,2,4,0.00830000000000001,2.3347451535390117e-07,0.0004764390860145795,0.0004831920067156546,65.3834228515625,65.3834228515625
