epoch,startPos,prefixLength,learnRate,MSE,MAE,RMSE,meanLoss,totalLoss
133,2,mix,0.009000000000000006,329.7446789848637,8.120132088062487,18.158873285115014,8.460947487571023,930.7042236328125
133,2,2,0.009000000000000006,329.6057187324653,8.136314875047121,18.155046646386378,8.460947487571023,930.7042236328125
133,2,3,0.009000000000000006,495.68353003152583,11.434870168566704,22.263951357104737,21.644284270530523,930.7042236328125
133,2,4,0.009000000000000006,356.0145070619691,8.737622071802615,18.868346696570136,48.9844328227796,930.7042236328125
133,2,5,0.009000000000000006,175.82554188761017,6.343831481412053,13.259922393725017,186.1408447265625,930.7042236328125
