epoch,startPos,prefixLength,learnRate,MSE,MAE,RMSE,meanLoss,totalLoss
245,4,mix,0.008000000000000012,667.3857067743318,20.388049674034118,25.833809374041834,19.20119114925987,364.8226318359375
245,4,4,0.008000000000000012,681.7727229846093,20.60679957866669,26.110777908453997,19.20119114925987,364.8226318359375
245,4,5,0.008000000000000012,799.9105645591872,25.534553050994873,28.28269019310552,60.80377197265625,364.8226318359375
