epoch,startPos,prefixLength,learnRate,MSE,MAE,RMSE,meanLoss,totalLoss
385,4,mix,0.00680000000000001,302.9818816660048,7.782210960611701,17.406374742203067,7.630179154245477,144.97340393066406
385,4,4,0.00680000000000001,305.089212074438,7.922741509974003,17.46680314409131,7.630179154245477,144.97340393066406
385,4,5,0.00680000000000001,173.8620844105213,5.727204907685518,13.185677245045902,28.99468078613281,144.97340393066406
