epoch,startPos,prefixLength,learnRate,MSE,MAE,RMSE,meanLoss,totalLoss
218,3,mix,0.00830000000000001,77.65548065719288,2.356154368012767,8.812234714145605,2.372889995574951,28.474679946899414
218,3,3,0.00830000000000001,77.65546068706448,2.356154581724695,8.812233581054493,2.372889995574951,28.474679946899414
218,3,4,0.00830000000000001,114.84813742141226,3.2819385810880704,10.716722326411759,9.491559982299805,28.474679946899414
