epoch,startPos,prefixLength,learnRate,MSE,MAE,RMSE,meanLoss,totalLoss
204,1,mix,0.0002999999999999998,180.72984221956403,4.701627320293347,13.443579962925204,4.853803699143267,1004.7373657226562
204,1,1,0.0002999999999999998,177.18206720301902,4.620798022832992,13.310975441455033,4.853803699143267,1004.7373657226562
204,1,2,0.0002999999999999998,116.8088191885796,2.893385536267171,10.807812877200437,15.223293420040246,1004.7373657226562
204,1,3,0.0002999999999999998,77.65234615246204,2.355470296878592,8.812056862756961,83.72811381022136,1004.7373657226562
204,1,4,0.0002999999999999998,106.93750072779989,3.1250008323506258,10.341058975163032,334.91245524088544,1004.7373657226562
