epoch,startPos,prefixLength,learnRate,MSE,MAE,RMSE,meanLoss,totalLoss
158,4,mix,0.008800000000000007,672.2607621880913,20.499819183349608,25.927991865705515,19.229896946957236,365.3680419921875
158,4,4,0.008800000000000007,663.9362692368052,20.368567872047425,25.766960807142258,19.229896946957236,365.3680419921875
158,4,5,0.008800000000000007,792.2231856387666,25.407918870449066,28.146459557798146,60.894673665364586,365.3680419921875
