epoch,startPos,prefixLength,learnRate,MSE,MAE,RMSE,meanLoss,totalLoss
194,2,mix,0.00850000000000001,332.98772574719294,9.830624192539188,18.24795127534028,9.256019538175975,1305.0987548828125
194,2,2,0.00850000000000001,332.19765455150525,9.796853517337391,18.226290202657953,9.256019538175975,1305.0987548828125
194,2,3,0.00850000000000001,346.80636077031863,10.2273258575095,18.62273773563701,13.182815705886995,1305.0987548828125
194,2,4,0.00850000000000001,319.0536425726158,9.703197733299541,17.862072740099784,16.949334478997564,1305.0987548828125
