epoch,startPos,prefixLength,learnRate,MSE,MAE,RMSE,meanLoss,totalLoss
104,2,mix,0.009300000000000004,328.0518705454832,8.074759669535394,18.1122022555371,8.46965831409801,931.6624145507812
104,2,2,0.009300000000000004,331.13482246024165,8.164050732539701,18.1971102777403,8.46965831409801,931.6624145507812
104,2,3,0.009300000000000004,503.6329555608307,11.637265212495219,22.44176810237622,21.666567780250727,931.6624145507812
104,2,4,0.009300000000000004,349.63562816027263,8.538829819113015,18.698546150978494,49.03486392372533,931.6624145507812
104,2,5,0.009300000000000004,172.04724692816518,6.172100070863962,13.116678197171918,186.33248291015624,931.6624145507812
