epoch,startPos,prefixLength,learnRate,MSE,MAE,RMSE,meanLoss,totalLoss
397,2,mix,0.00680000000000001,116.36011317391475,2.8534627628851013,10.787034493961478,2.3308584039861504,153.83665466308594
397,2,2,0.00680000000000001,116.57424548410313,2.8709252358454678,10.796955380296017,2.3308584039861504,153.83665466308594
397,2,3,0.00680000000000001,77.64926494542699,2.355963000085694,8.811882031974044,12.819721221923828,153.83665466308594
397,2,4,0.00680000000000001,222.8208600784725,5.515967016328432,14.927185269784538,51.27888488769531,153.83665466308594
