epoch,startPos,prefixLength,learnRate,MSE,MAE,RMSE,meanLoss,totalLoss
365,2,mix,0.0070000000000000106,334.13164987078864,8.21628222947142,18.279268307861468,8.475539883700284,932.3093872070312
365,2,2,0.0070000000000000106,332.58383607147056,8.190608047481094,18.236881204621326,8.475539883700284,932.3093872070312
365,2,3,0.0070000000000000106,495.72654984139297,11.456008858301423,22.26491746765285,21.681613655977472,932.3093872070312
365,2,4,0.0070000000000000106,349.5463348021557,8.539411083608865,18.696158289931002,49.06891511615954,932.3093872070312
365,2,5,0.0070000000000000106,198.45846812643293,7.376445896923542,14.087528815460606,186.46187744140624,932.3093872070312
