epoch,startPos,prefixLength,learnRate,MSE,MAE,RMSE,meanLoss,totalLoss
250,3,mix,0.008000000000000012,673.1395375452709,21.51873822395618,25.944932791303792,21.00574951171875,1050.2874755859375
250,3,3,0.008000000000000012,663.370991388503,21.305533922635593,25.755989427480802,21.00574951171875,1050.2874755859375
250,3,4,0.008000000000000012,563.4464232248827,19.275050616264345,23.737026419180705,55.278288188733555,1050.2874755859375
