epoch,startPos,prefixLength,learnRate,MSE,MAE,RMSE,meanLoss,totalLoss
398,2,mix,0.00680000000000001,348.2545033572787,8.423354378568806,18.661578265443644,8.422039794921876,926.4243774414062
398,2,2,0.00680000000000001,348.6159277402457,8.437498115801386,18.671259404235315,8.422039794921876,926.4243774414062
398,2,3,0.00680000000000001,545.6552739468178,12.390077862719243,23.359265269841384,21.544752963753634,926.4243774414062
398,2,4,0.00680000000000001,311.1776471405244,7.709038046747446,17.64022809207762,48.75917776007401,926.4243774414062
