epoch,startPos,prefixLength,learnRate,MSE,MAE,RMSE,meanLoss,totalLoss
363,3,mix,0.0070000000000000106,49.21360030275177,1.907253029916319,7.015240573405289,1.6612749099731445,4.983824729919434
363,3,3,0.0070000000000000106,36.60721300397038,1.4326876118684595,6.050389491922845,1.6612749099731445,4.983824729919434
363,3,4,0.0070000000000000106,7.832917333839467,1.152828593594677,2.798734952409654,4.983824729919434,4.983824729919434
