epoch,startPos,prefixLength,learnRate,MSE,MAE,RMSE,meanLoss,totalLoss
108,2,mix,0.009300000000000004,331.617424906884,8.211538659807827,18.210365864168793,8.485834295099432,933.4417724609375
108,2,2,0.009300000000000004,335.4759752870363,8.290209349111787,18.31600325636126,8.485834295099432,933.4417724609375
108,2,3,0.009300000000000004,457.6266637028477,10.7004247024994,21.3922103510331,21.707948196765987,933.4417724609375
108,2,4,0.009300000000000004,293.29631703492873,7.797703049331903,17.125896094363316,49.12851434004934,933.4417724609375
108,2,5,0.009300000000000004,129.46850765855856,3.353062229231,11.378422898563691,186.6883544921875,933.4417724609375
