epoch,startPos,prefixLength,learnRate,MSE,MAE,RMSE,meanLoss,totalLoss
240,4,mix,0.008000000000000012,304.33391017262903,7.87762049138546,17.44516867710453,7.758513601202714,147.41175842285156
240,4,4,0.008000000000000012,303.6312531175193,7.830776687711477,17.425018023448906,7.758513601202714,147.41175842285156
240,4,5,0.008000000000000012,176.32255051416715,6.040622316300869,13.278650176662053,29.48235168457031,147.41175842285156
