epoch,startPos,prefixLength,learnRate,MSE,MAE,RMSE,meanLoss,totalLoss
218,3,mix,0.00830000000000001,40.196689813309966,1.7912651317046766,6.340085946839362,1.7454662322998047,5.236398696899414
218,3,3,0.00830000000000001,36.507329506898095,1.4153230059137059,6.042129550654975,1.7454662322998047,5.236398696899414
218,3,4,0.00830000000000001,0.6690249670683616,0.17632102347761247,0.8179394641832375,5.236398696899414,5.236398696899414
