epoch,startPos,prefixLength,learnRate,MSE,MAE,RMSE,meanLoss,totalLoss
244,3,mix,0.007900000000000013,497.5284159981115,11.474480312656272,22.305345009618467,10.620324423146803,456.6739501953125
244,3,3,0.007900000000000013,498.04971795446767,11.492946608500047,22.317027534025843,10.620324423146803,456.6739501953125
244,3,4,0.007900000000000013,356.0103414488477,8.737563106417657,18.8682363099694,24.035471062911185,456.6739501953125
244,3,5,0.007900000000000013,183.38897698088624,6.687562249600887,13.542118629700681,91.3347900390625,456.6739501953125
