epoch,startPos,prefixLength,learnRate,MSE,MAE,RMSE,meanLoss,totalLoss
393,3,mix,0.00680000000000001,680.7567244927201,21.14588492191755,26.091315116197574,21.51334228515625,1075.6671142578125
393,3,3,0.00680000000000001,671.2383236896383,20.99345764747033,25.90826747757631,21.51334228515625,1075.6671142578125
393,3,4,0.00680000000000001,640.1521856434896,21.22342563867569,25.30122893543888,56.61405864514803,1075.6671142578125
393,3,5,0.00680000000000001,1267.7944478850632,32.754307955503464,35.606101273307964,215.1334228515625,1075.6671142578125
