epoch,startPos,prefixLength,learnRate,MSE,MAE,RMSE,meanLoss,totalLoss
248,3,mix,0.007900000000000013,543.8704302395562,12.3701911511069,23.321029785143626,10.31798464752907,443.67333984375
248,3,3,0.007900000000000013,541.2685731011702,12.284964732825756,23.265179412615115,10.31798464752907,443.67333984375
248,3,4,0.007900000000000013,312.12410088175534,7.655990492552519,17.667034297859825,23.35122841282895,443.67333984375
