epoch,startPos,prefixLength,learnRate,MSE,MAE,RMSE,meanLoss,totalLoss
108,2,mix,0.009300000000000004,308.513823923587,7.602880672352122,17.564561592125976,8.657159478814751,960.9447021484375
108,2,2,0.009300000000000004,304.70284470642906,7.536600891633758,17.455739592077702,8.657159478814751,960.9447021484375
108,2,3,0.009300000000000004,471.9619772983773,11.010413038629023,21.724685896426152,22.34755121275436,960.9447021484375
108,2,4,0.009300000000000004,298.3141684050694,7.3756881099194285,17.271773748085902,50.57603695518092,960.9447021484375
