epoch,startPos,prefixLength,learnRate,MSE,MAE,RMSE,meanLoss,totalLoss
139,1,mix,0.002,678.282116865909,21.108156162624557,26.043849885643038,21.47239939371745,4122.70068359375
139,1,1,0.002,678.7647162567405,21.107292632261913,26.053113369744132,21.47239939371745,4122.70068359375
139,1,2,0.002,1378.2410773072763,30.25484261092018,37.12466938987169,30.997749500704888,4122.70068359375
139,1,3,0.002,2113.2476030918133,39.873451333779556,45.97007290718401,82.454013671875,4122.70068359375
139,1,4,0.002,2939.719537050483,49.22347487211228,54.21918052728649,216.98424650493422,4122.70068359375
139,1,5,0.002,2582.899513401698,45.232236444950104,50.82223443928551,687.1167805989584,4122.70068359375
