epoch,startPos,prefixLength,learnRate,MSE,MAE,RMSE,meanLoss,totalLoss
239,4,mix,0.008000000000000012,346.33462318940707,8.439795865863562,18.610067791101866,7.760134245219984,147.4425506591797
239,4,4,0.008000000000000012,346.33462808312635,8.439795873314143,18.610067922582292,7.760134245219984,147.4425506591797
239,4,5,0.008000000000000012,179.54925224505786,6.517684439197183,13.399598958366548,29.488510131835938,147.4425506591797
