epoch,startPos,prefixLength,learnRate,MSE,MAE,RMSE,meanLoss,totalLoss
141,2,mix,0.009100000000000006,762.7508856636495,23.163481330170352,27.617944993493804,23.28659172344925,3097.11669921875
141,2,2,0.009100000000000006,756.5705999627507,23.036704619141187,27.505828472575605,23.28659172344925,3097.11669921875
141,2,3,0.009100000000000006,865.0844774274415,24.51258649275853,29.412318463994666,61.942333984375,3097.11669921875
141,2,4,0.009100000000000006,994.8880125899199,26.741071343421936,31.541845421438484,163.00614206414474,3097.11669921875
141,2,5,0.009100000000000006,995.5534672712286,23.34412145614624,31.552392417552564,516.1861165364584,3097.11669921875
