epoch,startPos,prefixLength,learnRate,MSE,MAE,RMSE,meanLoss,totalLoss
107,2,mix,0.009300000000000004,339.45938261496553,9.930186327391615,18.424423535485868,9.277329898049645,1308.103515625
107,2,2,0.009300000000000004,340.40189339646076,9.97252073038059,18.449983560872372,9.277329898049645,1308.103515625
107,2,3,0.009300000000000004,347.0427268791082,10.183650618705611,18.629082824420212,13.21316682449495,1308.103515625
107,2,4,0.009300000000000004,312.20075127429226,9.541658945692083,17.66920347028389,16.98835734577922,1308.103515625
