epoch,startPos,prefixLength,learnRate,MSE,MAE,RMSE,meanLoss,totalLoss
401,2,mix,0.00680000000000001,766.9143745300416,23.235310158308813,27.693218926842754,23.284506432095863,3096.83935546875
401,2,2,0.00680000000000001,763.1723103347517,23.23254556866253,27.625573484269097,23.284506432095863,3096.83935546875
401,2,3,0.00680000000000001,677.0286641260465,21.512470575479362,26.01977448261315,61.936787109375,3096.83935546875
401,2,4,0.00680000000000001,701.4924215371868,22.551883602142333,26.48570220962976,162.99154502467104,3096.83935546875
