epoch,startPos,prefixLength,learnRate,MSE,MAE,RMSE,meanLoss,totalLoss
333,3,mix,0.007400000000000012,507.4513014737533,11.341968243095009,22.526679770302444,10.460950274800146,449.82086181640625
333,3,3,0.007400000000000012,504.68041469022006,11.314481925811958,22.465093249088017,10.460950274800146,449.82086181640625
333,3,4,0.007400000000000012,305.0934668209279,7.922607524879277,17.46692493889316,23.674782200863486,449.82086181640625
333,3,5,0.007400000000000012,176.36591949812055,6.039499768987298,13.280283110616299,89.96417236328125,449.82086181640625
