epoch,startPos,prefixLength,learnRate,MSE,MAE,RMSE,meanLoss,totalLoss
191,2,mix,0.00850000000000001,350.9946331313544,8.624004853689778,18.73485076351969,8.426834938742898,926.9518432617188
191,2,2,0.00850000000000001,345.93163522523207,8.50179697659665,18.599237490425033,8.426834938742898,926.9518432617188
191,2,3,0.00850000000000001,508.43758020633976,11.37794367850504,22.548560490779444,21.557019610737644,926.9518432617188
191,2,4,0.00850000000000001,304.40862292746624,7.875129237398506,17.447309905182124,48.78693911903783,926.9518432617188
191,2,5,0.00850000000000001,174.87993163528535,5.851650966331363,13.224217619023264,185.39036865234374,926.9518432617188
