epoch,startPos,prefixLength,learnRate,MSE,MAE,RMSE,meanLoss,totalLoss
6,4,mix,0.01,501.26801908994094,11.559876230630008,22.389015590015138,10.624971611555232,456.873779296875
6,4,4,0.01,352.80258825045087,8.63777716755867,18.783039909728426,24.04598838404605,456.873779296875
6,4,5,0.01,190.94506193957056,7.0314685851335526,13.81828722887068,91.374755859375,456.873779296875
