epoch,startPos,prefixLength,learnRate,MSE,MAE,RMSE,meanLoss,totalLoss
117,1,mix,0.001,178.2244026232518,4.644930735010116,13.350071259107638,4.856938606299064,1005.3862915039062
117,1,1,0.001,178.23852482122572,4.647634981823339,13.350600167079596,4.856938606299064,1005.3862915039062
117,1,2,0.001,116.36304808247945,2.8530636045795346,10.787170531815999,15.233125628847064,1005.3862915039062
117,1,3,0.001,77.65160642185054,2.355586508736394,8.812014890015254,83.78219095865886,1005.3862915039062
117,1,4,0.001,111.85829597332143,3.421951819432252,10.576308239330084,335.12876383463544,1005.3862915039062
