epoch,startPos,prefixLength,learnRate,MSE,MAE,RMSE,meanLoss,totalLoss
103,3,mix,0.009200000000000005,439.67450393490293,10.104340405965393,20.96841681994382,10.82421023346657,465.4410400390625
103,3,3,0.009200000000000005,470.99406708399124,10.72780359367078,21.70239772661056,10.82421023346657,465.4410400390625
103,3,4,0.009200000000000005,292.04758498301965,7.686672205477953,17.089399784165025,24.496896844161185,465.4410400390625
103,3,5,0.009200000000000005,130.6361404859763,3.214200183749199,11.42961681273595,93.0882080078125,465.4410400390625
