epoch,startPos,prefixLength,learnRate,MSE,MAE,RMSE,meanLoss,totalLoss
224,2,mix,0.00830000000000001,346.4967885672969,8.390374000849468,18.614424207245758,8.422539728338068,926.4793701171875
224,2,2,0.00830000000000001,346.423900780902,8.397286758957696,18.612466273465802,8.422539728338068,926.4793701171875
224,2,3,0.00830000000000001,545.9116750644188,12.407294775105335,23.36475283550885,21.546031863190407,926.4793701171875
224,2,4,0.00830000000000001,342.01327549516304,8.229318313673138,18.493600933705775,48.76207211143092,926.4793701171875
