epoch,startPos,prefixLength,learnRate,MSE,MAE,RMSE,meanLoss,totalLoss
125,1,mix,0.001,792.7702225661966,22.20135326559345,28.156175567114875,21.320533752441406,4093.54248046875
125,1,1,0.001,791.7436030814828,22.17391907175382,28.137938856310758,21.320533752441406,4093.54248046875
125,1,2,0.001,1369.478125337655,30.184852749109268,37.00646058916814,30.778514890742482,4093.54248046875
125,1,3,0.001,1727.1829427716245,36.26686485914084,41.55939054860676,81.870849609375,4093.54248046875
125,1,4,0.001,2144.562234962724,42.27626850605011,46.30941842609043,215.44960423519737,4093.54248046875
