epoch,startPos,prefixLength,learnRate,MSE,MAE,RMSE,meanLoss,totalLoss
88,1,mix,0.004,212.81084894164476,5.122372404279249,14.588037871545465,4.593070352884164,610.8783569335938
88,1,1,0.004,213.38235188098355,5.120952832693519,14.607612805690858,4.593070352884164,610.8783569335938
88,1,2,0.004,86.26413507157564,2.602370829130905,9.287848785998598,22.62512433087384,610.8783569335938
88,1,3,0.004,50.60510867336408,2.016380697266868,7.1137267780934685,203.6261189778646,610.8783569335938
88,1,4,0.004,1.0407002994944364e-06,0.0010192176850978285,0.001020147195013757,610.8783569335938,610.8783569335938
