epoch,startPos,prefixLength,learnRate,MSE,MAE,RMSE,meanLoss,totalLoss
369,2,mix,0.0070000000000000106,763.5187067246444,23.07541018373826,27.631842260780303,23.336387232730264,3103.739501953125
369,2,2,0.0070000000000000106,757.3967270195475,23.01250366428319,27.52084168443159,23.336387232730264,3103.739501953125
369,2,3,0.0070000000000000106,824.7960359764754,23.869387741272266,28.71926245530124,62.0747900390625,3103.739501953125
369,2,4,0.0070000000000000106,1152.833329359192,29.36822007894516,33.95339937854812,163.35471062911185,3103.739501953125
369,2,5,0.0070000000000000106,2265.335822824449,44.70047500729561,47.595544148842855,620.747900390625,3103.739501953125
