epoch,startPos,prefixLength,learnRate,MSE,MAE,RMSE,meanLoss,totalLoss
413,3,mix,0.006500000000000009,509.6968307553184,16.848384380340576,22.576466303549775,20.03122329711914,60.09366989135742
413,3,3,0.006500000000000009,532.6016616916224,17.302500069141388,23.078164175072992,20.03122329711914,60.09366989135742
413,3,4,0.006500000000000009,573.2602269491069,21.037128269672394,23.942853358551627,60.09366989135742,60.09366989135742
