epoch,startPos,prefixLength,learnRate,MSE,MAE,RMSE,meanLoss,totalLoss
44,3,mix,0.009800000000000001,346.28959861456894,10.246629786086627,18.608858068526636,9.659674750434029,956.3078002929688
44,3,3,0.009800000000000001,347.69063110952357,10.274714344987073,18.646464305854973,9.659674750434029,956.3078002929688
44,3,4,0.009800000000000001,311.4951504265156,9.580482386473921,17.649225207541424,12.419581821986608,956.3078002929688
