epoch,startPos,prefixLength,learnRate,MSE,MAE,RMSE,meanLoss,totalLoss
134,3,mix,0.009000000000000006,670.7742872338887,21.350893607506386,25.89931055518445,21.46463623046875,1073.2318115234375
134,3,3,0.009000000000000006,673.9983703466927,21.46834998864394,25.961478585525377,21.46463623046875,1073.2318115234375
134,3,4,0.009000000000000006,666.959133468155,22.20922448237737,25.825551948954644,56.48588481702303,1073.2318115234375
134,3,5,0.009000000000000006,948.2599696696257,27.58688360452652,30.79383005846505,214.6463623046875,1073.2318115234375
