epoch,startPos,prefixLength,learnRate,MSE,MAE,RMSE,meanLoss,totalLoss
395,3,mix,0.00670000000000001,663.8207266047914,21.281888264876144,25.764718640124745,21.4794287109375,1073.971435546875
395,3,3,0.00670000000000001,666.11909230613,21.33654500887944,25.809283064551213,21.4794287109375,1073.971435546875
395,3,4,0.00670000000000001,664.6957769914783,22.332510193188984,25.78169461054642,56.524812397203945,1073.971435546875
395,3,5,0.00670000000000001,991.4876621954854,28.369818925857544,31.487897074836315,214.794287109375,1073.971435546875
