epoch,startPos,prefixLength,learnRate,MSE,MAE,RMSE,meanLoss,totalLoss
281,2,mix,0.007800000000000013,116.35506958936966,2.848786416315253,10.786800711488539,2.330960822827888,153.84341430664062
281,2,2,0.007800000000000013,116.72191605296483,2.8901468848190928,10.803791744242613,2.330960822827888,153.84341430664062
281,2,3,0.007800000000000013,77.65874948075117,2.35683988440951,8.812420182943569,12.820284525553385,153.84341430664062
281,2,4,0.007800000000000013,127.29176958887102,3.8763662060064235,11.282365425249752,51.28113810221354,153.84341430664062
