epoch,startPos,prefixLength,learnRate,MSE,MAE,RMSE,meanLoss,totalLoss
455,3,mix,0.006300000000000009,752.1689086045724,22.32582283937014,27.425697960208275,20.912958984375,1045.64794921875
455,3,3,0.006300000000000009,735.5375450319527,22.05066613967602,27.120795435089153,20.912958984375,1045.64794921875
455,3,4,0.006300000000000009,678.4605562660666,21.53931987285614,26.047275409648254,55.03410259046053,1045.64794921875
455,3,5,0.006300000000000009,713.7412192419588,23.74471652507782,26.71593567970171,174.274658203125,1045.64794921875
