epoch,startPos,prefixLength,learnRate,MSE,MAE,RMSE,meanLoss,totalLoss
251,3,mix,0.008000000000000012,763.0712346833226,22.48806055692526,27.623744038115518,20.8060205078125,1040.301025390625
251,3,3,0.008000000000000012,739.9835726083218,22.150966910215523,27.20263907433104,20.8060205078125,1040.301025390625
251,3,4,0.008000000000000012,667.6015485666627,21.346095705032347,25.837986542427462,54.752685546875,1040.301025390625
251,3,5,0.008000000000000012,708.7644842951122,23.570388078689575,26.622631055083797,173.38350423177084,1040.301025390625
