epoch,startPos,prefixLength,learnRate,MSE,MAE,RMSE,meanLoss,totalLoss
338,3,mix,0.007300000000000011,773.0358416573556,22.55736958522063,27.803522108850807,20.81978515625,1040.9892578125
338,3,3,0.007300000000000011,723.7959757408543,21.842396282232723,26.903456576076877,20.81978515625,1040.9892578125
338,3,4,0.007300000000000011,672.0285636631739,21.46053581237793,25.92351372139151,54.788908305921055,1040.9892578125
338,3,5,0.007300000000000011,723.705488972229,23.87017923593521,26.9017748294091,173.49820963541666,1040.9892578125
