epoch,startPos,prefixLength,learnRate,MSE,MAE,RMSE,meanLoss,totalLoss
223,2,mix,0.00830000000000001,335.0149862250711,9.865049979106212,18.303414605615835,9.272525868517286,1307.4261474609375
223,2,2,0.00830000000000001,333.96232723925965,9.820747715977227,18.27463617255511,9.272525868517286,1307.4261474609375
223,2,3,0.00830000000000001,352.59584737584544,10.30023561615067,18.777535710945816,13.206324721827652,1307.4261474609375
223,2,4,0.00830000000000001,313.24426402066064,9.584416877988371,17.698707976026405,16.979560356635552,1307.4261474609375
