epoch,startPos,prefixLength,learnRate,MSE,MAE,RMSE,meanLoss,totalLoss
460,2,mix,0.006400000000000009,765.8386545191834,23.102476808078148,27.673790028096683,23.239035699600564,3090.791748046875
460,2,2,0.006400000000000009,766.3554714384269,23.11588472390876,27.683126113906045,23.239035699600564,3090.791748046875
460,2,3,0.006400000000000009,815.7882397403434,23.786274286416862,28.562006927741326,61.8158349609375,3090.791748046875
460,2,4,0.006400000000000009,910.3027447569433,25.129352462291717,30.17122378619971,162.67324989720396,3090.791748046875
460,2,5,0.006400000000000009,974.3033913383298,23.574255853891373,31.21383333296841,515.1319580078125,3090.791748046875
