epoch,startPos,prefixLength,learnRate,MSE,MAE,RMSE,meanLoss,totalLoss
297,3,mix,0.007500000000000012,529.8843247661114,17.173835337162018,23.019216423807986,20.640799204508465,61.92239761352539
297,3,3,0.007500000000000012,548.1278257436875,17.742347955703735,23.41212988482012,20.640799204508465,61.92239761352539
297,3,4,0.007500000000000012,191.3247853214168,10.948867857456207,13.832020290666755,61.92239761352539,61.92239761352539
