epoch,startPos,prefixLength,learnRate,MSE,MAE,RMSE,meanLoss,totalLoss
112,2,mix,0.009400000000000004,758.2551520641679,23.05433601316284,27.53643317614262,23.312307257401315,3100.536865234375
112,2,2,0.009400000000000004,757.6276358620371,23.070439615670374,27.525036527896507,23.312307257401315,3100.536865234375
112,2,3,0.009400000000000004,898.1018776834945,25.01637941140395,29.96834793049985,62.0107373046875,3100.536865234375
112,2,4,0.009400000000000004,1040.924435805559,27.543984091281892,32.263360578302425,163.18615080180922,3100.536865234375
112,2,5,0.009400000000000004,1011.0083266212501,22.993510097265244,31.79635712815621,516.7561442057291,3100.536865234375
