epoch,startPos,prefixLength,learnRate,MSE,MAE,RMSE,meanLoss,totalLoss
307,2,mix,0.007500000000000012,351.3648851364534,8.629047137152936,18.744729529562527,8.413125332919034,925.4437866210938
307,2,2,0.007500000000000012,350.5978892507448,8.576916868598866,18.724259377896495,8.413125332919034,925.4437866210938
307,2,3,0.007500000000000012,508.40583169979493,11.375619911504062,22.54785647683156,21.52194852607195,925.4437866210938
307,2,4,0.007500000000000012,304.39057595219936,7.875730865821242,17.446792712478686,48.70756771689967,925.4437866210938
307,2,5,0.007500000000000012,174.36669622820176,5.78958454541862,13.204798227470262,185.08875732421876,925.4437866210938
