epoch,startPos,prefixLength,learnRate,MSE,MAE,RMSE,meanLoss,totalLoss
396,3,mix,0.00680000000000001,764.3166504947137,22.460542215750767,27.646277335198562,20.80461669921875,1040.2308349609375
396,3,3,0.00680000000000001,752.2609711970189,22.065643700269554,27.42737630902779,20.80461669921875,1040.2308349609375
396,3,4,0.00680000000000001,659.8174122941525,21.304096710681915,25.686911303116077,54.748991313733555,1040.2308349609375
396,3,5,0.00680000000000001,709.0606623988457,23.623965173959732,26.628192999128682,173.3718058268229,1040.2308349609375
