epoch,startPos,prefixLength,learnRate,MSE,MAE,RMSE,meanLoss,totalLoss
250,3,mix,0.008000000000000012,669.7595866374045,21.335813302260178,25.879713805168027,21.50044921875,1075.0224609375
250,3,3,0.008000000000000012,674.7043298065169,21.46968914912297,25.975071314753244,21.50044921875,1075.0224609375
250,3,4,0.008000000000000012,665.2740729813123,22.25201517343521,25.79290741621255,56.580129523026315,1075.0224609375
250,3,5,0.008000000000000012,940.6083526520101,27.57043308019638,30.669338966661968,215.0044921875,1075.0224609375
