epoch,startPos,prefixLength,learnRate,MSE,MAE,RMSE,meanLoss,totalLoss
162,2,mix,0.008800000000000007,331.36873904259767,8.154498313021447,18.203536443301275,8.46823896928267,931.5062866210938
162,2,2,0.008800000000000007,330.57969865355517,8.169006438792817,18.181850803852594,8.46823896928267,931.5062866210938
162,2,3,0.008800000000000007,493.6259960567839,11.390874304216016,22.21769556134893,21.662936898164972,931.5062866210938
162,2,4,0.008800000000000007,349.64149358101184,8.539183854311705,18.698702991946043,49.02664666426809,931.5062866210938
162,2,5,0.008800000000000007,168.2851335353969,6.001626392826438,12.972475998644088,186.30125732421874,931.5062866210938
