epoch,startPos,prefixLength,learnRate,MSE,MAE,RMSE,meanLoss,totalLoss
182,1,mix,0.0004999999999999998,705.6234233673937,21.3964680035909,26.563573241704393,21.6571528116862,4158.17333984375
182,1,1,0.0004999999999999998,706.436946217936,21.403450583728652,26.578881583278406,21.6571528116862,4158.17333984375
182,1,2,0.0004999999999999998,1304.7434012176043,29.448491552296808,36.12123200027381,31.264461201832706,4158.17333984375
182,1,3,0.0004999999999999998,1985.3382509525584,38.8476926271732,44.55713468068339,83.163466796875,4158.17333984375
182,1,4,0.0004999999999999998,2690.8656295029828,47.46121498942375,51.873554240123,218.85122841282896,4158.17333984375
182,1,5,0.0004999999999999998,3186.7104127675557,51.5703487098217,56.45095581801566,831.63466796875,4158.17333984375
