epoch,startPos,prefixLength,learnRate,MSE,MAE,RMSE,meanLoss,totalLoss
107,2,mix,0.009300000000000004,116.68112086601356,2.877819191628825,10.801903576037585,2.3320992209694604,153.91854858398438
107,2,2,0.009300000000000004,116.47517589456665,2.863111789709448,10.79236655671807,2.3320992209694604,153.91854858398438
107,2,3,0.009300000000000004,77.65250192756449,2.3555243434035944,8.81206570150067,12.826545715332031,153.91854858398438
107,2,4,0.009300000000000004,106.7502177416275,3.0938013455061366,10.33199969713644,51.306182861328125,153.91854858398438
