epoch,startPos,prefixLength,learnRate,MSE,MAE,RMSE,meanLoss,totalLoss
140,2,mix,0.009000000000000006,766.0358502275415,23.2827732703265,27.677352659305072,23.355257650963345,3106.249267578125
140,2,2,0.009000000000000006,765.0913664614142,23.270913376527673,27.660285003257183,23.355257650963345,3106.249267578125
140,2,3,0.009000000000000006,700.8799493345562,22.23490220766801,26.474137367146756,62.1249853515625,3106.249267578125
140,2,4,0.009000000000000006,841.4508418838674,24.935415291786192,29.007772094455433,163.4868035567434,3106.249267578125
