epoch,startPos,prefixLength,learnRate,MSE,MAE,RMSE,meanLoss,totalLoss
102,3,mix,0.009300000000000004,346.91730259395484,10.281004032997702,18.62571616325007,9.654613148082387,955.8067016601562
102,3,3,0.009300000000000004,341.0899701983668,10.185189088430398,18.468621231655785,9.654613148082387,955.8067016601562
102,3,4,0.009300000000000004,310.9624119317468,9.666448192183106,17.634126344442095,12.413074047534497,955.8067016601562
