epoch,startPos,prefixLength,learnRate,MSE,MAE,RMSE,meanLoss,totalLoss
456,2,mix,0.006300000000000009,345.3734806397739,8.364511921536177,18.584226662408472,8.425668612393466,926.8235473632812
456,2,2,0.006300000000000009,346.23214118729027,8.37685626944793,18.607314185214648,8.425668612393466,926.8235473632812
456,2,3,0.006300000000000009,543.875595963942,12.31903289004483,23.321140537373854,21.554035985192588,926.8235473632812
456,2,4,0.006300000000000009,327.5275208771847,8.016422910615802,18.097721427770534,48.78018670333059,926.8235473632812
