epoch,startPos,prefixLength,learnRate,MSE,MAE,RMSE,meanLoss,totalLoss
105,3,mix,0.009300000000000004,666.1937633747523,21.395249334665444,25.81072961724934,21.1080908203125,1055.404541015625
105,3,3,0.009300000000000004,665.8958010871748,21.363212970586922,25.80495690922918,21.1080908203125,1055.404541015625
105,3,4,0.009300000000000004,599.4269501861341,19.82683049440384,24.483197303173746,55.547607421875,1055.404541015625
