epoch,startPos,prefixLength,learnRate,MSE,MAE,RMSE,meanLoss,totalLoss
11,3,mix,0.0099,329.9991679616241,8.131256057747773,18.16587922346794,21.68268531976744,932.35546875
11,3,3,0.0099,493.8358519384062,11.383608963001858,22.2224177788648,21.68268531976744,932.35546875
11,3,4,0.0099,349.60871234550973,8.53760971352458,18.69782640697869,49.071340460526315,932.35546875
11,3,5,0.0099,172.04414009282692,6.171980077400804,13.116559765915257,186.47109375,932.35546875
