epoch,startPos,prefixLength,learnRate,MSE,MAE,RMSE,meanLoss,totalLoss
38,1,mix,0.009000000000000001,802.3777216928802,22.391451068843406,28.326272640304797,21.337732950846355,4096.8447265625
38,1,1,0.009000000000000001,799.7606348455529,22.34288748043279,28.280039512800418,21.337732950846355,4096.8447265625
38,1,2,0.009000000000000001,1296.0327494219378,29.28569694360097,36.00045485020902,30.8033438087406,4096.8447265625
38,1,3,0.009000000000000001,1917.4680211546781,37.99204074877959,43.78890294532027,81.93689453125,4096.8447265625
38,1,4,0.009000000000000001,2132.950604199266,41.77788712978363,46.18387818491715,215.62340666118422,4096.8447265625
