epoch,startPos,prefixLength,learnRate,MSE,MAE,RMSE,meanLoss,totalLoss
70,3,mix,0.009500000000000003,513.8941572769965,11.470994004302405,22.669233716140393,10.546467625817588,453.49810791015625
70,3,3,0.009500000000000003,510.2506683125855,11.432519553398544,22.588728789212233,10.546467625817588,453.49810791015625
70,3,4,0.009500000000000003,305.0886305086806,7.9227589383721355,17.466786496338717,23.868321468955592,453.49810791015625
70,3,5,0.009500000000000003,176.36223454927304,6.039594992995262,13.280144372305335,90.69962158203126,453.49810791015625
