epoch,startPos,prefixLength,learnRate,MSE,MAE,RMSE,meanLoss,totalLoss
398,2,mix,0.00680000000000001,333.3159020733205,8.235913556335229,18.256941202548703,8.518891490589489,937.0780639648438
398,2,2,0.00680000000000001,332.5424314657195,8.224750463451658,18.235745980510902,8.518891490589489,937.0780639648438
398,2,3,0.00680000000000001,469.6804568301193,10.645873498848893,21.67211242196107,21.79251311546148,937.0780639648438
398,2,4,0.00680000000000001,298.4263354174276,7.9290246531367305,17.275020561997245,49.31989810341283,937.0780639648438
398,2,5,0.00680000000000001,130.64657397590045,3.212948389351368,11.430073227057667,187.41561279296874,937.0780639648438
