epoch,startPos,prefixLength,learnRate,MSE,MAE,RMSE,meanLoss,totalLoss
365,2,mix,0.007200000000000011,748.3115451633178,22.963499698568793,27.35528367908689,23.525900933975564,3128.94482421875
365,2,2,0.007200000000000011,745.633757888823,22.90791073792121,27.306295206212486,23.525900933975564,3128.94482421875
365,2,3,0.007200000000000011,847.1801061272818,24.740922015446884,29.10635851712271,62.578896484375,3128.94482421875
365,2,4,0.007200000000000011,1177.5776152349829,30.38802134990692,34.3158507869903,164.68130653782896,3128.94482421875
365,2,5,0.007200000000000011,1823.252987182052,38.181631684303284,42.69956659243805,625.78896484375,3128.94482421875
