epoch,startPos,prefixLength,learnRate,MSE,MAE,RMSE,meanLoss,totalLoss
421,3,mix,0.006500000000000009,80.44752868308464,2.8085339456583824,8.96925463364067,1.5597996711730957,4.679399013519287
421,3,3,0.006500000000000009,36.00857830592743,1.4996633695282071,6.000714816247097,1.5597996711730957,4.679399013519287
421,3,4,0.006500000000000009,11.576217974711536,1.5227891441309112,3.4023841603663065,4.679399013519287,4.679399013519287
