epoch,startPos,prefixLength,learnRate,MSE,MAE,RMSE,meanLoss,totalLoss
364,3,mix,0.00690000000000001,548.0439681219335,12.483152378011834,23.410338915144596,10.293486839117007,442.61993408203125
364,3,3,0.00690000000000001,543.5264798513401,12.343948746777393,23.31365436501408,10.293486839117007,442.61993408203125
364,3,4,0.00690000000000001,312.34073092621486,7.673115237057209,17.67316414585161,23.295786004317435,442.61993408203125
