epoch,startPos,prefixLength,learnRate,MSE,MAE,RMSE,meanLoss,totalLoss
472,4,mix,0.006000000000000008,304.4493452444881,7.877321892976761,17.44847687462972,7.578789961965461,143.99700927734375
472,4,4,0.006000000000000008,305.15226384254396,7.924196892976761,17.468607953770785,7.578789961965461,143.99700927734375
472,4,5,0.006000000000000008,174.90910551994688,5.853892415761948,13.225320620686173,28.79940185546875,143.99700927734375
