epoch,startPos,prefixLength,learnRate,MSE,MAE,RMSE,meanLoss,totalLoss
15,3,mix,0.0099,305.3932074242502,7.539592551732702,17.475503066414145,22.27809178551962,957.9579467773438
15,3,3,0.0099,486.06906620171304,11.037223196334459,22.046974082665244,22.27809178551962,957.9579467773438
15,3,4,0.0099,302.3640082487727,7.470674830675125,17.388617203468844,50.41883930407072,957.9579467773438
