epoch,startPos,prefixLength,learnRate,MSE,MAE,RMSE,meanLoss,totalLoss
37,1,mix,0.009000000000000001,704.396996038936,21.382024515730638,26.540478444047235,21.679039001464844,4162.37548828125
37,1,1,0.009000000000000001,703.692921608989,21.34412636763106,26.527210965515938,21.679039001464844,4162.37548828125
37,1,2,0.009000000000000001,1319.1458497541657,29.67144595349536,36.320047491078064,31.296056302866543,4162.37548828125
37,1,3,0.009000000000000001,1989.5219104697276,38.94257004902913,44.604057107730995,83.247509765625,4162.37548828125
37,1,4,0.009000000000000001,2730.475816663518,47.80074537793795,52.253955033695945,219.07239412006578,4162.37548828125
37,1,5,0.009000000000000001,3121.4062616143788,51.102119863033295,55.8695468176929,832.47509765625,4162.37548828125
