epoch,startPos,prefixLength,learnRate,MSE,MAE,RMSE,meanLoss,totalLoss
63,2,mix,0.009800000000000001,661.8272405813663,20.47017891066415,25.72600319873583,19.370622907366073,542.37744140625
63,2,2,0.009800000000000001,660.0642129445881,20.449486230100906,25.69171486967322,19.370622907366073,542.37744140625
63,2,3,0.009800000000000001,627.9571610589483,19.3104327917099,25.059073427781566,180.79248046875,542.37744140625
63,2,4,0.009800000000000001,360.3383367844599,18.805733561515808,18.982579824261503,542.37744140625,542.37744140625
