epoch,startPos,prefixLength,learnRate,MSE,MAE,RMSE,meanLoss,totalLoss
394,4,mix,0.0066000000000000095,559.2524133290619,18.379464530944823,23.648518205779023,19.73427220394737,374.951171875
394,4,4,0.0066000000000000095,556.9542242554431,18.269350814819337,23.59987763221333,19.73427220394737,374.951171875
394,4,5,0.0066000000000000095,724.6698429585063,23.361105620861053,26.919692475184522,74.990234375,374.951171875
