epoch,startPos,prefixLength,learnRate,MSE,MAE,RMSE,meanLoss,totalLoss
340,2,mix,0.007300000000000011,757.9743356577973,23.052560276844922,27.531333706484276,23.381913034539473,3109.79443359375
340,2,2,0.007300000000000011,754.540376955888,23.018006373854245,27.468898357158192,23.381913034539473,3109.79443359375
340,2,3,0.007300000000000011,833.0007863885374,24.268963107695946,28.86175300269437,62.195888671875,3109.79443359375
340,2,4,0.007300000000000011,1170.478585980144,29.621112155914307,34.21225783224697,163.67339124177633,3109.79443359375
340,2,5,0.007300000000000011,2257.7893281749507,44.62356647849083,47.516200691710935,621.95888671875,3109.79443359375
