epoch,startPos,prefixLength,learnRate,MSE,MAE,RMSE,meanLoss,totalLoss
123,3,mix,0.009000000000000006,560.2653123968007,17.178706288337708,23.669924216118662,20.488943735758465,61.46683120727539
123,3,3,0.009000000000000006,602.8679786447362,17.84504121541977,24.553370005861442,20.488943735758465,61.46683120727539
123,3,4,0.009000000000000006,131.0546888394938,9.321593165397644,11.447911986012723,61.46683120727539,61.46683120727539
