epoch,startPos,prefixLength,learnRate,MSE,MAE,RMSE,meanLoss,totalLoss
314,2,mix,0.007500000000000012,797.5443615907454,23.754389399831947,28.240827919711304,23.12965702831297,3076.244384765625
314,2,2,0.007500000000000012,791.9169996924498,23.710644194574066,28.1410198765512,23.12965702831297,3076.244384765625
314,2,3,0.007500000000000012,736.3364805733399,22.958605211514694,27.13552064312273,61.5248876953125,3076.244384765625
314,2,4,0.007500000000000012,665.7183017094296,22.220377492904664,25.801517430365013,161.90759919819078,3076.244384765625
