epoch,startPos,prefixLength,learnRate,MSE,MAE,RMSE,meanLoss,totalLoss
32,1,mix,0.009000000000000001,420.8523092790376,17.327466775352757,20.514685210332562,17.593452625704888,2339.92919921875
32,1,1,0.009000000000000001,422.33120567354536,17.35483700770772,20.550698423010964,17.593452625704888,2339.92919921875
32,1,2,0.009000000000000001,267.2810222854301,11.718496006248253,16.34873151915555,21.272083629261363,2339.92919921875
32,1,3,0.009000000000000001,385.8622838778488,12.51011908697811,19.64337760869675,54.41695812136628,2339.92919921875
32,1,4,0.009000000000000001,254.00442223042478,9.522592601180076,15.937516187612948,123.1541683799342,2339.92919921875
32,1,5,0.009000000000000001,120.55137134153874,5.292492272332311,10.97958885120653,467.98583984375,2339.92919921875
