epoch,startPos,prefixLength,learnRate,MSE,MAE,RMSE,meanLoss,totalLoss
32,1,mix,0.009000000000000001,424.9824259400867,17.268260764067662,20.615101890121394,17.55777624881629,2317.62646484375
32,1,1,0.009000000000000001,426.8763396748951,17.313548500266144,20.660985931820754,17.55777624881629,2317.62646484375
32,1,2,0.009000000000000001,250.12006378514388,11.141107605371092,15.815184595354678,20.879517701295047,2317.62646484375
32,1,3,0.009000000000000001,406.22723211965734,12.859159234572541,20.155079561233624,53.89828988008721,2317.62646484375
32,1,4,0.009000000000000001,267.64800868120113,9.444356681406498,16.359951365490094,121.9803402549342,2317.62646484375
