epoch,startPos,prefixLength,learnRate,MSE,MAE,RMSE,meanLoss,totalLoss
107,2,mix,0.009300000000000004,79.6681733163803,2.3478738788213604,8.925702959228495,2.393965544524016,64.63706970214844
107,2,2,0.009300000000000004,82.3091061752228,2.4494370569394164,9.072436617316365,2.393965544524016,64.63706970214844
107,2,3,0.009300000000000004,38.29671083590475,1.5469777469479595,6.188433633473397,21.545689900716145,64.63706970214844
107,2,4,0.009300000000000004,1.626096725057052e-08,8.759602451391402e-05,0.00012751849768002493,64.63706970214844,64.63706970214844
