epoch,startPos,prefixLength,learnRate,MSE,MAE,RMSE,meanLoss,totalLoss
277,3,mix,0.007700000000000012,545.5210291202898,12.367060403762894,23.35639161172568,10.308952863826308,443.28497314453125
277,3,3,0.007700000000000012,540.3282459491297,12.247763508422809,23.244961732580453,10.308952863826308,443.28497314453125
277,3,4,0.007700000000000012,319.68553474810625,7.807169035822153,17.879752088552745,23.330788060238486,443.28497314453125
