epoch,startPos,prefixLength,learnRate,MSE,MAE,RMSE,meanLoss,totalLoss
66,1,mix,0.006,706.0510584029166,21.390150699143607,26.571621297973458,21.675496419270832,4161.6953125
66,1,1,0.006,705.5427790170658,21.39018104535838,26.562055248362572,21.675496419270832,4161.6953125
66,1,2,0.006,1310.011402905916,29.51547610058504,36.19407966651336,31.29094219924812,4161.6953125
66,1,3,0.006,1986.7708664956617,38.90819450525137,44.57320794485923,83.23390625,4161.6953125
66,1,4,0.006,2696.05635455813,47.48587532838186,51.923562614271084,219.03659539473685,4161.6953125
66,1,5,0.006,3029.9850893409566,50.283044934272766,55.04530033836637,832.3390625,4161.6953125
