epoch,startPos,prefixLength,learnRate,MSE,MAE,RMSE,meanLoss,totalLoss
276,3,mix,0.007800000000000013,77.65396644986619,2.355845495868266,8.812148798668018,2.373249053955078,28.478988647460938
276,3,3,0.007800000000000013,77.65394961474207,2.355847887156415,8.812147843445551,2.373249053955078,28.478988647460938
276,3,4,0.007800000000000013,108.14277250309598,3.1722606411831293,10.39917172197363,9.492996215820312,28.478988647460938
