epoch,startPos,prefixLength,learnRate,MSE,MAE,RMSE,meanLoss,totalLoss
223,2,mix,0.00830000000000001,116.57252473466517,2.871139247661578,10.796875693211678,2.33180537368312,153.89915466308594
223,2,2,0.00830000000000001,116.68372733210121,2.8812485034752493,10.80202422382496,2.33180537368312,153.89915466308594
223,2,3,0.00830000000000001,77.64797924188017,2.3561629428791093,8.81180907883734,12.824929555257162,153.89915466308594
223,2,4,0.00830000000000001,227.95784429182842,5.812945455956651,15.09827289102394,51.29971822102865,153.89915466308594
