epoch,startPos,prefixLength,learnRate,MSE,MAE,RMSE,meanLoss,totalLoss
30,1,mix,0.009000000000000001,211.82528119799156,5.09519397088088,14.554218673566492,4.601523033658364,612.0025634765625
30,1,1,0.009000000000000001,211.82533747389553,5.095194379854299,14.554220606885671,4.601523033658364,612.0025634765625
30,1,2,0.009000000000000001,84.93452016001547,2.553058752799643,9.215992630206225,22.666761610243057,612.0025634765625
30,1,3,0.009000000000000001,83.57658609152209,3.001819994260586,9.142023085265214,204.0008544921875,612.0025634765625
30,1,4,0.009000000000000001,8.823910507660055e-06,0.0029697622485400643,0.0029705067762353372,612.0025634765625,612.0025634765625
