epoch,startPos,prefixLength,learnRate,MSE,MAE,RMSE,meanLoss,totalLoss
193,4,mix,0.00850000000000001,683.7970180566705,19.893505374590557,26.14951276901102,19.411116750616777,368.81121826171875
193,4,4,0.00850000000000001,682.9196541633379,19.930274208386738,26.132731471534658,19.411116750616777,368.81121826171875
193,4,5,0.00850000000000001,844.7933961948488,22.27727299928665,29.065329796767294,73.76224365234376,368.81121826171875
