epoch,startPos,prefixLength,learnRate,MSE,MAE,RMSE,meanLoss,totalLoss
211,1,mix,0.0002999999999999998,705.0610763934769,21.387641477398574,26.55298620482218,21.674115498860676,4161.43017578125
211,1,1,0.0002999999999999998,705.5651252491967,21.378573737417657,26.562475887032758,21.674115498860676,4161.43017578125
211,1,2,0.0002999999999999998,1309.3852416453005,29.554138656924753,36.185428581755126,31.288948690084588,4161.43017578125
211,1,3,0.0002999999999999998,1986.4115762773051,38.86380303364534,44.569177424283986,83.228603515625,4161.43017578125
211,1,4,0.0002999999999999998,2749.9086486462475,48.007145961125694,52.439571400291285,219.0226408305921,4161.43017578125
211,1,5,0.0002999999999999998,3160.209873779499,51.37045261263847,56.21574400272133,832.28603515625,4161.43017578125
