epoch,startPos,prefixLength,learnRate,MSE,MAE,RMSE,meanLoss,totalLoss
195,2,mix,0.00850000000000001,335.9527999433862,8.306698519936097,18.32901524750815,8.498042436079546,934.78466796875
195,2,2,0.00850000000000001,337.2399730136647,8.295939446626496,18.364094669045482,8.498042436079546,934.78466796875
195,2,3,0.00850000000000001,492.35951215549943,11.192775617438285,22.18917556277158,21.739178324854652,934.78466796875
195,2,4,0.00850000000000001,289.5104645635476,7.621959505602717,17.01500703977367,49.19919305098684,934.78466796875
195,2,5,0.00850000000000001,130.14401483391975,3.2711681937798858,11.408067971129896,186.95693359375,934.78466796875
