epoch,startPos,prefixLength,learnRate,MSE,MAE,RMSE,meanLoss,totalLoss
277,3,mix,0.007800000000000013,683.126932599792,21.15998996221102,26.136697048399057,21.55613037109375,1077.8065185546875
277,3,3,0.007800000000000013,668.8169154480123,21.08098823749102,25.86149484171424,21.55613037109375,1077.8065185546875
277,3,4,0.007800000000000013,643.6030130119683,21.14184376001358,25.369332135710003,56.72665887129934,1077.8065185546875
277,3,5,0.007800000000000013,1282.178770472346,32.97423592209816,35.80752393663022,215.5613037109375,1077.8065185546875
