epoch,startPos,prefixLength,learnRate,MSE,MAE,RMSE,meanLoss,totalLoss
277,3,mix,0.007700000000000012,464.97375109576,10.596727229993451,21.56325001236502,10.8247254837391,465.46319580078125
277,3,3,0.007700000000000012,480.4664306368349,10.950415144928478,21.91954448972047,10.8247254837391,465.46319580078125
277,3,4,0.007700000000000012,300.56400838861975,8.009427585452794,17.336781950195363,24.498062936883223,465.46319580078125
277,3,5,0.007700000000000012,130.66407015550965,3.210939221084118,11.43083855871955,93.09263916015625,465.46319580078125
