epoch,startPos,prefixLength,learnRate,MSE,MAE,RMSE,meanLoss,totalLoss
339,2,mix,0.007300000000000011,331.4117543588879,9.780527922195486,18.204717914839765,9.278309057790336,1308.2415771484375
339,2,2,0.007300000000000011,328.96307603079117,9.720004478456556,18.13733927649784,9.278309057790336,1308.2415771484375
339,2,3,0.007300000000000011,345.38485190471386,10.17635630755327,18.584532598500125,13.214561385337753,1308.2415771484375
339,2,4,0.007300000000000011,315.6485618287164,9.639093033348521,17.766501113857966,16.99015035257711,1308.2415771484375
