epoch,startPos,prefixLength,learnRate,MSE,MAE,RMSE,meanLoss,totalLoss
249,2,mix,0.008000000000000012,349.8519873504279,8.596717859418797,18.70433071110613,8.422015935724431,926.4217529296875
249,2,2,0.008000000000000012,350.84523671518224,8.606765518563666,18.730863213295383,8.422015935724431,926.4217529296875
249,2,3,0.008000000000000012,512.0325376776142,11.420127124610273,22.628135974437093,21.544691928597384,926.4217529296875
249,2,4,0.008000000000000012,305.777025997625,7.970091924443841,17.48648123544657,48.75903962787829,926.4217529296875
249,2,5,0.008000000000000012,177.8502116404063,6.227258944883943,13.336049326558683,185.2843505859375,926.4217529296875
