epoch,startPos,prefixLength,learnRate,MSE,MAE,RMSE,meanLoss,totalLoss
335,3,mix,0.007300000000000011,671.9833665292524,21.124720059908352,25.922641966613906,21.44136474609375,1072.0682373046875
335,3,3,0.007300000000000011,685.3369587248325,21.2322958111763,26.178941130703368,21.44136474609375,1072.0682373046875
335,3,4,0.007300000000000011,641.2684722700451,21.097080540657043,25.32327925585557,56.42464406866776,1072.0682373046875
335,3,5,0.007300000000000011,1274.3261545894006,32.805756002664566,35.69770517259339,214.4136474609375,1072.0682373046875
