epoch,startPos,prefixLength,learnRate,MSE,MAE,RMSE,meanLoss,totalLoss
183,1,mix,0.0004999999999999998,792.1182511695652,22.19080600887537,28.14459541669706,21.304495493570965,4090.463134765625
183,1,1,0.0004999999999999998,791.642277366531,22.199582224090893,28.136138280981825,21.304495493570965,4090.463134765625
183,1,2,0.0004999999999999998,1367.3853735066755,30.13054996904205,36.978174285741524,30.755361915531015,4090.463134765625
183,1,3,0.0004999999999999998,1731.6756862879377,36.37145954828996,41.613407530361386,81.8092626953125,4090.463134765625
183,1,4,0.0004999999999999998,2129.5792871118183,42.11080100536346,46.14736489889556,215.2875334087171,4090.463134765625
