epoch,startPos,prefixLength,learnRate,MSE,MAE,RMSE,meanLoss,totalLoss
77,3,mix,0.009500000000000003,738.2107220206901,22.158250661996696,27.17003352998833,20.93977783203125,1046.9888916015625
77,3,3,0.009500000000000003,774.7252992030498,22.61600606258099,27.83388760491516,20.93977783203125,1046.9888916015625
77,3,4,0.009500000000000003,666.7305322497805,21.085221028327943,25.82112569679681,55.1046785053454,1046.9888916015625
77,3,5,0.009500000000000003,755.3629312055432,24.457126080989838,27.483866744065384,174.4981486002604,1046.9888916015625
