epoch,startPos,prefixLength,learnRate,MSE,MAE,RMSE,meanLoss,totalLoss
220,4,mix,0.008200000000000011,559.4710651348666,18.323465371131896,23.65314070340061,19.767642372532894,375.585205078125
220,4,4,0.008200000000000011,562.6857325766065,18.429211711883546,23.720997714611553,19.767642372532894,375.585205078125
220,4,5,0.008200000000000011,732.8721504088717,23.577309489250183,27.07161152219926,75.117041015625,375.585205078125
