epoch,startPos,prefixLength,learnRate,MSE,MAE,RMSE,meanLoss,totalLoss
305,3,mix,0.007500000000000012,79.68827930584575,2.656544617230338,8.926829185430051,1.6775986353556316,5.0327959060668945
305,3,3,0.007500000000000012,48.920723084523914,1.8532156301430405,6.994335070935901,1.6775986353556316,5.0327959060668945
305,3,4,0.007500000000000012,10.902770797552202,1.8354647364078573,3.3019344023696475,5.0327959060668945,5.0327959060668945
