epoch,startPos,prefixLength,learnRate,MSE,MAE,RMSE,meanLoss,totalLoss
104,2,mix,0.009300000000000004,350.44004996719394,8.615748267687325,18.720044069584716,8.409148060191761,925.0062866210938
104,2,2,0.009300000000000004,357.35405165860806,8.7641875513031,18.903810506313484,8.409148060191761,925.0062866210938
104,2,3,0.009300000000000004,512.1149051089401,11.480346977033399,22.62995592370741,21.511774107467296,925.0062866210938
104,2,4,0.009300000000000004,305.1086882419262,7.922101980820298,17.46736065471616,48.684541401110195,925.0062866210938
104,2,5,0.009300000000000004,174.87765105552168,5.851719915866852,13.224131391343693,185.00125732421876,925.0062866210938
