epoch,startPos,prefixLength,learnRate,MSE,MAE,RMSE,meanLoss,totalLoss
456,2,mix,0.006300000000000009,309.40878011796224,7.6331403291385085,17.590019332506778,8.652314057221284,960.4068603515625
456,2,2,0.006300000000000009,308.22801503455156,7.607459846418351,17.556423754129188,8.652314057221284,960.4068603515625
456,2,3,0.006300000000000009,486.60735467316954,11.059017985212533,22.059178467775485,22.335043263989824,960.4068603515625
456,2,4,0.006300000000000009,298.6197771116873,7.3567030262202024,17.28061853961505,50.5477294921875,960.4068603515625
