epoch,startPos,prefixLength,learnRate,MSE,MAE,RMSE,meanLoss,totalLoss
187,4,mix,0.00850000000000001,682.7344812086925,20.680824756622314,26.12918829984377,19.205134341591283,364.8975524902344
187,4,4,0.00850000000000001,699.7239489067715,20.902700591087342,26.452295720915632,19.205134341591283,364.8975524902344
187,4,5,0.00850000000000001,804.1410090891327,25.61653310060501,28.3573801520721,60.8162587483724,364.8975524902344
