epoch,startPos,prefixLength,learnRate,MSE,MAE,RMSE,meanLoss,totalLoss
248,3,mix,0.007900000000000013,459.657162797097,10.482439632104201,21.439616666281534,10.797357603561046,464.286376953125
248,3,3,0.007900000000000013,463.61215988188775,10.621573771942746,21.53165483379965,10.797357603561046,464.286376953125
248,3,4,0.007900000000000013,296.2101882976395,7.851083320379257,17.210757923393132,24.43612510279605,464.286376953125
248,3,5,0.007900000000000013,130.6115517430387,3.2170773539692163,11.428541103003422,92.857275390625,464.286376953125
