epoch,startPos,prefixLength,learnRate,MSE,MAE,RMSE,meanLoss,totalLoss
277,2,mix,0.007900000000000013,758.7898364723961,23.138274979941986,27.546140137456575,23.567004669877818,3134.41162109375
277,2,2,0.007900000000000013,756.8907254857776,23.069413030848782,27.51164708783859,23.567004669877818,3134.41162109375
277,2,3,0.007900000000000013,838.3942037841401,24.56870522407385,28.955037623600838,62.688232421875,3134.41162109375
277,2,4,0.007900000000000013,1145.2493136089877,30.112489809592564,33.841532376785004,164.96903268914474,3134.41162109375
277,2,5,0.007900000000000013,1693.7621374960613,36.67835971713066,41.15534154269724,626.88232421875,3134.41162109375
