epoch,startPos,prefixLength,learnRate,MSE,MAE,RMSE,meanLoss,totalLoss
106,3,mix,0.009300000000000004,595.8136587745163,19.776615807643303,24.409294516116525,21.3001171875,1065.005859375
106,3,3,0.009300000000000004,597.7980905452773,19.90341300689257,24.449909826935503,21.3001171875,1065.005859375
106,3,4,0.009300000000000004,562.2045234163712,18.839490056037903,23.710852439681943,56.05293996710526,1065.005859375
