epoch,startPos,prefixLength,learnRate,MSE,MAE,RMSE,meanLoss,totalLoss
66,4,mix,0.009500000000000003,303.83748514195315,7.836303408816457,17.430934717964874,7.562473497892681,143.68699645996094
66,4,4,0.009500000000000003,304.5413768328284,7.883178412169218,17.45111391381159,7.562473497892681,143.68699645996094
66,4,5,0.009500000000000003,175.47961469997244,5.922240912914276,13.246871883579626,28.737399291992187,143.68699645996094
