epoch,startPos,prefixLength,learnRate,MSE,MAE,RMSE,meanLoss,totalLoss
41,3,mix,0.009800000000000001,512.0519252736345,11.419784628024155,22.628564366164163,10.532740393350291,452.9078369140625
41,3,3,0.009800000000000001,513.8983251770215,11.473751744932748,22.669325644514032,10.532740393350291,452.9078369140625
41,3,4,0.009800000000000001,303.68167746037363,7.829064942896366,17.42646485838059,23.837254574424342,452.9078369140625
41,3,5,0.009800000000000001,174.86210924133792,5.852198343724012,13.223543747473213,90.5815673828125,452.9078369140625
