epoch,startPos,prefixLength,learnRate,MSE,MAE,RMSE,meanLoss,totalLoss
340,2,mix,0.007300000000000011,346.94438445739934,8.403068784823907,18.626443150999048,8.44451182972301,928.8963012695312
340,2,2,0.007300000000000011,346.2771410148747,8.375605089856046,18.608523343212237,8.44451182972301,928.8963012695312
340,2,3,0.007300000000000011,546.0895515556646,12.419426055794412,23.368559038923742,21.602239564407704,928.8963012695312
340,2,4,0.007300000000000011,312.0141609996041,7.659896064922213,17.663922582473127,48.88927901418585,928.8963012695312
