epoch,startPos,prefixLength,learnRate,MSE,MAE,RMSE,meanLoss,totalLoss
219,3,mix,0.008200000000000011,537.9589622811419,12.229627273130147,23.193942361770713,10.25191905886628,440.83251953125
219,3,3,0.008200000000000011,535.3626759395631,12.164316430687904,23.1379056083208,10.25191905886628,440.83251953125
219,3,4,0.008200000000000011,327.17305815289734,7.960773928463459,18.087925755953815,23.201711554276315,440.83251953125
