epoch,startPos,prefixLength,learnRate,MSE,MAE,RMSE,meanLoss,totalLoss
269,5,mix,0.007800000000000013,657.4125199576806,21.614599764347076,25.6400569413892,20.96538391113281,104.82691955566406
269,5,5,0.007800000000000013,652.5157820668455,21.51456594467163,25.54438846531358,20.96538391113281,104.82691955566406
