epoch,startPos,prefixLength,learnRate,MSE,MAE,RMSE,meanLoss,totalLoss
160,3,mix,0.008800000000000007,351.2613309322917,10.302658745105592,18.741967104130016,9.668045814591224,957.1365356445312
160,3,3,0.008800000000000007,341.8666390270882,10.132597446835671,18.489635989577735,9.668045814591224,957.1365356445312
160,3,4,0.008800000000000007,314.438055222838,9.692219124042563,17.73240128191436,12.430344618760147,957.1365356445312
