epoch,startPos,prefixLength,learnRate,MSE,MAE,RMSE,meanLoss,totalLoss
327,5,mix,0.007300000000000011,653.2226033413244,21.535243272781372,25.558219878178615,20.841323852539062,104.20661926269531
327,5,5,0.007300000000000011,651.9289043282474,21.497015178203583,25.532898470957964,20.841323852539062,104.20661926269531
