epoch,startPos,prefixLength,learnRate,MSE,MAE,RMSE,meanLoss,totalLoss
189,3,mix,0.00850000000000001,341.45407312735637,10.119392289081588,18.47847594168297,9.649439956202652,955.2945556640625
189,3,3,0.00850000000000001,355.7777957529519,10.379545864541656,18.862072944216706,9.649439956202652,955.2945556640625
189,3,4,0.00850000000000001,310.70070514782554,9.571189349273308,17.626704318953827,12.406422800831981,955.2945556640625
