epoch,startPos,prefixLength,learnRate,MSE,MAE,RMSE,meanLoss,totalLoss
79,2,mix,0.009500000000000003,332.4657160822245,8.239934433384665,18.23364242498532,8.501045365767045,935.114990234375
79,2,2,0.009500000000000003,334.37398075792817,8.27140641445294,18.285895678307043,8.501045365767045,935.114990234375
79,2,3,0.009500000000000003,452.4535974581464,10.748895881697536,21.27095666532529,21.746860238008722,935.114990234375
79,2,4,0.009500000000000003,288.82023921782354,7.799400915205479,16.99471209576154,49.21657843338816,935.114990234375
79,2,5,0.009500000000000003,128.52311910748315,3.472829501144588,11.336803743008131,187.022998046875,935.114990234375
