epoch,startPos,prefixLength,learnRate,MSE,MAE,RMSE,meanLoss,totalLoss
48,3,mix,0.009800000000000001,597.113992895828,19.777207521291878,24.435916043721953,21.27484619140625,1063.7423095703125
48,3,3,0.009800000000000001,596.3265552872589,19.880497354727524,24.419798428473133,21.27484619140625,1063.7423095703125
48,3,4,0.009800000000000001,589.4866562909752,19.30974111557007,24.279346290437378,55.98643734580592,1063.7423095703125
