epoch,startPos,prefixLength,learnRate,MSE,MAE,RMSE,meanLoss,totalLoss
455,2,mix,0.006300000000000009,84.95000234278855,2.5509350596239955,9.216832554776536,2.5128942418981484,67.84814453125
455,2,2,0.006300000000000009,87.59066152184583,2.6524978965712336,9.358988274479557,2.5128942418981484,67.84814453125
455,2,3,0.006300000000000009,58.35990496937949,2.046995619114682,7.6393654821182295,22.616048177083332,67.84814453125
455,2,4,0.006300000000000009,3.408532139275879e-08,0.00017793035090107878,0.00018462210429078852,67.84814453125,67.84814453125
