epoch,startPos,prefixLength,learnRate,MSE,MAE,RMSE,meanLoss,totalLoss
219,3,mix,0.008200000000000011,474.1926786754924,10.796562894162806,21.775965619817928,10.849449689998183,466.5263366699219
219,3,3,0.008200000000000011,473.05339846362926,10.81075730919838,21.749790768272444,10.849449689998183,466.5263366699219
219,3,4,0.008200000000000011,294.1906722108664,7.7668537810444835,17.15198741285879,24.554017719469574,466.5263366699219
219,3,5,0.008200000000000011,130.64938300063866,3.2126519083976746,11.430196105082304,93.30526733398438,466.5263366699219
