epoch,startPos,prefixLength,learnRate,MSE,MAE,RMSE,meanLoss,totalLoss
413,4,mix,0.006500000000000009,349.68221207402996,8.541589406877756,18.69979176552589,7.84048140676398,148.96914672851562
413,4,4,0.006500000000000009,359.2846616322544,8.841589534282685,18.954805766144226,7.84048140676398,148.96914672851562
413,4,5,0.006500000000000009,179.66258789970115,6.519727783277631,13.403827360112526,29.793829345703124,148.96914672851562
