epoch,startPos,prefixLength,learnRate,MSE,MAE,RMSE,meanLoss,totalLoss
483,4,mix,0.006000000000000008,686.5803772744597,19.955811381340027,26.20267881867157,19.32708097759046,367.21453857421875
483,4,4,0.006000000000000008,684.4250195509912,19.927286903063457,26.161517913741,19.32708097759046,367.21453857421875
483,4,5,0.006000000000000008,820.7981259150952,22.00601452589035,28.649574620142182,73.44290771484376,367.21453857421875
