epoch,startPos,prefixLength,learnRate,MSE,MAE,RMSE,meanLoss,totalLoss
103,3,mix,0.009300000000000004,664.8366979316647,20.860031866110287,25.784427430751002,21.544541015625,1077.22705078125
103,3,3,0.009300000000000004,685.653321870887,21.240141075391037,26.18498275483272,21.544541015625,1077.22705078125
103,3,4,0.009300000000000004,629.0116394095425,20.928336560726166,25.080104453720732,56.69616056743421,1077.22705078125
103,3,5,0.009300000000000004,1230.5572208483773,32.27058061957359,35.07929903587552,215.44541015625,1077.22705078125
