epoch,startPos,prefixLength,learnRate,MSE,MAE,RMSE,meanLoss,totalLoss
393,3,mix,0.00670000000000001,479.13753840973254,10.89307800324803,21.889210547887114,10.450122212254724,449.3552551269531
393,3,3,0.00670000000000001,481.18805217468565,10.947041233493524,21.93599900106411,10.450122212254724,449.3552551269531
393,3,4,0.00670000000000001,306.2020479235398,7.577999422326684,17.498629887038007,23.65027658562911,449.3552551269531
