epoch,startPos,prefixLength,learnRate,MSE,MAE,RMSE,meanLoss,totalLoss
363,3,mix,0.0070000000000000106,350.99550570475117,10.28527940585851,18.734874050944434,9.64434999408144,954.7906494140625
363,3,3,0.0070000000000000106,343.39112067859776,10.175674002725058,18.530815434799347,9.64434999408144,954.7906494140625
363,3,4,0.0070000000000000106,309.6076697661946,9.57104105251797,17.595671904368828,12.399878563818994,954.7906494140625
