epoch,startPos,prefixLength,learnRate,MSE,MAE,RMSE,meanLoss,totalLoss
15,3,mix,0.0099,345.73037355462844,8.375473333190062,18.59382622148084,21.621386150981106,929.7196044921875
15,3,3,0.0099,540.5559123219712,12.283734322779559,23.249858329073128,21.621386150981106,929.7196044921875
15,3,4,0.0099,319.6989961068904,7.806712927296758,17.8801285260171,48.93261076274671,929.7196044921875
