epoch,startPos,prefixLength,learnRate,MSE,MAE,RMSE,meanLoss,totalLoss
59,1,mix,0.006,213.38827772118364,5.120552390091192,14.60781563825282,4.606476518444549,612.661376953125
59,1,1,0.006,212.64586118026543,5.112976884591827,14.58238187609505,4.606476518444549,612.661376953125
59,1,2,0.006,82.30642100709346,2.4495561312453447,9.072288631161019,22.691162109375,612.661376953125
59,1,3,0.006,36.4675673548778,1.4065819281668155,6.038838245463924,204.220458984375,612.661376953125
59,1,4,0.006,2.2561295457209938e-07,0.0004589444038174406,0.0004749873204329768,612.661376953125,612.661376953125
