epoch,startPos,prefixLength,learnRate,MSE,MAE,RMSE,meanLoss,totalLoss
488,2,mix,0.006000000000000008,795.6646083485464,23.614921442487024,28.20752751214729,23.09867503230733,3072.123779296875
488,2,2,0.006000000000000008,795.2844952961492,23.674195397983897,28.200788912655426,23.09867503230733,3072.123779296875
488,2,3,0.006000000000000008,706.7270853300025,22.327398919142208,26.584339098988384,61.4424755859375,3072.123779296875
488,2,4,0.006000000000000008,617.4886161263624,21.00026316642761,24.849318222566236,161.69072522615133,3072.123779296875
