epoch,startPos,prefixLength,learnRate,MSE,MAE,RMSE,meanLoss,totalLoss
307,4,mix,0.007400000000000012,556.7741231717362,18.223378229141236,23.59606160298231,19.824814645867598,376.6714782714844
307,4,4,0.007400000000000012,563.6877836115842,18.346361422538756,23.74210992333209,19.824814645867598,376.6714782714844
307,4,5,0.007400000000000012,722.6042918570802,23.301220178604126,26.88130004030832,75.33429565429688,376.6714782714844
