epoch,startPos,prefixLength,learnRate,MSE,MAE,RMSE,meanLoss,totalLoss
251,4,mix,0.008000000000000012,686.4919204069247,19.69281232357025,26.20099082872487,19.392515483655426,368.4577941894531
251,4,4,0.008000000000000012,684.1137450681036,19.767761727174122,26.155568146536286,19.392515483655426,368.4577941894531
251,4,5,0.008000000000000012,841.7196488454192,22.376561880111694,29.012405085504703,73.69155883789062,368.4577941894531
