epoch,startPos,prefixLength,learnRate,MSE,MAE,RMSE,meanLoss,totalLoss
133,2,mix,0.009000000000000006,347.41665891611143,8.533987429325602,18.639116366290313,8.428485107421874,927.1333618164062
133,2,2,0.009000000000000006,348.4267779862453,8.556308494880795,18.666193451966723,8.428485107421874,927.1333618164062
133,2,3,0.009000000000000006,513.9702528967226,11.47179864973507,22.670912043778095,21.561240972474565,927.1333618164062
133,2,4,0.009000000000000006,303.73463455942493,7.829738164320588,17.427984236836597,48.79649272717928,927.1333618164062
133,2,5,0.009000000000000006,177.40270453210044,6.165675846859813,13.319260660115502,185.42667236328126,927.1333618164062
