epoch,startPos,prefixLength,learnRate,MSE,MAE,RMSE,meanLoss,totalLoss
297,4,mix,0.007500000000000012,346.39637956261856,8.437972009927034,18.61172693660152,7.868419446443257,149.49996948242188
297,4,4,0.007500000000000012,346.39637702362955,8.437972052395343,18.611726868392132,7.868419446443257,149.49996948242188
297,4,5,0.007500000000000012,168.25416212231474,6.000462535768747,12.971282208105517,29.899993896484375,149.49996948242188
