epoch,startPos,prefixLength,learnRate,MSE,MAE,RMSE,meanLoss,totalLoss
45,3,mix,0.009700000000000002,537.7085909000191,12.263520738956602,23.18854438941822,10.294684831486192,442.67144775390625
45,3,3,0.009700000000000002,540.5868001491921,12.253546366637403,23.25052257798074,10.294684831486192,442.67144775390625
45,3,4,0.009700000000000002,327.0799573623218,7.94134594835341,18.08535201101493,23.298497250205592,442.67144775390625
