epoch,startPos,prefixLength,learnRate,MSE,MAE,RMSE,meanLoss,totalLoss
132,3,mix,0.008900000000000007,460.5472110895218,10.514390818436038,21.46036372220941,10.787227896756905,463.8507995605469
132,3,3,0.008900000000000007,488.27680363232463,11.076880531893535,22.09698630203505,10.787227896756905,463.8507995605469
132,3,4,0.008900000000000007,298.44850533569337,7.9282743655145165,17.275662225677294,24.41319997687089,463.8507995605469
132,3,5,0.008900000000000007,130.66273049079652,3.2110925633460283,11.430779959862605,92.77015991210938,463.8507995605469
