epoch,startPos,prefixLength,learnRate,MSE,MAE,RMSE,meanLoss,totalLoss
484,2,mix,0.006000000000000008,83.62713557132687,2.500272020169973,9.144787344237528,2.4362674289279513,65.77922058105469
484,2,2,0.006000000000000008,82.30685803134153,2.4494937480676526,9.072312716796171,2.4362674289279513,65.77922058105469
484,2,3,0.006000000000000008,70.54499799486908,2.5158565247543265,8.399106976034362,21.926406860351562,65.77922058105469
484,2,4,0.006000000000000008,1.553324029698444e-07,0.00037003111947342404,0.00039412231980673763,65.77922058105469,65.77922058105469
