epoch,startPos,prefixLength,learnRate,MSE,MAE,RMSE,meanLoss,totalLoss
480,3,mix,0.005900000000000008,478.8092770172032,10.867308757860553,21.881711016673336,10.39994492641715,447.1976318359375
480,3,3,0.005900000000000008,482.911121677202,10.975252632051706,21.975238830947937,10.39994492641715,447.1976318359375
480,3,4,0.005900000000000008,283.2907502093264,6.919719383120537,16.831243275804862,23.536717465049342,447.1976318359375
