epoch,startPos,prefixLength,learnRate,MSE,MAE,RMSE,meanLoss,totalLoss
282,2,mix,0.007800000000000013,307.26231559528327,7.585588803448315,17.52889944050348,8.65417700415259,960.6136474609375
282,2,2,0.007800000000000013,305.6354417600764,7.537928896623531,17.48243237538977,8.65417700415259,960.6136474609375
282,2,3,0.007800000000000013,482.35502094575537,10.98633841238916,21.962582292293302,22.33985226653343,960.6136474609375
282,2,4,0.007800000000000013,302.3717338995069,7.469949795305729,17.38883934883254,50.55861302425987,960.6136474609375
