epoch,startPos,prefixLength,learnRate,MSE,MAE,RMSE,meanLoss,totalLoss
222,3,mix,0.00830000000000001,737.8168472843242,22.016456246376038,27.16278423292289,20.78431640625,1039.2158203125
222,3,3,0.00830000000000001,749.7856737238276,22.245579490294823,27.382214551124743,20.78431640625,1039.2158203125
222,3,4,0.00830000000000001,661.7657259103787,21.193262147903443,25.72480759714985,54.69556949013158,1039.2158203125
222,3,5,0.00830000000000001,712.1280622107543,23.680726051330566,26.685727687487823,173.20263671875,1039.2158203125
