epoch,startPos,prefixLength,learnRate,MSE,MAE,RMSE,meanLoss,totalLoss
309,3,mix,0.007500000000000012,600.0460303329339,19.930217444896698,24.495837000048272,21.24674560546875,1062.3372802734375
309,3,3,0.007500000000000012,597.3288275524153,19.713451284628647,24.440311527319274,21.24674560546875,1062.3372802734375
309,3,4,0.007500000000000012,566.1624564947442,19.09455802440643,23.79416853968098,55.91248843544408,1062.3372802734375
