epoch,startPos,prefixLength,learnRate,MSE,MAE,RMSE,meanLoss,totalLoss
132,3,mix,0.008900000000000007,479.2666318958685,10.890835895626383,21.89215914193638,10.432189231695132,448.5841369628906
132,3,3,0.008900000000000007,479.2666317222252,10.890835338187488,21.8921591379705,10.432189231695132,448.5841369628906
132,3,4,0.008900000000000007,310.12039721751205,7.685090608522296,17.610235580977104,23.609691419099505,448.5841369628906
