epoch,startPos,prefixLength,learnRate,MSE,MAE,RMSE,meanLoss,totalLoss
165,2,mix,0.008800000000000007,332.0740325307727,9.796148711815476,18.222898576537506,9.278056259696365,1308.2059326171875
165,2,2,0.008800000000000007,334.04782437035016,9.849970823645386,18.276975252222403,9.278056259696365,1308.2059326171875
165,2,3,0.008800000000000007,347.2698213722785,10.194483026217382,18.635176987951535,13.21420133956755,1308.2059326171875
165,2,4,0.008800000000000007,310.78415850724843,9.50370681627343,17.62907140229594,16.989687436586852,1308.2059326171875
