epoch,startPos,prefixLength,learnRate,MSE,MAE,RMSE,meanLoss,totalLoss
430,2,mix,0.006500000000000009,792.625832822674,23.614605645338695,28.15361136377843,23.091407718515036,3071.1572265625
430,2,2,0.006500000000000009,795.9702332228989,23.721821429151476,28.212944426679375,23.091407718515036,3071.1572265625
430,2,3,0.006500000000000009,699.2986563974739,22.31520513846324,26.444255640828196,61.42314453125,3071.1572265625
430,2,4,0.006500000000000009,627.1759010948666,21.265302085876463,25.0434802113218,161.63985402960526,3071.1572265625
