epoch,startPos,prefixLength,learnRate,MSE,MAE,RMSE,meanLoss,totalLoss
334,3,mix,0.007300000000000011,77.66055376017952,2.3572409930661706,8.812522553740191,2.395307699839274,28.74369239807129
334,3,3,0.007300000000000011,77.66058221222504,2.357240176290361,8.812524168036365,2.395307699839274,28.74369239807129
334,3,4,0.007300000000000011,173.65951493468734,5.3923971042513585,13.17799358531819,9.581230799357096,28.74369239807129
