epoch,startPos,prefixLength,learnRate,MSE,MAE,RMSE,meanLoss,totalLoss
394,2,mix,0.00680000000000001,345.8532998096081,8.489398510195315,18.597131494120486,8.430170787464489,927.3187866210938
394,2,2,0.00680000000000001,346.421238427349,8.521755703059691,18.6123947526198,8.430170787464489,927.3187866210938
394,2,3,0.00680000000000001,507.4276197296151,11.339000889015468,22.526154126472967,21.565553177234737,927.3187866210938
394,2,4,0.00680000000000001,305.78385366833584,7.969872311130166,17.486676461475916,48.80625192742599,927.3187866210938
394,2,5,0.00680000000000001,173.85773638746514,5.727417920716107,13.185512367271327,185.46375732421876,927.3187866210938
