epoch,startPos,prefixLength,learnRate,MSE,MAE,RMSE,meanLoss,totalLoss
481,2,mix,0.006000000000000008,330.9939859041704,8.156568340558026,18.19324011560806,8.474118874289772,932.153076171875
481,2,2,0.006000000000000008,331.25738686675373,8.168845131860248,18.20047765490658,8.474118874289772,932.153076171875
481,2,3,0.006000000000000008,507.3014428490497,11.72901043634523,22.52335327718876,21.677978515625,932.153076171875
481,2,4,0.006000000000000008,346.4178300577419,8.437819299846888,18.612303190571065,49.06068821957237,932.153076171875
481,2,5,0.006000000000000008,179.6134951413175,6.515950037166476,13.401995938714409,186.430615234375,932.153076171875
