epoch,startPos,prefixLength,learnRate,MSE,MAE,RMSE,meanLoss,totalLoss
45,3,mix,0.009700000000000002,452.243904127059,10.361402229490606,21.26602699441198,10.844383772029433,466.3085021972656
45,3,3,0.009700000000000002,461.16948528469345,10.560253041034395,21.474857049226042,10.844383772029433,466.3085021972656
45,3,4,0.009700000000000002,287.8718609318997,7.522535675764084,16.96678699494691,24.542552747224505,466.3085021972656
45,3,5,0.009700000000000002,130.65650181024148,3.2118199691176414,11.430507504491718,93.26170043945312,466.3085021972656
