epoch,startPos,prefixLength,learnRate,MSE,MAE,RMSE,meanLoss,totalLoss
364,3,mix,0.0070000000000000106,690.3107556750172,21.22254072702848,26.27376554045912,21.55202392578125,1077.6011962890625
364,3,3,0.0070000000000000106,674.2546891211842,21.018750002750984,25.966414637396213,21.55202392578125,1077.6011962890625
364,3,4,0.0070000000000000106,647.0855887960373,21.24525855779648,25.437877049707534,56.715852436266445,1077.6011962890625
364,3,5,0.0070000000000000106,1263.024184951256,32.70239669084549,35.53905154827934,215.5202392578125,1077.6011962890625
