epoch,startPos,prefixLength,learnRate,MSE,MAE,RMSE,meanLoss,totalLoss
309,4,mix,0.007500000000000012,693.8056821364643,20.07747890551885,26.340191383823775,19.23954210783306,365.5513000488281
309,4,4,0.007500000000000012,686.9054379179493,19.958392918109894,26.20888089785501,19.23954210783306,365.5513000488281
309,4,5,0.007500000000000012,810.2721537083021,21.447615921497345,28.46527979325519,73.11026000976562,365.5513000488281
