epoch,startPos,prefixLength,learnRate,MSE,MAE,RMSE,meanLoss,totalLoss
279,3,mix,0.007800000000000013,665.9576496005659,21.326418202656967,25.806155265761035,21.53885009765625,1076.9425048828125
279,3,3,0.007800000000000013,663.7350551088937,21.25136457498257,25.76305601261026,21.53885009765625,1076.9425048828125
279,3,4,0.007800000000000013,663.9092087019534,22.27358152468999,25.766435700382647,56.681184467516445,1076.9425048828125
279,3,5,0.007800000000000013,971.4248835138789,28.087338894605637,31.167689736550557,215.3885009765625,1076.9425048828125
