epoch,startPos,prefixLength,learnRate,MSE,MAE,RMSE,meanLoss,totalLoss
295,2,mix,0.007800000000000013,650.0222197507612,20.34038633959634,25.495533329404218,19.347307477678573,541.724609375
295,2,2,0.007800000000000013,658.4856572777929,20.505046205861227,25.660975376586777,19.347307477678573,541.724609375
295,2,3,0.007800000000000013,526.9663182945671,18.197547614574432,22.955746955709525,180.57486979166666,541.724609375
295,2,4,0.007800000000000013,449.08232839945936,20.855164349079132,21.19156267006894,541.724609375,541.724609375
