epoch,startPos,prefixLength,learnRate,MSE,MAE,RMSE,meanLoss,totalLoss
340,2,mix,0.007300000000000011,308.2387066008645,7.612781740791563,17.556728243065805,8.659677316476634,961.2241821289062
340,2,2,0.007300000000000011,306.61141635187585,7.564806090667844,17.51032313670641,8.659677316476634,961.2241821289062
340,2,3,0.007300000000000011,482.79233911433397,10.977840565483678,21.972536019183902,22.354050747183866,961.2241821289062
340,2,4,0.007300000000000011,306.2901210994705,7.5764552563428875,17.501146279586102,50.59074642783717,961.2241821289062
