epoch,startPos,prefixLength,learnRate,MSE,MAE,RMSE,meanLoss,totalLoss
95,4,mix,0.009300000000000004,304.3511973167475,7.877043926715851,17.44566414089035,7.511527613589638,142.71902465820312
95,4,4,0.009300000000000004,304.3511973398545,7.877043928764761,17.44566414155261,7.511527613589638,142.71902465820312
95,4,5,0.009300000000000004,177.83434521560764,6.227596629410982,13.335454443535385,28.543804931640626,142.71902465820312
