epoch,startPos,prefixLength,learnRate,MSE,MAE,RMSE,meanLoss,totalLoss
222,3,mix,0.00830000000000001,596.0658692367743,19.811047434806824,24.41446024872912,21.3066845703125,1065.334228515625
222,3,3,0.00830000000000001,596.7894573053693,19.85205988242076,24.429274596380658,21.3066845703125,1065.334228515625
222,3,4,0.00830000000000001,559.5631096600604,18.88954827785492,23.6550863380386,56.070222553453945,1065.334228515625
