epoch,startPos,prefixLength,learnRate,MSE,MAE,RMSE,meanLoss,totalLoss
332,4,mix,0.007300000000000011,683.821018921996,20.590084540843964,26.149971681093575,19.17649279142681,364.3533630371094
332,4,4,0.007300000000000011,661.2148918704085,20.248803544044495,25.714099087279113,19.17649279142681,364.3533630371094
332,4,5,0.007300000000000011,803.447261296652,25.597119569778442,28.345145286215274,60.7255605061849,364.3533630371094
