epoch,startPos,prefixLength,learnRate,MSE,MAE,RMSE,meanLoss,totalLoss
239,3,mix,0.008000000000000012,602.8264791105132,17.64711767435074,24.55252490296086,20.455037434895832,61.3651123046875
239,3,3,0.008000000000000012,527.3367370869682,16.53938901424408,22.963813644230964,20.455037434895832,61.3651123046875
239,3,4,0.008000000000000012,110.60902144641386,8.599363923072815,10.51708236377437,61.3651123046875,61.3651123046875
