epoch,startPos,prefixLength,learnRate,MSE,MAE,RMSE,meanLoss,totalLoss
66,1,mix,0.006,706.617861507048,21.689577978725236,26.582284730757213,21.51380666097005,4130.65087890625
66,1,1,0.006,708.4661015867414,21.721241164331634,26.6170265354104,21.51380666097005,4130.65087890625
66,1,2,0.006,1292.9014206805193,29.251215144115335,35.956938421958554,31.05752540531015,4130.65087890625
66,1,3,0.006,2019.6773854019257,39.46498733300429,44.940820924877706,82.613017578125,4130.65087890625
66,1,4,0.006,2713.8085374411253,47.91194509267807,52.094227486748714,217.40267783717104,4130.65087890625
66,1,5,0.006,4196.339337145402,61.38875550031662,64.77915820034559,826.13017578125,4130.65087890625
