epoch,startPos,prefixLength,learnRate,MSE,MAE,RMSE,meanLoss,totalLoss
398,2,mix,0.00680000000000001,306.0908869909202,7.559741679246405,17.495453323390056,8.65257909276464,960.436279296875
398,2,2,0.00680000000000001,305.1529323991614,7.536896585952491,17.4686270897046,8.65257909276464,960.436279296875
398,2,3,0.00680000000000001,479.50516724599856,10.9179558461024,21.897606427324394,22.335727425508722,960.436279296875
398,2,4,0.00680000000000001,290.9157567318229,7.140313375368715,17.056252716579422,50.54927785773026,960.436279296875
