epoch,startPos,prefixLength,learnRate,MSE,MAE,RMSE,meanLoss,totalLoss
227,2,mix,0.00830000000000001,766.8235001917224,23.28244442799512,27.691578145561195,23.347959131226503,3105.278564453125
227,2,2,0.00830000000000001,771.0704030489818,23.37448147465201,27.76815447682798,23.347959131226503,3105.278564453125
227,2,3,0.00830000000000001,692.3443131091179,22.057654678821564,26.3124364723056,62.1055712890625,3105.278564453125
227,2,4,0.00830000000000001,821.3742583967884,24.590738248825073,28.659627673729265,163.43571391858552,3105.278564453125
