epoch,startPos,prefixLength,learnRate,MSE,MAE,RMSE,meanLoss,totalLoss
306,3,mix,0.007400000000000012,478.3899393033804,10.843327360397035,21.87212699541086,10.452814146529796,449.47100830078125
306,3,3,0.007400000000000012,483.31248363630135,10.999550025571477,21.984369075238465,10.452814146529796,449.47100830078125
306,3,4,0.007400000000000012,310.07986496452725,7.685447701439261,17.609084728188666,23.656368857935856,449.47100830078125
