epoch,startPos,prefixLength,learnRate,MSE,MAE,RMSE,meanLoss,totalLoss
19,1,mix,0.01,311.0656630071832,10.470234931518252,17.637053694060786,10.631227443162171,7686.37744140625
19,1,1,0.01,417.2694993712653,12.785204804560635,20.427175511344323,61.00299556671627,7686.37744140625
19,1,2,0.01,311.5332563654577,9.827625832727385,17.65030471027222,54.513315187278366,7686.37744140625
19,1,3,0.01,321.32414063316025,10.271393324360252,17.925516467682606,76.8637744140625,7686.37744140625
19,1,4,0.01,315.7713167092958,10.311721206922083,17.769955450402676,98.54330053084936,7686.37744140625
