epoch,startPos,prefixLength,learnRate,MSE,MAE,RMSE,meanLoss,totalLoss
58,1,mix,0.007,398.9535723375714,12.491625983776016,19.973822176478176,12.544729935495477,3813.597900390625
58,1,1,0.007,489.41437108053225,17.273854834767167,22.122711657491998,28.67366842398966,3813.597900390625
58,1,2,0.007,363.3130195029115,8.650846778548189,19.060771744683148,34.669071821732956,3813.597900390625
58,1,3,0.007,466.4321652976258,10.919321153482253,21.597040660646677,88.68832326489826,3813.597900390625
58,1,4,0.007,252.3740143725144,6.525632187351585,15.886283844011928,200.71567896792763,3813.597900390625
