epoch,startPos,prefixLength,learnRate,MSE,MAE,RMSE,meanLoss,totalLoss
184,1,mix,0.0005999999999999998,387.8665068940098,12.346317534996686,19.69432676925032,12.611553855020492,3846.52392578125
184,1,1,0.0005999999999999998,446.11290414347667,17.53708813832525,21.121384995863238,28.92123252467105,3846.52392578125
184,1,2,0.0005999999999999998,360.40004404905324,8.76349270157516,18.984205120284948,34.96839932528409,3846.52392578125
184,1,3,0.0005999999999999998,417.83476548064175,10.037051807496358,20.441006958578186,89.45404478561046,3846.52392578125
184,1,4,0.0005999999999999998,230.86704767223722,6.003243516199291,15.194309713581504,202.44862767269737,3846.52392578125
