epoch,startPos,prefixLength,learnRate,MSE,MAE,RMSE,meanLoss,totalLoss
127,1,mix,0.002,387.9344816256059,12.345782091350932,19.69605243762328,12.611472207991802,3846.4990234375
127,1,1,0.002,446.1376069994765,17.54353740518255,21.121969770821007,28.92104528900376,3846.4990234375
127,1,2,0.002,358.4578959630815,8.767764266147944,18.932984338531565,34.96817294034091,3846.4990234375
127,1,3,0.002,411.93325942540906,9.864115063609047,20.296139027544353,89.4534656613372,3846.4990234375
127,1,4,0.002,230.85266991289382,6.003792691603303,15.193836576483697,202.44731702302633,3846.4990234375
