epoch,startPos,prefixLength,learnRate,MSE,MAE,RMSE,meanLoss,totalLoss
134,1,mix,0.0009,399.10229867738894,12.64205139794534,19.97754486110315,12.502493436219263,3813.260498046875
134,1,1,0.0009,684.8536572819586,18.225509962433893,26.169708773350127,28.671131564262218,3813.260498046875
134,1,2,0.0009,339.80858571645183,8.468402335592717,18.43389773532586,34.35369818060248,3813.260498046875
134,1,3,0.0009,463.39144863901527,10.432474607601762,21.526528950088895,88.68047669876454,3813.260498046875
134,1,4,0.0009,259.273831725927,6.509552537277341,16.10198222971094,200.69792094983552,3813.260498046875
