epoch,startPos,prefixLength,learnRate,MSE,MAE,RMSE,meanLoss,totalLoss
20,1,mix,0.01,402.9327129146042,12.65486598527059,20.073183925690618,12.535906282018443,3823.451416015625
20,1,1,0.01,658.8876915192524,18.14784904950383,25.668807754144957,28.74775500763628,3823.451416015625
20,1,2,0.01,342.14832782086,8.530859510345316,18.497251899156804,34.44550825239302,3823.451416015625
20,1,3,0.01,462.7095328776414,10.405304365706714,21.5106841564289,88.91747479106105,3823.451416015625
20,1,4,0.01,259.32996287452795,6.520583859458566,16.103725124160807,201.23428505345396,3823.451416015625
