epoch,startPos,prefixLength,learnRate,MSE,MAE,RMSE,meanLoss,totalLoss
191,1,mix,0.0003999999999999998,398.1152228562128,12.488848857375999,19.95282493423457,12.534366005345396,3810.447265625
191,1,1,0.0003999999999999998,462.56551556644155,17.15181688805494,21.507336319647806,28.649979440789473,3810.447265625
191,1,2,0.0003999999999999998,363.2907218302616,8.652726783051289,19.060186825691442,34.6404296875,3810.447265625
191,1,3,0.0003999999999999998,483.1083078003105,11.088638645935465,21.97972492549237,88.61505268895348,3810.447265625
191,1,4,0.0003999999999999998,252.36666862671495,6.525130311027169,15.886052644590945,200.54985608552633,3810.447265625
