epoch,startPos,prefixLength,learnRate,MSE,MAE,RMSE,meanLoss,totalLoss
38,1,mix,0.01,861.917292758096,24.657112730873955,29.358427968099654,22.720760277512724,8929.2587890625
38,1,1,0.01,850.0410347829443,24.23601119685918,29.15546320645488,46.50655619303385,8929.2587890625
38,1,2,0.01,826.1946711643182,24.07445872462157,28.743602264927027,67.13728412828948,8929.2587890625
38,1,3,0.01,714.0813502504573,21.708365660447342,26.72230061672193,178.58517578125,8929.2587890625
38,1,4,0.01,718.2058864284456,20.63950914144516,26.799363545212145,469.9609888980263,8929.2587890625
