epoch,startPos,prefixLength,learnRate,MSE,MAE,RMSE,meanLoss,totalLoss
21,1,mix,0.01,428.45912335125166,12.686806690262316,20.69925417379215,12.525011206454918,3820.12841796875
21,1,1,0.01,722.50805278002,18.49426582274849,26.879509905874773,28.722770059915412,3820.12841796875
21,1,2,0.01,292.87726965117054,10.389169060608506,17.113657401361362,34.728440163352275,3820.12841796875
21,1,3,0.01,442.0658963081069,10.234740928492762,21.025363167091953,88.84019576671511,3820.12841796875
21,1,4,0.01,316.01464736078395,7.782929644361138,17.776800819067077,201.0593904194079,3820.12841796875
