epoch,startPos,prefixLength,learnRate,MSE,MAE,RMSE,meanLoss,totalLoss
154,1,mix,0.0006999999999999999,403.2119037606916,12.613687018343768,20.08013704536629,12.513859182889345,3816.72705078125
154,1,1,0.0006999999999999999,703.2271002931523,18.52420569209875,26.518429446201225,28.697195870535715,3816.72705078125
154,1,2,0.0006999999999999999,304.1096571274925,9.71070202912337,17.438740124432513,34.69751864346591,3816.72705078125
154,1,3,0.0006999999999999999,439.2787082679155,10.195201440460302,20.958976794393266,88.76109420421511,3816.72705078125
154,1,4,0.0006999999999999999,315.815485880251,7.770147977396846,17.771198211720307,200.88037109375,3816.72705078125
