epoch,startPos,prefixLength,learnRate,MSE,MAE,RMSE,meanLoss,totalLoss
153,1,mix,0.0007999999999999999,398.1869562422484,12.486987068946776,19.954622427955094,12.53407849763569,3810.35986328125
153,1,1,0.0007999999999999999,466.0189203956185,17.14692820772967,21.58747137567572,28.64932228031015,3810.35986328125
153,1,2,0.0007999999999999999,365.6462769475571,8.685679877675804,19.12187953490862,34.63963512073864,3810.35986328125
153,1,3,0.0007999999999999999,497.14697270112777,11.41248834785074,22.2967928792714,88.61302007630815,3810.35986328125
153,1,4,0.0007999999999999999,252.35839570117037,6.52547972202301,15.885792259159452,200.54525596217104,3810.35986328125
