epoch,startPos,prefixLength,learnRate,MSE,MAE,RMSE,meanLoss,totalLoss
20,1,mix,0.01,395.1194853300984,12.409412184609222,19.877612666769075,12.559090062191611,3817.96337890625
20,1,1,0.01,648.4461190599385,17.90988933599808,25.464605220971688,28.706491570723685,3817.96337890625
20,1,2,0.01,340.11383337231484,8.337220611749217,18.442175396962117,34.70875799005682,3817.96337890625
20,1,3,0.01,562.3517668747825,12.946912917393176,23.713957216685333,88.78984602107558,3817.96337890625
20,1,4,0.01,190.16765893161815,5.123655175169309,13.790129039701483,212.10907660590277,3817.96337890625
20,1,5,0.01,154.79062262156123,6.103555234149098,12.44148795850244,763.59267578125,3817.96337890625
