epoch,startPos,prefixLength,learnRate,MSE,MAE,RMSE,meanLoss,totalLoss
39,1,mix,0.009000000000000001,407.6188973580155,12.722027182459641,20.189573976634957,12.492741634971217,3797.79345703125
39,1,1,0.009000000000000001,677.6798825889922,18.30371435950784,26.03228538928137,28.771162553267047,3797.79345703125
39,1,2,0.009000000000000001,408.74873918610626,11.008578068144354,20.217535437983194,34.525395063920456,3797.79345703125
39,1,3,0.009000000000000001,473.63833805124335,10.96067807738754,21.763233630397007,90.42365373883929,3797.79345703125
39,1,4,0.009000000000000001,246.02936348844327,6.382364823669195,15.68532318724875,199.88386615953948,3797.79345703125
39,1,5,0.009000000000000001,155.2265593390534,4.245943203568459,12.458995117546737,632.965576171875,3797.79345703125
