epoch,startPos,prefixLength,learnRate,MSE,MAE,RMSE,meanLoss,totalLoss
57,1,mix,0.007,175.3691257681695,4.214053467627133,13.24270084870037,4.233395025596856,681.5765991210938
57,1,1,0.007,195.16496905776927,4.622158766211194,13.970145634808867,5.16345908425071,681.5765991210938
57,1,2,0.007,124.06432455030789,3.460272940558915,11.138416608760327,24.34202139718192,681.5765991210938
57,1,3,0.007,64.12602844143852,1.6253513109372761,8.007872903676638,170.39414978027344,681.5765991210938
57,1,4,0.007,1.0255746361541358e-07,0.0003195007968770369,0.00032024594238711846,681.5765991210938,681.5765991210938
