epoch,startPos,prefixLength,learnRate,MSE,MAE,RMSE,meanLoss,totalLoss
222,1,mix,0.0002999999999999998,387.85221876562736,12.346198004682696,19.693964018592787,12.611152023565573,3846.4013671875
222,1,1,0.0002999999999999998,442.9950692222442,17.488726648145956,21.04744804536275,28.920311031484964,3846.4013671875
222,1,2,0.0002999999999999998,360.9296410092685,8.758939589174199,18.99814835738653,34.96728515625,3846.4013671875
222,1,3,0.0002999999999999998,420.8062060757278,10.106574151749639,20.513561516122152,89.45119458575581,3846.4013671875
222,1,4,0.0002999999999999998,230.86610503729153,6.003164989128709,15.194278694208933,202.44217722039474,3846.4013671875
