epoch,startPos,prefixLength,learnRate,MSE,MAE,RMSE,meanLoss,totalLoss
42,1,mix,0.009000000000000001,410.9354075397246,12.560187847407946,20.27154181456666,12.650613953637295,3858.437255859375
42,1,1,0.009000000000000001,733.965861838406,18.17613222126794,27.09180432969362,29.010806435032894,3858.437255859375
42,1,2,0.009000000000000001,336.31652458168327,8.290674609231896,18.338934663215397,35.07670232599432,3858.437255859375
42,1,3,0.009000000000000001,454.45140079305327,10.340555307201363,21.317865765433773,89.73109897347383,3858.437255859375
42,1,4,0.009000000000000001,311.7454687495626,7.509173809178174,17.656315265353715,203.07564504523026,3858.437255859375
42,1,5,0.009000000000000001,128.47084836163953,3.480177321471274,11.334498152174163,771.687451171875,3858.437255859375
