epoch,startPos,prefixLength,learnRate,MSE,MAE,RMSE,meanLoss,totalLoss
82,1,mix,0.007,831.3789990332696,21.786990744727,28.833643526846718,20.45068651758982,3415.2646484375
82,1,1,0.007,742.2826545753412,21.047633557660237,27.24486473769582,24.570249269334532,3415.2646484375
82,1,2,0.007,763.4086683086371,21.122679114341736,27.629851036671138,126.49128327546296,3415.2646484375
82,1,3,0.007,528.8758922878551,17.501635044813156,22.997301847996322,1138.4215494791667,3415.2646484375
82,1,4,0.007,383.51192218760616,14.78967809677124,19.583460424235707,3415.2646484375,3415.2646484375
