epoch,startPos,prefixLength,learnRate,MSE,MAE,RMSE,meanLoss,totalLoss
96,1,mix,0.003,404.76326204943257,12.62929621849711,20.11872913604218,12.500181499280428,3800.05517578125
96,1,1,0.003,601.8829433084054,18.06211259660777,24.533302739509114,28.78829678622159,3800.05517578125
96,1,2,0.003,345.0453598365325,8.468613736362645,18.57539662662772,34.54595614346591,3800.05517578125
96,1,3,0.003,471.61257935049764,10.905330166342901,21.716642911612688,86.36489035866477,3800.05517578125
96,1,4,0.003,354.2013842473365,8.380612450651824,18.820238687310436,200.00290398848685,3800.05517578125
