epoch,startPos,prefixLength,learnRate,MSE,MAE,RMSE,meanLoss,totalLoss
23,1,mix,0.01,425.46751551364247,12.576812241353434,20.626863928228218,12.723366258965164,3880.626708984375
23,1,1,0.01,738.8237133630377,18.318941903711462,27.18131184036263,29.17764442845395,3880.626708984375
23,1,2,0.01,337.84194063089393,8.343188633593465,18.380477160043856,35.27842462713068,3880.626708984375
23,1,3,0.01,459.4496179160915,10.468430985357951,21.43477590076676,90.24713276707848,3880.626708984375
23,1,4,0.01,309.3642857867231,7.3635389974340795,17.588754526308083,204.24351099917763,3880.626708984375
23,1,5,0.01,128.6274180301554,3.4936086176894605,11.341402824613692,776.125341796875,3880.626708984375
