epoch,startPos,prefixLength,learnRate,MSE,MAE,RMSE,meanLoss,totalLoss
38,1,mix,0.008,166.1301881069192,4.198497669851338,12.889150014912511,4.244536972045898,679.1259155273438
38,1,1,0.008,192.2220441593481,4.76386092969649,13.864416473813389,5.106209891183036,679.1259155273438
38,1,2,0.008,77.02196348328638,2.199116716005977,8.776215783769585,25.152811686197918,679.1259155273438
38,1,3,0.008,42.091893969140656,1.6566611585012652,6.48782659826391,226.37530517578125,679.1259155273438
38,1,4,0.008,0.04682322699600033,0.04743202370718791,0.21638675328217374,679.1259155273438,679.1259155273438
