epoch,startPos,prefixLength,learnRate,MSE,MAE,RMSE,meanLoss,totalLoss
19,1,mix,0.01,162.69686313406,4.263302657845152,12.755268054182947,4.143385600706714,1172.578125
19,1,1,0.01,188.3654820174292,4.888867768936157,13.724630487464106,5.692126820388349,1172.578125
19,1,2,0.01,107.61489898427146,2.919816771444269,10.373760117925972,17.766335227272727,1172.578125
19,1,3,0.01,56.61108772600971,1.6003987129361121,7.524034006170473,97.71484375,1172.578125
19,1,4,0.01,346.80144224353813,8.735814373136236,18.622605678141234,390.859375,1172.578125
