epoch,startPos,prefixLength,learnRate,MSE,MAE,RMSE,meanLoss,totalLoss
38,1,mix,0.008,162.71448079903791,4.26184635173164,12.755958638967043,4.142987901667403,1172.465576171875
38,1,1,0.008,188.7830711260927,4.9164630813808206,13.73983519282865,5.691580466853762,1172.465576171875
38,1,2,0.008,105.96776537810072,2.8225649339211647,10.2940645703289,17.764629941998106,1172.465576171875
38,1,3,0.008,56.61777389388437,1.5985683374542532,7.524478313736068,97.70546468098958,1172.465576171875
38,1,4,0.008,297.9219004127757,7.813032569365532,17.260414259593414,390.8218587239583,1172.465576171875
