epoch,startPos,prefixLength,learnRate,MSE,MAE,RMSE,meanLoss,totalLoss
116,1,mix,0.002,384.00386231866827,12.326423284026484,19.59601649107972,12.583455403645834,3850.537353515625
116,1,1,0.002,624.7503988231372,17.28977366706187,24.995007477957216,28.951408673049812,3850.537353515625
116,1,2,0.002,400.9428271344644,10.800082525341875,20.02355680528473,34.689525707347975,3850.537353515625
116,1,3,0.002,425.95955914246895,10.04551881348545,20.638787734323664,89.54738031431685,3850.537353515625
116,1,4,0.002,234.65912237761685,5.983357681520284,15.318587479843462,202.65986071134867,3850.537353515625
