epoch,startPos,prefixLength,learnRate,MSE,MAE,RMSE,meanLoss,totalLoss
46,1,mix,0.008,394.9222167531265,12.481168561900656,19.8726499680623,12.65267724928513,3871.71923828125
46,1,1,0.008,637.2843062903218,17.58001949931636,25.244490612613316,29.110670964520676,3871.71923828125
46,1,2,0.008,332.5040336743749,8.119403452712245,18.234693133540112,34.88035349802928,3871.71923828125
46,1,3,0.008,454.72569481936324,10.594070374965668,21.32429822571808,87.9936190518466,3871.71923828125
46,1,4,0.008,302.15256450970116,7.163569565303623,17.382536193251582,203.77469675164474,3871.71923828125
46,1,5,0.008,61.96945977183418,2.2467914558947086,7.87206832870715,774.34384765625,3871.71923828125
