epoch,startPos,prefixLength,learnRate,MSE,MAE,RMSE,meanLoss,totalLoss
38,1,mix,0.009000000000000001,311.41228289199506,10.456199748861184,17.64687742610559,10.608959657028008,7670.27783203125
38,1,1,0.009000000000000001,423.7835868777864,12.822414449125063,20.58600463610621,60.875220889136905,7670.27783203125
38,1,2,0.009000000000000001,320.0238930769326,9.91553815231762,17.889211639335386,54.39913356050532,7670.27783203125
38,1,3,0.009000000000000001,325.459538310632,10.291844001859426,18.040497174707575,76.7027783203125,7670.27783203125
38,1,4,0.009000000000000001,321.43955838160775,10.463035450410098,17.92873554887817,98.33689528245192,7670.27783203125
