epoch,startPos,prefixLength,learnRate,MSE,MAE,RMSE,meanLoss,totalLoss
134,1,mix,0.0009,398.3345727132861,12.486314431848852,19.95832088912507,12.531690095600329,3809.6337890625
134,1,1,0.0009,468.578009084685,17.17153302119935,21.64666277015201,28.643863075657894,3809.6337890625
134,1,2,0.0009,367.4335288266143,8.737435405774574,19.16855573136939,34.63303444602273,3809.6337890625
134,1,3,0.0009,469.92086962300255,10.96132391962138,21.677658305799604,88.59613462936046,3809.6337890625
134,1,4,0.0009,252.36128186412287,6.525320371985435,15.885883099913674,200.50704152960526,3809.6337890625
