epoch,startPos,prefixLength,learnRate,MSE,MAE,RMSE,meanLoss,totalLoss
19,1,mix,0.01,153.40975227533355,3.9411235659733164,12.385869056119297,4.296499311553766,691.7363891601562
19,1,1,0.01,173.51957756132936,4.381546790833293,13.17268300542184,5.20102548240719,691.7363891601562
19,1,2,0.01,84.99742100036495,2.345123769325125,9.219404590339062,24.704871041434153,691.7363891601562
19,1,3,0.01,9.314148611140928,0.6263848883954779,3.051909010953788,230.57879638671875,691.7363891601562
19,1,4,0.01,0.6580338721982227,0.6576084711141448,0.8111928699133287,691.7363891601562,691.7363891601562
