epoch,startPos,prefixLength,learnRate,MSE,MAE,RMSE,meanLoss,totalLoss
38,3,mix,0.008,376.29534820692237,8.864899170081651,19.39833364510783,9.417079116358902,621.5272216796875
38,3,3,0.008,445.65705772051024,10.22329975715415,21.11059112674276,14.454121434411338,621.5272216796875
38,3,4,0.008,345.0092065341325,8.636166020110249,18.57442345092123,32.71195903577303,621.5272216796875
38,3,5,0.008,52.91643027922938,1.792056168866111,7.274368032979179,103.58787027994792,621.5272216796875
