epoch,startPos,prefixLength,learnRate,MSE,MAE,RMSE,meanLoss,totalLoss
25,1,mix,0.01,432.26419358028903,12.726031538505012,20.790964229209983,12.637446337407178,3829.146240234375
25,1,1,0.01,812.8759381463431,20.230820763637038,28.510979256180295,29.008683638139203,3829.146240234375
25,1,2,0.01,341.737650422495,8.496677975802283,18.48614752787868,34.810420365767044,3829.146240234375
25,1,3,0.01,468.62552747409154,10.900975869883867,21.64776033390271,89.04991256359011,3829.146240234375
25,1,4,0.01,292.8116641404897,7.655913059134036,17.111740535097233,212.7303466796875,3829.146240234375
25,1,5,0.01,146.51456401147047,4.0149549026973546,12.104320055726818,765.829248046875,3829.146240234375
