epoch,startPos,prefixLength,learnRate,MSE,MAE,RMSE,meanLoss,totalLoss
210,1,mix,0.00019999999999999982,399.1313844711103,12.642890424063234,19.978272810008136,12.502578285092213,3813.286376953125
210,1,1,0.00019999999999999982,685.7707802336187,18.24847545508634,26.18722551614849,28.6713261425047,3813.286376953125
210,1,2,0.00019999999999999982,341.07336742204603,8.494756831235632,18.468171740105895,34.353931323902025,3813.286376953125
210,1,3,0.00019999999999999982,462.7034577013012,10.400642347268082,21.510542942968716,88.68107853379361,3813.286376953125
210,1,4,0.00019999999999999982,259.2886608275576,6.522631384432316,16.102442697539946,200.6992829975329,3813.286376953125
