epoch,startPos,prefixLength,learnRate,MSE,MAE,RMSE,meanLoss,totalLoss
38,1,mix,0.008,396.8196546062631,12.554660604153941,19.92033269316211,12.554573460629111,3816.59033203125
38,1,1,0.008,709.124047244383,18.135051476714366,26.629383155536722,28.6961679100094,3816.59033203125
38,1,2,0.008,354.28363096631375,8.650091444374993,18.822423620945145,34.69627574573864,3816.59033203125
38,1,3,0.008,498.5270544851735,11.363305738449775,22.32771941970728,88.75791469840117,3816.59033203125
38,1,4,0.008,307.92430588805473,7.677684956975281,17.54777210611235,200.87317537006578,3816.59033203125
38,1,5,0.008,101.18288341695646,2.850457006599754,10.058970296056971,763.31806640625,3816.59033203125
