epoch,startPos,prefixLength,learnRate,MSE,MAE,RMSE,meanLoss,totalLoss
22,1,mix,0.01,302.85016437693645,10.20059588468795,17.40259073750045,10.422957155001722,7567.06689453125
22,1,1,0.01,464.28109677934276,13.369288887290168,21.547183035824954,60.53653515625,7567.06689453125
22,1,2,0.01,330.9667727873784,9.515226502495352,18.19249220935324,53.667141095966315,7567.06689453125
22,1,3,0.01,345.3590384562634,9.803391988519579,18.583838098096514,75.6706689453125,7567.06689453125
22,1,4,0.01,336.73352073949275,9.779709499690217,18.350300290172168,97.01367813501602,7567.06689453125
