epoch,startPos,prefixLength,learnRate,MSE,MAE,RMSE,meanLoss,totalLoss
47,1,mix,0.01,1060.7075414112148,26.390918871577906,32.56850536041245,22.28118059961929,8778.78515625
47,1,1,0.01,897.7729126268765,22.99176625162363,29.962858886075548,45.72283935546875,8778.78515625
47,1,2,0.01,1634.9897713360388,33.06446197891937,40.43500675573134,66.00590343045113,8778.78515625
47,1,3,0.01,2124.133620019859,40.18188404540221,46.0883241181523,175.575703125,8778.78515625
47,1,4,0.01,2095.4222812131206,41.751700568199155,45.77578269361563,438.9392578125,8778.78515625
47,1,5,0.01,1910.4717217508542,38.72174394130707,43.708943269665696,1463.130859375,8778.78515625
