epoch,startPos,prefixLength,learnRate,MSE,MAE,RMSE,meanLoss,totalLoss
134,1,mix,0.0009,404.88054145902436,12.626607582133335,20.12164360729571,12.498375340511924,3799.506103515625
134,1,1,0.0009,596.0783136730697,17.990455944719724,24.414715105302164,28.784137147845644,3799.506103515625
134,1,2,0.0009,341.62279592644734,8.480701425233358,18.48304076515678,34.540964577414776,3799.506103515625
134,1,3,0.0009,469.43218830275146,10.845786019833758,21.666383830781534,86.35241144353694,3799.506103515625
134,1,4,0.0009,354.1524934781654,8.375266147963703,18.81893975435825,199.97400544819078,3799.506103515625
