epoch,startPos,prefixLength,learnRate,MSE,MAE,RMSE,meanLoss,totalLoss
210,1,mix,0.00019999999999999982,405.05822728956866,12.630044817433893,20.1260584141448,12.498797768040708,3799.634521484375
210,1,1,0.00019999999999999982,596.2528586042821,17.94618864830949,24.41828942830112,28.785110011245266,3799.634521484375
210,1,2,0.00019999999999999982,340.22712533394315,8.401318900881702,18.445246686719674,34.54213201349432,3799.634521484375
210,1,3,0.00019999999999999982,469.26291320003145,10.841508206893923,21.662477079042265,86.3553300337358,3799.634521484375
210,1,4,0.00019999999999999982,349.21095749320415,8.17517954298528,18.68718698716327,199.98076428865133,3799.634521484375
