epoch,startPos,prefixLength,learnRate,MSE,MAE,RMSE,meanLoss,totalLoss
66,1,mix,0.009000000000000001,1035.3084021938791,25.939121414204035,32.17620863610067,22.194283887214468,8744.5478515625
66,1,1,0.009000000000000001,855.5160704789214,22.596433378135163,29.249206322205076,45.54452006022135,8744.5478515625
66,1,2,0.009000000000000001,1380.4848976574367,30.164701101534508,37.15487717187929,65.74848008693608,8744.5478515625
66,1,3,0.009000000000000001,1677.3121484243882,35.13057849307855,40.95500150682928,174.89095703125,8744.5478515625
66,1,4,0.009000000000000001,1922.2882785256297,39.95210584402084,43.84390811191025,437.227392578125,8744.5478515625
66,1,5,0.009000000000000001,1717.5511412595097,36.39518645405769,41.4433485768164,1457.4246419270833,8744.5478515625
