epoch,startPos,prefixLength,learnRate,MSE,MAE,RMSE,meanLoss,totalLoss
57,1,mix,0.007,161.63308845091572,4.025116502878234,12.713500243871305,4.294444966760481,691.4056396484375
57,1,1,0.007,181.57797871028657,4.487416194969727,13.475087335905714,5.198538643973214,691.4056396484375
57,1,2,0.007,52.94147336037649,1.6340420433403193,7.2760891528606555,24.693058558872767,691.4056396484375
57,1,3,0.007,26.562077466754516,1.4375946341710915,5.153841040113142,172.85140991210938,691.4056396484375
57,1,4,0.007,2.1322655296725717e-08,0.00014530357884723344,0.00014602279033330967,691.4056396484375,691.4056396484375
