epoch,startPos,prefixLength,learnRate,MSE,MAE,RMSE,meanLoss,totalLoss
64,1,mix,0.01,838.6055508147884,23.475973523024358,28.958686966345496,22.195995845260814,8723.0263671875
64,1,1,0.01,818.8616641254577,22.775749605769914,28.61575901711254,45.43242899576823,8723.0263671875
64,1,2,0.01,942.9661403304309,25.922334277454546,30.707753749345308,65.58666441494361,8723.0263671875
64,1,3,0.01,716.921876956024,22.117966528122242,26.775396858982763,174.46052734375,8723.0263671875
64,1,4,0.01,631.865962908307,19.70194125175476,25.136944183975643,436.151318359375,8723.0263671875
