epoch,startPos,prefixLength,learnRate,MSE,MAE,RMSE,meanLoss,totalLoss
64,1,mix,0.008,289.35202055528737,10.107823344990715,17.010350394841588,10.295268245308195,7474.36474609375
64,1,1,0.008,480.73257285748133,14.028659487026744,21.925614537738305,59.79491796875,7474.36474609375
64,1,2,0.008,333.8044771713863,9.569022526369533,18.270316832813442,53.00967905031028,7474.36474609375
64,1,3,0.008,350.47090269628575,9.917317886240781,18.72086810744325,74.7436474609375,7474.36474609375
64,1,4,0.008,344.3847904872158,9.953305537672714,18.557607348125885,95.82518905248398,7474.36474609375
