epoch,startPos,prefixLength,learnRate,MSE,MAE,RMSE,meanLoss,totalLoss
63,1,mix,0.009000000000000001,801.6056551115088,21.424025238269852,28.312641259895003,20.48331949382485,3420.71435546875
63,1,1,0.009000000000000001,735.5618329031482,21.032668157986233,27.121243203495453,24.60945579473921,3420.71435546875
63,1,2,0.009000000000000001,745.1067107060534,21.250192437320948,27.29664284680542,126.69312427662037,3420.71435546875
63,1,3,0.009000000000000001,572.4011891124203,18.34038081765175,23.92490729579574,1140.2381184895833,3420.71435546875
63,1,4,0.009000000000000001,306.00188652031835,14.857449799776077,17.492909607047032,3420.71435546875,3420.71435546875
