epoch,startPos,prefixLength,learnRate,MSE,MAE,RMSE,meanLoss,totalLoss
32,1,mix,0.01,392.3525408961627,12.348342732115844,19.807890874501574,12.61437147797131,3847.38330078125
32,1,1,0.01,458.18668601964174,17.597284036181758,21.40529574707254,28.927693990836467,3847.38330078125
32,1,2,0.01,355.09065733639653,8.683673642243125,18.843849323755393,34.97621182528409,3847.38330078125
32,1,3,0.01,416.7034022472075,9.977641647342931,20.413314337637765,89.47403025072674,3847.38330078125
32,1,4,0.01,230.81681026494516,6.005589296109974,15.192656458465226,202.49385793585526,3847.38330078125
