epoch,startPos,prefixLength,learnRate,MSE,MAE,RMSE,meanLoss,totalLoss
38,1,mix,0.008,388.5665359604837,12.371616635557363,19.712091110800085,12.570889632428278,3834.121337890625
38,1,1,0.008,627.3260033338802,17.570980654902417,25.04647686469856,28.827979984140036,3834.121337890625
38,1,2,0.008,350.7196083362638,8.462287698772602,18.727509400244973,34.85564852627841,3834.121337890625
38,1,3,0.008,442.23161610749594,10.20033833460713,21.029303747568438,89.1656125090843,3834.121337890625
38,1,4,0.008,298.03063578308917,7.188375656306744,17.26356382045982,201.79585988898026,3834.121337890625
38,1,5,0.008,118.44517835319175,3.516698044259101,10.883252195607328,766.824267578125,3834.121337890625
