epoch,startPos,prefixLength,learnRate,MSE,MAE,RMSE,meanLoss,totalLoss
41,1,mix,0.009000000000000001,298.4600061840813,10.136198620767171,17.275995085206564,10.344491165203168,7510.1005859375
41,1,1,0.009000000000000001,476.66144330903677,13.789963527407963,21.83257756906034,60.0808046875,7510.1005859375
41,1,2,0.009000000000000001,337.13459378702464,9.620407144500254,18.361225280112016,53.263124722960995,7510.1005859375
41,1,3,0.009000000000000001,347.59196780276943,9.90488167877309,18.643818487712473,75.101005859375,7510.1005859375
41,1,4,0.009000000000000001,336.88854055599325,9.818328437034506,18.354523708230438,96.28334084535257,7510.1005859375
