epoch,startPos,prefixLength,learnRate,MSE,MAE,RMSE,meanLoss,totalLoss
97,1,mix,0.004,383.95118552837727,12.323475189420083,19.594672376142892,12.585607989940767,3851.196044921875
97,1,1,0.004,626.9915085459793,17.309323104493547,25.03979849251945,28.956361240014097,3851.196044921875
97,1,2,0.004,399.93005449913824,10.758478058157143,19.99825128602844,34.69545986416104,3851.196044921875
97,1,3,0.004,429.11227377176095,10.14234647036276,20.715025314292063,89.56269871911337,3851.196044921875
97,1,4,0.004,234.642069622716,5.979490431956947,15.31803086635864,202.69452868009867,3851.196044921875
