epoch,startPos,prefixLength,learnRate,MSE,MAE,RMSE,meanLoss,totalLoss
115,1,mix,0.002,399.1295165861143,12.642469862696567,19.978226062043504,12.50394787397541,3813.7041015625
115,1,1,0.002,686.1970930854649,18.238335610593133,26.1953639616911,28.674466929041355,3813.7041015625
115,1,2,0.002,342.0725398180645,8.519508315767679,18.495203156982747,34.357694608671174,3813.7041015625
115,1,3,0.002,462.51370545404444,10.398857790214771,21.50613181058008,88.69079305959302,3813.7041015625
115,1,4,0.002,259.26901092675183,6.5273710988461975,16.101832533185526,200.72126850328948,3813.7041015625
