epoch,startPos,prefixLength,learnRate,MSE,MAE,RMSE,meanLoss,totalLoss
89,1,mix,0.005,387.8856487195115,12.346905278985536,19.694812736340285,12.610292328381147,3846.13916015625
89,1,1,0.005,443.6216277737363,17.45849884104203,21.06232721647198,28.918339550046994,3846.13916015625
89,1,2,0.005,354.7254135249219,8.688021384212854,18.834155503364677,34.96490145596591,3846.13916015625
89,1,3,0.005,408.45690945036984,9.762420719320124,20.21031690623306,89.44509674781976,3846.13916015625
89,1,4,0.005,230.83738058915773,6.004580836743116,15.193333425853515,202.42837685032896,3846.13916015625
