epoch,startPos,prefixLength,learnRate,MSE,MAE,RMSE,meanLoss,totalLoss
102,1,mix,0.008,886.0452787823225,24.575952516059683,29.766512707778222,22.27487128260178,8754.0244140625
102,1,1,0.008,900.6425044052579,24.594286103732884,30.010706496269925,45.59387715657552,8754.0244140625
102,1,2,0.008,862.8837304794362,24.575036577203058,29.374882646224073,65.81973243656014,8754.0244140625
102,1,3,0.008,759.0163278850749,22.14200088611016,27.550250958658705,175.08048828125,8754.0244140625
102,1,4,0.008,855.9315022415601,21.669417226314543,29.256307050643972,460.73812705592104,8754.0244140625
