epoch,startPos,prefixLength,learnRate,MSE,MAE,RMSE,meanLoss,totalLoss
43,1,mix,0.009000000000000001,421.6412025309032,12.517676454870717,20.53390373336018,12.683243948514344,3868.389404296875
43,1,1,0.009000000000000001,724.8766608564159,18.334328131558483,26.923533587856106,29.305980335582387,3868.389404296875
43,1,2,0.009000000000000001,326.2069988795992,7.910303140558036,18.06120147940328,35.167176402698864,3868.389404296875
43,1,3,0.009000000000000001,432.0540657115065,9.878450487317009,20.785910269014117,89.96254428597383,3868.389404296875
43,1,4,0.009000000000000001,288.5674812735686,7.318733234144747,16.987274097793577,203.59944233141448,3868.389404296875
43,1,5,0.009000000000000001,276.7462169578685,9.037510621827096,16.635691057418338,644.7315673828125,3868.389404296875
