epoch,startPos,prefixLength,learnRate,MSE,MAE,RMSE,meanLoss,totalLoss
86,1,mix,0.008,1093.3812160591362,26.63863565210177,33.06631542913628,22.1249900856599,8717.24609375
86,1,1,0.008,844.6185071239015,22.460222989320755,29.06232108975299,45.402323404947914,8717.24609375
86,1,2,0.008,1401.8698988248857,30.360216366894104,37.44155310380281,65.54320371240601,8717.24609375
86,1,3,0.008,1674.9834357467605,34.99463301400343,40.9265614943005,174.344921875,8717.24609375
86,1,4,0.008,1947.177032690154,40.17474211454392,44.12682894442058,435.8623046875,8717.24609375
86,1,5,0.008,1803.708378923487,37.189155489206314,42.47008804939645,1452.8743489583333,8717.24609375
