epoch,startPos,prefixLength,learnRate,MSE,MAE,RMSE,meanLoss,totalLoss
58,1,mix,0.007,404.4278806061471,12.628267907531473,20.110392353361657,12.501195004111842,3800.36328125
58,1,1,0.007,599.4832568908101,17.987603629293986,24.48434718122601,28.790630918560606,3800.36328125
58,1,2,0.007,356.54205821904856,9.04015238942728,18.88232131436833,34.548757102272724,3800.36328125
58,1,3,0.007,471.36975640167236,10.906724963476881,21.711051480793657,86.37189275568181,3800.36328125
58,1,4,0.007,354.2130264746578,8.387102411780507,18.82054798550398,200.01912006578948,3800.36328125
