epoch,startPos,prefixLength,learnRate,MSE,MAE,RMSE,meanLoss,totalLoss
135,1,mix,0.0009,403.19866783348783,12.615109016852719,20.07980746505025,12.512663294057377,3816.3623046875
135,1,1,0.0009,701.0163279569274,18.494703120757443,26.476712937162866,28.694453418703006,3816.3623046875
135,1,2,0.0009,303.40495188498664,9.706012307666242,17.418523240647776,34.69420276988637,3816.3623046875
135,1,3,0.0009,440.51469740712696,10.242057297886772,20.988441995706278,88.75261173691861,3816.3623046875
135,1,4,0.0009,315.77148283612377,7.769895335845649,17.76996012477585,200.86117393092104,3816.3623046875
