epoch,startPos,prefixLength,learnRate,MSE,MAE,RMSE,meanLoss,totalLoss
19,1,mix,0.01,390.2591544572906,12.366122485965638,19.754977966509873,12.573560771004098,3834.93603515625
19,1,1,0.01,627.8993413370501,17.569948627161935,25.057919732831976,28.8341055274906,3834.93603515625
19,1,2,0.01,346.1188334111588,8.417127722159162,18.60426922539982,34.86305486505682,3834.93603515625
19,1,3,0.01,442.105777781757,10.202785682822155,21.026311559133642,89.18455895712209,3834.93603515625
19,1,4,0.01,297.8200559691466,7.195290428958833,17.25746377568693,201.83873869243422,3834.93603515625
19,1,5,0.01,118.3680291889244,3.5230005220510066,10.879707219816368,766.98720703125,3834.93603515625
