epoch,startPos,prefixLength,learnRate,MSE,MAE,RMSE,meanLoss,totalLoss
108,1,mix,0.003,387.95289125066546,12.346759805235228,19.69651977509391,12.613108350409837,3846.998046875
108,1,1,0.003,446.2643834646319,17.530678806169067,21.12497061452706,28.924797344924812,3846.998046875
108,1,2,0.003,356.7948556322262,8.70817722549795,18.88901415194097,34.97270951704545,3846.998046875
108,1,3,0.003,407.25885861221633,9.778596788983453,20.180655554570478,89.46507085755815,3846.998046875
108,1,4,0.003,230.86059878858663,6.0033839777112,15.194097498324362,202.47358141447367,3846.998046875
