epoch,startPos,prefixLength,learnRate,MSE,MAE,RMSE,meanLoss,totalLoss
24,1,mix,0.01,413.53640842567455,12.509539629197924,20.33559461696841,12.708149494108607,3875.985595703125
24,1,1,0.01,734.2863116786311,18.409411475459553,27.097717831556057,29.363527240175188,3875.985595703125
24,1,2,0.01,329.07370142350527,8.001603433064052,18.140388678953528,35.23623268821023,3875.985595703125
24,1,3,0.01,432.8056888863617,9.885880627415396,20.80398252466007,90.13919990007267,3875.985595703125
24,1,4,0.01,270.18245796063536,7.077842291817069,16.43722780643486,203.99924187911185,3875.985595703125
24,1,5,0.01,321.57205069245737,10.819479396566749,17.932430139065296,645.9975992838541,3875.985595703125
