epoch,startPos,prefixLength,learnRate,MSE,MAE,RMSE,meanLoss,totalLoss
39,1,mix,0.009000000000000001,399.0029094121388,12.493009305244627,19.97505718169885,12.545753880550986,3813.9091796875
39,1,1,0.009000000000000001,520.9262744861818,17.168076960561688,22.823809377187274,28.676008869830827,3813.9091796875
39,1,2,0.009000000000000001,363.6229587964545,8.627629545550528,19.068900303805002,34.67190163352273,3813.9091796875
39,1,3,0.009000000000000001,480.18218353589214,11.078137094154954,21.91305965710613,88.69556231831395,3813.9091796875
39,1,4,0.009000000000000001,252.4256233189506,6.529489932581782,15.887908085048535,200.73206208881578,3813.9091796875
