epoch,startPos,prefixLength,learnRate,MSE,MAE,RMSE,meanLoss,totalLoss
57,1,mix,0.007,162.11854386023307,4.0848912458983895,12.73257805239116,4.268897247314453,683.0235595703125
57,1,1,0.007,186.86048747542216,4.650079980124894,13.66969229629629,5.135515485491071,683.0235595703125
57,1,2,0.007,63.1740747581301,1.6948668399843752,7.948212047884109,25.297168872974538,683.0235595703125
57,1,3,0.007,2.594175867008477,0.313181860135046,1.610644550175015,170.75588989257812,683.0235595703125
57,1,4,0.007,0.7040733222356546,0.7038029601435483,0.8390907711539047,683.0235595703125,683.0235595703125
