epoch,startPos,prefixLength,learnRate,MSE,MAE,RMSE,meanLoss,totalLoss
96,1,mix,0.004,398.23236241405664,12.48384716539559,19.955760131201632,12.539024754574424,3811.863525390625
96,1,1,0.004,480.5901144477092,17.12301281571169,21.922365621613675,28.660628010455827,3811.863525390625
96,1,2,0.004,364.5159975150485,8.693239300312209,19.092302048601905,34.65330477627841,3811.863525390625
96,1,3,0.004,488.19789924273033,11.281494150700217,22.095200819244216,88.64798896257267,3811.863525390625
96,1,4,0.004,252.2986728870635,6.528133101016283,15.883912392325245,200.62439607319078,3811.863525390625
