epoch,startPos,prefixLength,learnRate,MSE,MAE,RMSE,meanLoss,totalLoss
77,1,mix,0.009000000000000001,855.1101681032757,24.356328332363958,29.242266808564544,22.404500636132315,8804.96875
77,1,1,0.009000000000000001,860.5980294132866,23.936127157260973,29.33595114212741,45.859212239583336,8804.96875
77,1,2,0.009000000000000001,860.4865395659045,24.583515304507632,29.33405085503713,66.20277255639098,8804.96875
77,1,3,0.009000000000000001,756.5779736800645,21.84174800836123,27.505962511427672,176.099375,8804.96875
77,1,4,0.009000000000000001,821.991094078841,21.175705337524413,28.670387058406465,463.4194078947368,8804.96875
