epoch,startPos,prefixLength,learnRate,MSE,MAE,RMSE,meanLoss,totalLoss
121,1,mix,0.007,816.8763225341149,23.24682855064219,28.58104831062211,22.076365696564885,8676.01171875
121,1,1,0.007,813.4278550833113,22.680749299625557,28.520656638361455,45.18756103515625,8676.01171875
121,1,2,0.007,956.7990900241164,26.190711492124727,30.93216917747794,65.23317081766918,8676.01171875
121,1,3,0.007,691.6918403560596,21.747644092027958,26.300034987734517,173.520234375,8676.01171875
121,1,4,0.007,645.9852634049679,20.072464084625246,25.416240150836,433.8005859375,8676.01171875
