epoch,startPos,prefixLength,learnRate,MSE,MAE,RMSE,meanLoss,totalLoss
59,1,mix,0.007,387.3776067840501,12.349079145615299,19.68191064871625,12.586267807904411,3851.39794921875
59,1,1,0.007,622.606379291953,17.323276384733617,24.95208166249768,28.95787931743421,3851.39794921875
59,1,2,0.007,400.46365361209564,10.705752307204184,20.011587983268484,34.69727882179054,3851.39794921875
59,1,3,0.007,435.7048039200045,10.310509356839413,20.87354315682904,89.56739416787791,3851.39794921875
59,1,4,0.007,234.74454596960578,5.988812709599733,15.321375459455519,202.70515522203948,3851.39794921875
