epoch,startPos,prefixLength,learnRate,MSE,MAE,RMSE,meanLoss,totalLoss
39,1,mix,0.008,400.48991651385165,12.641432325858133,20.012244164856966,12.509988953637295,3815.546630859375
39,1,1,0.008,659.2464956370239,18.15729393203263,25.67579591048784,28.688320532777254,3815.546630859375
39,1,2,0.008,342.02129135644077,8.528420464411655,18.493817652297775,34.37429397170608,3815.546630859375
39,1,3,0.008,462.59063475357783,10.400421199473469,21.50792027959881,88.733642578125,3815.546630859375
39,1,4,0.008,259.2628755358341,6.510855451598763,16.10164201365296,200.81824372944078,3815.546630859375
