epoch,startPos,prefixLength,learnRate,MSE,MAE,RMSE,meanLoss,totalLoss
62,1,mix,0.008,417.05817894505196,12.548656813487852,20.422002324577576,12.679304879610656,3867.18798828125
62,1,1,0.008,715.6038624908552,18.32035455598003,26.75077311949797,29.29687869910038,3867.18798828125
62,1,2,0.008,329.280611302756,7.978629337274469,18.146090799474027,35.156254438920456,3867.18798828125
62,1,3,0.008,432.22734609748005,9.874053697186438,20.790078068575887,89.93460437863372,3867.18798828125
62,1,4,0.008,307.62556951264776,7.922009623236955,17.539257952166842,203.53620990953948,3867.18798828125
62,1,5,0.008,325.6114237655465,10.986902562901378,18.044706253235226,644.5313313802084,3867.18798828125
