epoch,startPos,prefixLength,learnRate,MSE,MAE,RMSE,meanLoss,totalLoss
173,1,mix,0.0006999999999999999,383.95108170253667,12.325159450943271,19.59466972680419,12.58444552951389,3850.84033203125
173,1,1,0.0006999999999999999,628.0187019509721,17.38857570505052,25.06030131404992,28.95368670700188,3850.84033203125
173,1,2,0.0006999999999999999,404.0135220297136,10.859891156631488,20.100087612488498,34.69225524352478,3850.84033203125
173,1,3,0.0006999999999999999,433.6475983374678,10.251470461911099,20.82420702781904,89.55442632630815,3850.84033203125
173,1,4,0.0006999999999999999,234.65611436430376,5.980955505743623,15.318489297718093,202.67580694901315,3850.84033203125
