epoch,startPos,prefixLength,learnRate,MSE,MAE,RMSE,meanLoss,totalLoss
19,1,mix,0.01,165.77745101069502,4.077273300478555,12.875459254360406,4.2764092676387815,688.5018920898438
19,1,1,0.01,180.26265490306622,4.431542607950498,13.426192867044113,5.215923424923059,688.5018920898438
19,1,2,0.01,75.51090030921502,1.9457289364072494,8.689700818164859,24.58935328892299,688.5018920898438
19,1,3,0.01,74.96679092094044,2.0948099882225506,8.658336498481706,172.12547302246094,688.5018920898438
19,1,4,0.01,3.919864433746874e-06,0.0019797176064457744,0.0019798647513774455,688.5018920898438,688.5018920898438
