epoch,startPos,prefixLength,learnRate,MSE,MAE,RMSE,meanLoss,totalLoss
51,1,mix,0.008,387.7629424579743,12.351187284104526,19.691697297540767,12.6119140625,3846.6337890625
51,1,1,0.008,442.3866376982342,17.47374727694756,21.032989271576074,28.9220585643797,3846.6337890625
51,1,2,0.008,353.04813059014776,8.644615342541199,18.789575050813358,34.96939808238636,3846.6337890625
51,1,3,0.008,409.661093080962,9.871841599741442,20.240086291341793,89.45659974563954,3846.6337890625
51,1,4,0.008,230.67934805084718,6.012750523164868,15.188131815692381,202.4544099506579,3846.6337890625
