epoch,startPos,prefixLength,learnRate,MSE,MAE,RMSE,meanLoss,totalLoss
57,1,mix,0.007,165.76428136144034,4.078358831132027,12.874947819756022,4.27558017517469,688.368408203125
57,1,1,0.007,180.88064901746407,4.44808941845194,13.44918767128573,5.214912183357008,688.368408203125
57,1,2,0.007,75.5038963407361,1.9457690105295373,8.689297804813465,24.584586007254465,688.368408203125
57,1,3,0.007,85.42895894636965,2.3135894543847826,9.242778745938347,172.09210205078125,688.368408203125
57,1,4,0.007,3.180868346311479e-06,0.0017832627272582613,0.001783498905609835,688.368408203125,688.368408203125
