epoch,startPos,prefixLength,learnRate,MSE,MAE,RMSE,meanLoss,totalLoss
19,1,mix,0.01,172.1505725091962,4.3685941693097,13.12061631590514,4.196824264526367,671.4918823242188
19,1,1,0.01,200.01692194890214,4.976390450290249,14.14273389231736,5.087059714577415,671.4918823242188
19,1,2,0.01,69.45645490528786,2.1140600340505182,8.334053929828379,24.870069715711807,671.4918823242188
19,1,3,0.01,1.9841805528649106,0.23462763411907872,1.4086094394348316,223.83062744140625,671.4918823242188
19,1,4,0.01,1.1725121577679972e-07,0.00032332502041754196,0.00034241964864300606,671.4918823242188,671.4918823242188
