epoch,startPos,prefixLength,learnRate,MSE,MAE,RMSE,meanLoss,totalLoss
57,1,mix,0.007,166.1347579655249,4.198111655998153,12.889327289099494,4.244494247436523,679.1190795898438
57,1,1,0.007,192.11109544527312,4.753457038133202,13.860414692399111,5.10615849315672,679.1190795898438
57,1,2,0.007,77.02414342544773,2.1987104844031364,8.776339978911922,25.152558503327548,679.1190795898438
57,1,3,0.007,45.56222546744044,1.7812859637799079,6.749979664224215,226.3730265299479,679.1190795898438
57,1,4,0.007,0.09373415324360428,0.09381933432484857,0.3061603391094351,679.1190795898438,679.1190795898438
