epoch,startPos,prefixLength,learnRate,MSE,MAE,RMSE,meanLoss,totalLoss
211,1,mix,0.0002999999999999998,384.2689179005997,12.327873430661857,19.60277832095746,12.58520348243464,3851.072265625
211,1,1,0.0002999999999999998,626.7237152353241,17.313301609546848,25.034450567873947,28.95543056860902,3851.072265625
211,1,2,0.0002999999999999998,402.7984753935696,10.83966170516969,20.06983994439342,34.69434473536036,3851.072265625
211,1,3,0.0002999999999999998,431.624352884558,10.196312971328469,20.775571060371796,89.55982013081395,3851.072265625
211,1,4,0.0002999999999999998,234.63007045368377,5.978850790672004,15.317639193220467,202.68801398026315,3851.072265625
