epoch,startPos,prefixLength,learnRate,MSE,MAE,RMSE,meanLoss,totalLoss
77,1,mix,0.005,404.67764721761245,12.629814227692203,20.116601283954815,12.500860113846628,3800.261474609375
77,1,1,0.005,600.8061861075658,17.9869136786554,24.51134810873457,28.78985965613163,3800.261474609375
77,1,2,0.005,354.99608800936545,8.949925556837115,18.841339867678347,34.547831587357955,3800.261474609375
77,1,3,0.005,473.105919592965,10.922447423200357,21.750998128659866,86.36957896839489,3800.261474609375
77,1,4,0.005,354.13814375171546,8.378777770744637,18.818558492927014,200.01376182154604,3800.261474609375
