epoch,startPos,prefixLength,learnRate,MSE,MAE,RMSE,meanLoss,totalLoss
146,1,mix,0.0009,388.0147945937334,12.348342913754383,19.698091140862697,12.61213819159836,3846.7021484375
146,1,1,0.0009,450.7602739444221,17.628317758084876,21.231115701828344,28.922572544642858,3846.7021484375
146,1,2,0.0009,350.7008095505562,8.63161206917305,18.72700749053506,34.97001953125,3846.7021484375
146,1,3,0.0009,406.09593675673653,9.757141925309869,20.15182216963857,89.45818949854652,3846.7021484375
146,1,4,0.0009,230.86609657449358,6.003164285980165,15.194278415722597,202.4580078125,3846.7021484375
