epoch,startPos,prefixLength,learnRate,MSE,MAE,RMSE,meanLoss,totalLoss
115,1,mix,0.002,398.1374825347001,12.488335800103165,19.953382734130575,12.53544134842722,3810.774169921875
115,1,1,0.002,470.1245950779722,17.144626512904377,21.682356769455946,28.652437367833645,3810.774169921875
115,1,2,0.002,364.16748017226564,8.671072968547898,19.08317269670496,34.64340154474432,3810.774169921875
115,1,3,0.002,474.8600255320369,11.04404816403985,21.791283246565285,88.6226551144622,3810.774169921875
115,1,4,0.002,252.36181579124906,6.525389127247036,15.885899904986468,200.56706157483552,3810.774169921875
