epoch,startPos,prefixLength,learnRate,MSE,MAE,RMSE,meanLoss,totalLoss
33,1,mix,0.01,305.3947792214382,9.801945946070923,17.47554803779951,9.798963477574482,7564.7998046875
33,1,1,0.01,450.3010576034553,13.872258769045043,21.22029824492237,43.98139421329942,7564.7998046875
33,1,2,0.01,443.32725059902884,13.535792721089507,21.05533781726213,53.273238061179576,7564.7998046875
33,1,3,0.01,422.78750636468254,12.911585469766019,20.561797255217808,76.41211923926768,7564.7998046875
33,1,4,0.01,392.93520622285865,12.2169617167674,19.82259332738425,96.98461288060898,7564.7998046875
