epoch,startPos,prefixLength,learnRate,MSE,MAE,RMSE,meanLoss,totalLoss
172,1,mix,0.0005999999999999998,404.92260493275967,12.62907520846113,20.12268880971824,12.499371980365954,3799.80908203125
172,1,1,0.0005999999999999998,598.2244423990547,18.013601443307873,24.458627156875643,28.786432439630683,3799.80908203125
172,1,2,0.0005999999999999998,341.531761235195,8.468793234802433,18.480577946460304,34.54371892755682,3799.80908203125
172,1,3,0.0005999999999999998,469.3120290128604,10.842504578328226,21.663610710425452,86.35929731889205,3799.80908203125
172,1,4,0.0005999999999999998,360.7719267032549,8.66893531519454,18.993997122861078,199.98995168585526,3799.80908203125
