epoch,startPos,prefixLength,learnRate,MSE,MAE,RMSE,meanLoss,totalLoss
40,1,mix,0.009000000000000001,427.3843213143668,12.889167828146707,20.67327553423421,12.599305805407072,3830.18896484375
40,1,1,0.009000000000000001,699.242293696587,18.51368104195332,26.443189930426076,28.79841326950188,3830.18896484375
40,1,2,0.009000000000000001,357.6750433703814,8.874681802466512,18.912298733109665,34.819899680397725,3830.18896484375
40,1,3,0.009000000000000001,396.243703975091,9.436706420344612,19.905871093099417,91.19497535342262,3830.18896484375
40,1,4,0.009000000000000001,314.87876598094937,7.921525710821152,17.74482363904892,201.58889288651315,3830.18896484375
40,1,5,0.009000000000000001,491.5975133860856,12.321677638217807,22.171998407588017,766.03779296875,3830.18896484375
