epoch,startPos,prefixLength,learnRate,MSE,MAE,RMSE,meanLoss,totalLoss
40,1,mix,0.008,403.5496116284383,12.621442577299698,20.088544288435592,12.519143026383198,3818.338623046875
40,1,1,0.008,714.7567079626028,18.639884667197133,26.734934224018634,28.70931295523966,3818.338623046875
40,1,2,0.008,300.64408445189446,9.909777529870293,17.339091223356963,34.71216930042613,3818.338623046875
40,1,3,0.008,450.4637505892228,10.446207470345227,21.22413132708198,88.79857262899709,3818.338623046875
40,1,4,0.008,315.8807144445951,7.774567747302354,17.773033349560652,200.96519068667763,3818.338623046875
