epoch,startPos,prefixLength,learnRate,MSE,MAE,RMSE,meanLoss,totalLoss
77,1,mix,0.005,399.8693440105056,12.644982535379791,19.996733333484887,12.506295626280737,3814.420166015625
77,1,1,0.005,685.9694857406897,18.23236205239752,26.191019181022522,28.679850872297934,3814.420166015625
77,1,2,0.005,343.57296414634936,8.553556859527749,18.535721300946165,34.3641456397804,3814.420166015625
77,1,3,0.005,462.68780834911377,10.403053251857107,21.510179179846777,88.70744572129361,3814.420166015625
77,1,4,0.005,259.32548558660596,6.518813322111964,16.10358610951629,200.75895610608552,3814.420166015625
