epoch,startPos,prefixLength,learnRate,MSE,MAE,RMSE,meanLoss,totalLoss
21,1,mix,0.01,385.1231074357765,12.324863971111675,19.624553687556222,12.59692223243464,3854.658203125
21,1,1,0.01,609.8973486969927,17.277344645847652,24.696099868136926,28.98239250469925,3854.658203125
21,1,2,0.01,389.3937417806141,10.271474167152688,19.7330621491094,34.7266504786036,3854.658203125
21,1,3,0.01,450.80970931222686,10.735924705185674,21.232279889645078,89.6432140261628,3854.658203125
21,1,4,0.01,234.22906726652664,6.005371502414346,15.304544007141365,202.87674753289474,3854.658203125
