epoch,startPos,prefixLength,learnRate,MSE,MAE,RMSE,meanLoss,totalLoss
192,1,mix,0.0003999999999999998,403.1974683157521,12.61315441291247,20.079777596272127,12.512186219262295,3816.216796875
192,1,1,0.0003999999999999998,704.3807800422846,18.51965386761517,26.540172946728976,28.693359375,3816.216796875
192,1,2,0.0003999999999999998,307.3533532918126,9.759091747059886,17.531496036899206,34.69287997159091,3816.216796875
192,1,3,0.0003999999999999998,450.8877541895945,10.471874300729144,21.234117692750846,88.74922783430233,3816.216796875
192,1,4,0.0003999999999999998,315.791184601992,7.7689384125173095,17.77051447206839,200.853515625,3816.216796875
