epoch,startPos,prefixLength,learnRate,MSE,MAE,RMSE,meanLoss,totalLoss
203,1,mix,0.0003999999999999998,387.8840546960656,12.346338497866926,19.69477226819507,12.61139696465164,3846.47607421875
203,1,1,0.0003999999999999998,443.4083610712194,17.48484918924377,21.057263855288024,28.920872738486842,3846.47607421875
203,1,2,0.0003999999999999998,357.5459665114984,8.731010190843206,18.908885914074855,34.96796431107955,3846.47607421875
203,1,3,0.0003999999999999998,419.4165063080029,10.096614236012101,20.479660795726158,89.45293195857558,3846.47607421875
203,1,4,0.0003999999999999998,230.8649663396439,6.0031589102,15.19424122289902,202.4461091694079,3846.47607421875
