epoch,startPos,prefixLength,learnRate,MSE,MAE,RMSE,meanLoss,totalLoss
39,1,mix,0.009000000000000001,409.0005104158435,12.536748994958236,20.223761035372316,12.598224037571958,3829.860107421875
39,1,1,0.009000000000000001,664.8291020677474,18.544147771472733,25.784280134759385,28.79594065730733,3829.860107421875
39,1,2,0.009000000000000001,339.7577357525065,9.970305643638532,18.43251843217596,35.13633126075115,3829.860107421875
39,1,3,0.009000000000000001,445.4890625743647,10.527117355811326,21.10661182128398,89.06651412609011,3829.860107421875
39,1,4,0.009000000000000001,292.3388374183782,7.159003410674631,17.097919096146708,201.57158460115133,3829.860107421875
39,1,5,0.009000000000000001,367.79150917055193,11.549349284730852,19.177891155456898,638.3100179036459,3829.860107421875
