epoch,startPos,prefixLength,learnRate,MSE,MAE,RMSE,meanLoss,totalLoss
19,1,mix,0.01,396.84334805953415,12.527106637655237,19.920927389545252,12.551768252724095,3815.737548828125
19,1,1,0.01,696.7251650680474,18.116534622892846,26.395551994001707,28.689756006226503,3815.737548828125
19,1,2,0.01,355.0312687404016,8.73004527253631,18.842273449358533,34.688523171164775,3815.737548828125
19,1,3,0.01,497.91325404207697,11.39208796188574,22.31396993011501,88.73808253088663,3815.737548828125
19,1,4,0.01,302.067283654271,7.5740592949092385,17.38008295878564,200.82829204358552,3815.737548828125
19,1,5,0.01,100.3265006493655,2.8680231287144125,10.016311728843382,763.147509765625,3815.737548828125
