epoch,startPos,prefixLength,learnRate,MSE,MAE,RMSE,meanLoss,totalLoss
211,1,mix,0.00019999999999999982,403.1387920627396,12.615624734212632,20.078316464851817,12.512928246670082,3816.443115234375
211,1,1,0.00019999999999999982,706.4800855112009,18.56409438736463,26.57969310415756,28.695061016799812,3816.443115234375
211,1,2,0.00019999999999999982,308.3687313816029,9.772954029796113,17.560430842710065,34.69493741122159,3816.443115234375
211,1,3,0.00019999999999999982,444.7082462755528,10.277153108268976,21.088106749434687,88.7544910519622,3816.443115234375
211,1,4,0.00019999999999999982,315.8039658615956,7.769208869151771,17.770874088282646,200.86542711759867,3816.443115234375
