epoch,startPos,prefixLength,learnRate,MSE,MAE,RMSE,meanLoss,totalLoss
20,1,mix,0.01,404.28714503848835,12.628817990996765,20.106892973268852,12.503233257092928,3800.98291015625
20,1,1,0.01,591.8405462839954,17.955571253823916,24.327773146837657,28.79532507694129,3800.98291015625
20,1,2,0.01,346.18136520481465,8.396992437882416,18.605949725956336,34.55439009232955,3800.98291015625
20,1,3,0.01,466.14554530721836,10.900629964377732,21.59040400981923,86.38597523082386,3800.98291015625
20,1,4,0.01,351.03683323421444,8.254464222956448,18.735976975706777,200.05173211348685,3800.98291015625
