epoch,startPos,prefixLength,learnRate,MSE,MAE,RMSE,meanLoss,totalLoss
63,1,mix,0.009000000000000001,884.9586227108955,25.10073077181975,29.748254111979335,20.38507409010105,3404.307373046875
63,1,1,0.009000000000000001,940.9230796469195,26.178864531857627,30.674469508810084,24.49141994997752,3404.307373046875
63,1,2,0.009000000000000001,677.2328410186261,21.26063279594694,26.023697681509944,121.58240618024554,3404.307373046875
63,1,3,0.009000000000000001,734.8938775089946,22.753166913986206,27.10892615927445,851.0768432617188,3404.307373046875
63,1,4,0.009000000000000001,449.9841825009926,19.024711847305298,21.21283061029321,3404.307373046875,3404.307373046875
