epoch,startPos,prefixLength,learnRate,MSE,MAE,RMSE,meanLoss,totalLoss
83,1,mix,0.007,289.524525937401,10.079448349024663,17.015420239811917,10.265380186811294,7452.666015625
83,1,1,0.007,486.0358526510723,14.161809347118833,22.04622082469175,59.621328125,7452.666015625
83,1,2,0.007,334.4051327407585,9.562981687343886,18.28674746204908,52.85578734485816,7452.666015625
83,1,3,0.007,351.8119266095013,9.940684141162784,18.756650196916862,74.52666015625,7452.666015625
83,1,4,0.007,342.2164922371827,9.907111612590962,18.49909436262172,95.54700020032051,7452.666015625
