epoch,startPos,prefixLength,learnRate,MSE,MAE,RMSE,meanLoss,totalLoss
121,1,mix,0.007,867.7472913045187,24.421058236047475,29.45755066709584,22.26373151240458,8749.646484375
121,1,1,0.007,876.119080761122,23.944365804083645,29.59930878857008,45.571075439453125,8749.646484375
121,1,2,0.007,876.898249579013,24.704409886490215,29.612467806297623,65.78681567199249,8749.646484375
121,1,3,0.007,786.8057237357854,22.117603132357964,28.050057464037135,174.9929296875,8749.646484375
121,1,4,0.007,839.2060081176284,21.247359728813173,28.96905259268291,460.50770970394734,8749.646484375
