epoch,startPos,prefixLength,learnRate,MSE,MAE,RMSE,meanLoss,totalLoss
39,1,mix,0.009000000000000001,394.8590489306167,12.408026200549847,19.871060588972515,12.5557716771176,3816.95458984375
39,1,1,0.009000000000000001,650.2926506734457,17.901118881802894,25.500836274001795,28.698906690554512,3816.95458984375
39,1,2,0.009000000000000001,348.824982458956,8.875044667028956,18.67685686776434,34.69958718039773,3816.95458984375
39,1,3,0.009000000000000001,562.7731364014847,12.91652346258475,23.722839973356578,88.76638581031976,3816.95458984375
39,1,4,0.009000000000000001,190.18681527135894,5.12407273442174,13.790823589306004,212.05303276909723,3816.95458984375
39,1,5,0.009000000000000001,158.75480443477463,6.601596788968891,12.599793825089941,763.39091796875,3816.95458984375
