epoch,startPos,prefixLength,learnRate,MSE,MAE,RMSE,meanLoss,totalLoss
38,1,mix,0.008,165.78879936253048,4.078079014310243,12.87589994379152,4.275897482167119,688.4194946289062
38,1,1,0.008,182.7046426649678,4.470700879109084,13.516828128853595,5.215299201734139,688.4194946289062
38,1,2,0.008,75.51742905052667,1.9458548704309837,8.690076469774398,24.586410522460938,688.4194946289062
38,1,3,0.008,53.801307336419775,1.5483151184016606,7.334937445978648,172.10487365722656,688.4194946289062
38,1,4,0.008,1.151611018343411e-06,0.0010529140345170163,0.0010731314077704608,688.4194946289062,688.4194946289062
