epoch,startPos,prefixLength,learnRate,MSE,MAE,RMSE,meanLoss,totalLoss
19,3,mix,0.01,376.3269633537319,8.863901050371009,19.39914852135866,9.416529799952652,621.490966796875
19,3,3,0.01,459.6525480691493,10.533432406955399,21.43950904449888,14.453278297601743,621.490966796875
19,3,4,0.01,333.56054820127025,8.30708184307441,18.263640058905843,32.710050884046055,621.490966796875
19,3,5,0.01,52.92423080043044,1.79044274444459,7.2749041780926875,103.58182779947917,621.490966796875
