epoch,startPos,prefixLength,learnRate,MSE,MAE,RMSE,meanLoss,totalLoss
165,1,mix,0.0006999999999999999,388.0701108769861,12.347873571034716,19.699495193455746,12.612144595286885,3846.7041015625
165,1,1,0.0006999999999999999,445.15711874183825,17.52508602340651,21.09874685240425,28.922587229793233,3846.7041015625
165,1,2,0.0006999999999999999,359.7416227086709,8.740341660433582,18.966855899401747,34.97003728693182,3846.7041015625
165,1,3,0.0006999999999999999,409.61149709560925,9.858134094033051,20.23886106221418,89.45823492005815,3846.7041015625
165,1,4,0.0006999999999999999,230.86778255130093,6.0033046890050175,15.194333896268732,202.45811060855263,3846.7041015625
