epoch,startPos,prefixLength,learnRate,MSE,MAE,RMSE,meanLoss,totalLoss
39,1,mix,0.008,404.43304204176815,12.625598730549651,20.110520680523617,12.502483970240542,3800.755126953125
39,1,1,0.008,607.5555439162177,18.002175954982107,24.648641827009815,28.793599446614582,3800.755126953125
39,1,2,0.008,352.6294247292858,8.855261426394074,18.778429772728224,34.5523193359375,3800.755126953125
39,1,3,0.008,468.63246352699855,10.86409148403909,21.647920535862067,86.38079833984375,3800.755126953125
39,1,4,0.008,354.15455234506476,8.374230613140389,18.818994456268506,200.03974352384867,3800.755126953125
