epoch,startPos,prefixLength,learnRate,MSE,MAE,RMSE,meanLoss,totalLoss
40,1,mix,0.009000000000000001,410.9230093852013,12.514137749770708,20.271236010297972,12.6540671900699,3846.83642578125
40,1,1,0.009000000000000001,770.8994569358651,18.943784368277512,27.765076209797538,29.1427001953125,3846.83642578125
40,1,2,0.009000000000000001,321.5764290552946,7.956783822267815,17.93255221811147,34.971240234375,3846.83642578125
40,1,3,0.009000000000000001,467.5636812367005,10.629035939986352,21.62322088026436,89.46131222747093,3846.83642578125
40,1,4,0.009000000000000001,305.3026639558468,7.661467322683893,17.472912291768846,202.4650750411184,3846.83642578125
40,1,5,0.009000000000000001,111.87379573726842,3.1522107908385806,10.577040972657166,641.139404296875,3846.83642578125
