epoch,startPos,prefixLength,learnRate,MSE,MAE,RMSE,meanLoss,totalLoss
230,1,mix,0.00019999999999999982,384.37971770181935,12.327451971011858,19.60560424220124,12.58609068627451,3851.34375
230,1,1,0.00019999999999999982,628.3040300618919,17.395819587915234,25.065993498401212,28.95747180451128,3851.34375
230,1,2,0.00019999999999999982,403.3626527825494,10.859378959310966,20.08389037966871,34.69679054054054,3851.34375
230,1,3,0.00019999999999999982,430.46533998933387,10.153636331077326,20.747658662830702,89.56613372093024,3851.34375
230,1,4,0.00019999999999999982,234.62897565596435,5.97871186863631,15.317603456675732,202.70230263157896,3851.34375
