epoch,startPos,prefixLength,learnRate,MSE,MAE,RMSE,meanLoss,totalLoss
38,1,mix,0.008,167.96377882539466,4.17755088942014,12.9600840593491,4.236371612548828,677.8194580078125
38,1,1,0.008,192.75163086557782,4.7073231557619835,13.883502110979702,5.0963869023143795,677.8194580078125
38,1,2,0.008,86.78576782304002,2.597094535530362,9.315887924564143,25.10442437065972,677.8194580078125
38,1,3,0.008,2.9698726363808987,0.4700941589399008,1.7233318416314656,225.9398193359375,677.8194580078125
38,1,4,0.008,1.8524750751014152e-06,0.0013571083472925238,0.001361056602460535,677.8194580078125,677.8194580078125
