epoch,startPos,prefixLength,learnRate,MSE,MAE,RMSE,meanLoss,totalLoss
20,1,mix,0.01,429.9726571042502,12.621415469577753,20.735782047085905,12.689759103875412,3857.686767578125
20,1,1,0.01,666.2913594281031,18.668636717325583,25.81262015813395,29.00516366600094,3857.686767578125
20,1,2,0.01,323.9621004060148,9.650296001759326,17.99894720271202,35.39162172090023,3857.686767578125
20,1,3,0.01,441.1680400632831,10.479058579372412,21.004000572826193,89.71364575763081,3857.686767578125
20,1,4,0.01,280.7499770680929,6.888302635215223,16.755595395810108,203.0361456620066,3857.686767578125
20,1,5,0.01,352.8383178351425,11.064683086704463,18.783990998590863,642.9477945963541,3857.686767578125
