epoch,startPos,prefixLength,learnRate,MSE,MAE,RMSE,meanLoss,totalLoss
44,1,mix,0.01,820.0653199774852,21.538557528739883,28.63678264012012,20.55125345013099,3432.059326171875
44,1,1,0.01,741.4080285246617,21.000931765351975,27.22880879738704,24.691074289006295,3432.059326171875
44,1,2,0.01,716.5330877597281,20.662716157734394,26.76813567956738,127.11330837673611,3432.059326171875
44,1,3,0.01,539.8609165632043,17.85347878932953,23.234907285444553,1144.019775390625,3432.059326171875
44,1,4,0.01,260.36814426576797,13.325745314359665,16.13592712755508,3432.059326171875,3432.059326171875
