epoch,startPos,prefixLength,learnRate,MSE,MAE,RMSE,meanLoss,totalLoss
38,1,mix,0.008,162.10667429297877,4.084770664498825,12.732111933727992,4.26932373046875,683.091796875
38,1,1,0.008,187.38958906090056,4.666017990350486,13.689031706475829,5.136028547932331,683.091796875
38,1,2,0.008,63.16909381567448,1.6948526984883105,7.947898704417066,25.299696180555557,683.091796875
38,1,3,0.008,3.5772832575604614,0.5474578351722812,1.8913707350914737,170.77294921875,683.091796875
38,1,4,0.008,0.4368141411041001,0.4375741525163903,0.6609191638196763,683.091796875,683.091796875
