epoch,startPos,prefixLength,learnRate,MSE,MAE,RMSE,meanLoss,totalLoss
57,1,mix,0.007,162.71768536129645,4.261607663893532,12.756084248753472,4.142774817800353,1172.4052734375
57,1,1,0.007,188.68427006126467,4.944011257403452,13.736239298340164,5.691287735133495,1172.4052734375
57,1,2,0.007,106.50073258184663,2.8535871099629198,10.319919213920555,17.763716264204547,1172.4052734375
57,1,3,0.007,56.61854699627439,1.5983552651832724,7.524529686051773,97.700439453125,1172.4052734375
57,1,4,0.007,178.70976828297023,5.43799602314084,13.368237291541853,390.8017578125,1172.4052734375
