epoch,startPos,prefixLength,learnRate,MSE,MAE,RMSE,meanLoss,totalLoss
97,1,mix,0.003,403.18685550902876,12.617267164800849,20.079513328490528,12.513410124231557,3816.590087890625
97,1,1,0.003,698.8577953838682,18.43615532639053,26.435918659730138,28.6961660743656,3816.590087890625
97,1,2,0.003,303.91199599771556,9.783922837963994,17.433071903646688,34.69627352627841,3816.590087890625
97,1,3,0.003,454.44291692481306,10.49034943211485,21.317666779570718,88.7579090207122,3816.590087890625
97,1,4,0.003,315.77240744428684,7.769963189214468,17.769986140801766,200.87316252055922,3816.590087890625
