epoch,startPos,prefixLength,learnRate,MSE,MAE,RMSE,meanLoss,totalLoss
83,1,mix,0.009000000000000001,832.4196844448809,23.407193735994476,28.851684256640564,22.131465688613233,8697.666015625
83,1,1,0.009000000000000001,834.6697587426875,22.852927378689248,28.89065175351168,45.30034383138021,8697.666015625
83,1,2,0.009000000000000001,932.1445300456664,25.772065939272153,30.531042072711283,65.39598507988721,8697.666015625
83,1,3,0.009000000000000001,681.5219950092273,21.516646197208992,26.105976231683567,173.9533203125,8697.666015625
83,1,4,0.009000000000000001,668.0343149188217,20.346630346775054,25.84635980015023,434.88330078125,8697.666015625
