epoch,startPos,prefixLength,learnRate,MSE,MAE,RMSE,meanLoss,totalLoss
77,1,mix,0.005,398.84791312259784,12.492613794838453,19.971177059016775,12.540900782534951,3812.433837890625
77,1,1,0.005,483.5103253320575,17.18975826248746,21.98886821398631,28.6649160743656,3812.433837890625
77,1,2,0.005,365.9071180559476,8.694797149094354,19.128698807183607,34.65848943536932,3812.433837890625
77,1,3,0.005,490.5481622403557,11.280700437216597,22.14832188316658,88.66125204396802,3812.433837890625
77,1,4,0.005,252.33835788606842,6.526388061791659,15.885161563108776,200.65441252055922,3812.433837890625
