epoch,startPos,prefixLength,learnRate,MSE,MAE,RMSE,meanLoss,totalLoss
154,1,mix,0.0007999999999999999,383.80882771810036,12.32229024173071,19.591039475181002,12.582782022314134,3850.331298828125
154,1,1,0.0007999999999999999,625.170421841422,17.33418850486421,25.00340820451128,28.94985938968515,3850.331298828125
154,1,2,0.0007999999999999999,401.69707826266625,10.826482200650153,20.042382050611305,34.68766935881194,3850.331298828125
154,1,3,0.0007999999999999999,436.26571122333934,10.312746474688703,20.886974678572752,89.54258834484011,3850.331298828125
154,1,4,0.0007999999999999999,234.62576218328527,5.978560371510684,15.317498561556494,202.64901572779604,3850.331298828125
