epoch,startPos,prefixLength,learnRate,MSE,MAE,RMSE,meanLoss,totalLoss
102,1,mix,0.008,826.0370080224416,23.308867055960377,28.7408595560822,22.132081941793892,8697.908203125
102,1,1,0.008,822.8291366107297,22.83517885270218,28.684998459311963,45.301605224609375,8697.908203125
102,1,2,0.008,961.7478192079516,26.300818671198453,31.01205925455373,65.39780603853383,8697.908203125
102,1,3,0.008,667.303884520951,21.36104558293636,25.832225698165285,173.9581640625,8697.908203125
102,1,4,0.008,625.3176972500603,19.769808077812193,25.00635313775402,434.89541015625,8697.908203125
