epoch,startPos,prefixLength,learnRate,MSE,MAE,RMSE,meanLoss,totalLoss
59,1,mix,0.007,403.61193311323115,12.623300578965285,20.090095398310858,12.518549084272541,3818.157470703125
59,1,1,0.007,717.3586374729407,18.60596362013808,26.783551621712544,28.707950907542294,3818.157470703125
59,1,2,0.007,290.1202066204798,10.419829425468508,17.032915388167694,34.7105224609375,3818.157470703125
59,1,3,0.007,438.806892572087,10.186680602248419,20.94771807553479,88.79435978379361,3818.157470703125
59,1,4,0.007,315.8197994754669,7.771427693217992,17.771319576088516,200.95565635279604,3818.157470703125
