epoch,startPos,prefixLength,learnRate,MSE,MAE,RMSE,meanLoss,totalLoss
116,1,mix,0.002,403.10536167254503,12.614355673251504,20.077483947759614,12.51238953637295,3816.27880859375
116,1,1,0.002,700.7680419261554,18.49610901292523,26.47202375954954,28.693825628524436,3816.27880859375
116,1,2,0.002,305.68190815996246,9.798287493043713,17.48376127038923,34.69344371448864,3816.27880859375
116,1,3,0.002,441.72688506320156,10.285932104695927,21.017299661545522,88.75066996729652,3816.27880859375
116,1,4,0.002,315.74348607353716,7.770852752774954,17.769172351956552,200.85677939967104,3816.27880859375
