epoch,startPos,prefixLength,learnRate,MSE,MAE,RMSE,meanLoss,totalLoss
44,1,mix,0.01,893.7399164375657,25.284318970782415,29.895483211307454,20.49983772688997,3423.472900390625
44,1,1,0.01,1029.5349096784212,27.504255490643637,32.086366414388856,24.629301441659173,3423.472900390625
44,1,2,0.01,615.4632799138036,20.1925014598029,24.808532401450183,122.26688929966518,3423.472900390625
44,1,3,0.01,574.3120171123776,19.20049959421158,23.964807888075747,855.8682250976562,3423.472900390625
44,1,4,0.01,653.5745779744859,24.18858426809311,25.56510469320409,3423.472900390625,3423.472900390625
