epoch,startPos,prefixLength,learnRate,MSE,MAE,RMSE,meanLoss,totalLoss
153,1,mix,0.0006999999999999999,404.9271176591086,12.62898234688441,20.122800939707886,12.498940718801398,3799.677978515625
153,1,1,0.0006999999999999999,598.7633710470835,18.045962556720976,24.469641825067313,28.785439231178977,3799.677978515625
153,1,2,0.0006999999999999999,338.2679430532295,8.425015456523397,18.392061957628066,34.542527077414775,3799.677978515625
153,1,3,0.0006999999999999999,469.6084765058598,10.864773041079753,21.6704516913206,86.35631769353694,3799.677978515625
153,1,4,0.0006999999999999999,359.1160451719174,8.58789352234453,18.950357389028774,199.98305150082237,3799.677978515625
