epoch,startPos,prefixLength,learnRate,MSE,MAE,RMSE,meanLoss,totalLoss
19,1,mix,0.01,162.12281338937703,4.085399261385446,12.732745712900146,4.269295120239258,683.0872192382812
19,1,1,0.01,186.85752416669956,4.650489229290708,13.669583906128949,5.135994129611137,683.0872192382812
19,1,2,0.01,63.175794560392106,1.6953819430622648,7.94832023514353,25.29952663845486,683.0872192382812
19,1,3,0.01,8.267612121466886,0.8293218553390034,2.8753455655741424,170.7718048095703,683.0872192382812
19,1,4,0.01,0.40723821458654463,0.40746185461648565,0.6381521876375138,683.0872192382812,683.0872192382812
