epoch,startPos,prefixLength,learnRate,MSE,MAE,RMSE,meanLoss,totalLoss
173,1,mix,0.0005999999999999998,403.4584701173964,12.614138218876603,20.08627566567273,12.513900806864754,3816.73974609375
173,1,1,0.0005999999999999998,702.3305292012702,18.457501731004896,26.50151937533526,28.697291324013158,3816.73974609375
173,1,2,0.0005999999999999998,306.0329268501924,9.740079416926685,17.49379681058953,34.69763405539773,3816.73974609375
173,1,3,0.0005999999999999998,443.09387309910926,10.231813245706938,21.049795084492136,88.7613894440407,3816.73974609375
173,1,4,0.0005999999999999998,315.8223277317797,7.770656323991716,17.771390708995728,200.8810392680921,3816.73974609375
