epoch,startPos,prefixLength,learnRate,MSE,MAE,RMSE,meanLoss,totalLoss
19,1,mix,0.01,175.3634608485799,4.213951313987127,13.242486958595803,4.233633100616266,681.6149291992188
19,1,1,0.01,198.00183819773997,4.6945114307146625,14.071312596831184,5.163749463630445,681.6149291992188
19,1,2,0.01,113.120599986617,3.092790778325122,10.635816846233157,24.343390328543528,681.6149291992188
19,1,3,0.01,32.847035522890195,0.9698456441983581,5.731233333488543,170.4037322998047,681.6149291992188
19,1,4,0.01,1.7485769614299915e-06,0.0012112199183320627,0.001322337688122815,681.6149291992188,681.6149291992188
