epoch,startPos,prefixLength,learnRate,MSE,MAE,RMSE,meanLoss,totalLoss
20,1,mix,0.01,407.20977290424474,12.73741442434393,20.179439360503668,12.508159436677632,3802.48046875
20,1,1,0.01,611.8332162392813,18.185423247570938,24.73526260704101,28.80667021780303,3802.48046875
20,1,2,0.01,375.15972888699054,9.301286675678245,19.369040474091392,34.56800426136363,3802.48046875
20,1,3,0.01,458.7005658469581,10.94808664579283,21.417295950865462,88.42977834302326,3802.48046875
20,1,4,0.01,262.8800334138906,7.12708513122052,16.21357559003845,200.1305509868421,3802.48046875
20,1,5,0.01,542.751900258609,12.98989017540589,23.297036297748456,760.49609375,3802.48046875
