epoch,startPos,prefixLength,learnRate,MSE,MAE,RMSE,meanLoss,totalLoss
38,1,mix,0.008,521.4154159148783,12.74083861115452,22.834522458656284,12.921580430327868,3941.08203125
38,1,1,0.008,733.511232738826,18.059145763560938,27.083412501729285,29.63219572368421,3941.08203125
38,1,2,0.008,340.960970589951,8.230134471544131,18.46512850185319,35.82801846590909,3941.08203125
38,1,3,0.008,451.4997148435055,10.719531792972703,21.248522650845764,91.65307049418605,3941.08203125
38,1,4,0.008,283.3677918299585,7.382031792972702,16.83353176935721,207.42537006578948,3941.08203125
38,1,5,0.008,84.04335075703506,2.7429692929727025,9.16751606254579,656.8470052083334,3941.08203125
