epoch,startPos,prefixLength,learnRate,MSE,MAE,RMSE,meanLoss,totalLoss
19,1,mix,0.01,521.2697226263664,12.741257020943214,22.83133203793345,12.9216796875,3941.1123046875
19,1,1,0.01,731.3429567085018,18.00094305343159,27.043353281508967,29.632423343515036,3941.1123046875
19,1,2,0.01,340.65911482992857,8.248633912021303,18.45695302128519,35.828293678977275,3941.1123046875
19,1,3,0.01,446.87775780515057,10.658339835526105,21.139483385483917,91.65377452761628,3941.1123046875
19,1,4,0.01,286.7385918844715,7.490184526977828,16.933357371899746,207.42696340460526,3941.1123046875
19,1,5,0.01,83.88824444533195,2.6198103137139697,9.159052595401555,656.85205078125,3941.1123046875
