epoch,startPos,prefixLength,learnRate,MSE,MAE,RMSE,meanLoss,totalLoss
38,1,mix,0.008,541.0451745805445,13.16256065625401,23.2603777824124,12.828750160092213,3912.768798828125
38,1,1,0.008,766.2422545592385,18.93604260149666,27.681081166732604,29.419314276903197,3912.768798828125
38,1,2,0.008,338.949589302351,8.336871973380246,18.410583621991755,35.57062544389205,3912.768798828125
38,1,3,0.008,514.4616093916211,11.570077474419536,22.681746171572,90.99462322856105,3912.768798828125
38,1,4,0.008,293.4416732974606,7.4176470095291736,17.130139325103595,205.93519993832237,3912.768798828125
38,1,5,0.008,142.4207568026836,3.854388044332154,11.93401679245859,782.553759765625,3912.768798828125
