epoch,startPos,prefixLength,learnRate,MSE,MAE,RMSE,meanLoss,totalLoss
144,1,mix,0.007,2463247055.0239096,26895.40668533509,49631.10975007419,25580.170245398775,8339135.5
144,1,1,0.007,2790166528.240093,30287.101354380124,52822.026922867066,34459.23760330579,8339135.5
144,1,2,0.007,1516438408.2517848,16998.95087890625,38941.474140712555,114234.73287671233,8339135.5
144,1,3,0.007,2381991805.140438,26428.12762451172,48805.65341372286,595652.5357142857,8339135.5
144,1,4,0.007,2446281290.8884277,27207.7353515625,49459.8957832346,2779711.8333333335,8339135.5
