epoch,startPos,prefixLength,learnRate,MSE,MAE,RMSE,meanLoss,totalLoss
19,1,mix,0.01,509.1147590632104,12.490886575747648,22.563571505043488,12.992983958760245,3962.860107421875
19,1,1,0.01,727.2283028510079,18.038138001869598,26.967170835128552,30.02166748046875,3962.860107421875
19,1,2,0.01,296.06245577316065,7.298904194879079,17.206465522388978,36.0260009765625,3962.860107421875
19,1,3,0.01,419.7732244111747,9.59182359007272,20.488368027033648,92.15953738190407,3962.860107421875
19,1,4,0.01,384.18015037945145,9.650912579055875,19.600514033551555,208.57158460115133,3962.860107421875
19,1,5,0.01,119.86569158557538,3.454033148707822,10.948319121471359,792.572021484375,3962.860107421875
