epoch,startPos,prefixLength,learnRate,MSE,MAE,RMSE,meanLoss,totalLoss
58,1,mix,0.007,803.4809538425014,22.779149752287637,28.345739606552893,22.01105503836078,3675.84619140625
58,1,1,0.007,698.9059047185115,20.713477652413506,26.436828567710453,26.444936628821942,3675.84619140625
58,1,2,0.007,1333.9113192341542,30.61311134270259,36.52275070738997,131.28022112165178,3675.84619140625
58,1,3,0.007,1282.7170313413114,31.123935967683792,35.81503917827414,918.9615478515625,3675.84619140625
58,1,4,0.007,1308.1529634276144,33.51879119873047,36.16839730244643,3675.84619140625,3675.84619140625
