epoch,startPos,prefixLength,learnRate,MSE,MAE,RMSE,meanLoss,totalLoss
39,1,mix,0.009000000000000001,846.3605830171816,23.973999030736028,29.092277033899936,25.155397682092875,9886.0712890625
39,1,1,0.009000000000000001,946.782721657517,26.582434518883627,30.769834605624986,51.48995463053385,9886.0712890625
39,1,2,0.009000000000000001,765.3836188801989,23.023480527328722,27.665567387642692,74.33136307565789,9886.0712890625
39,1,3,0.009000000000000001,768.6083065023292,22.995756296011116,27.723785933784896,197.72142578125,9886.0712890625
39,1,4,0.009000000000000001,1015.7299571699289,27.779141891002656,31.87051862097523,520.3195415296053,9886.0712890625
