epoch,startPos,prefixLength,learnRate,MSE,MAE,RMSE,meanLoss,totalLoss
171,1,mix,0.0005999999999999998,162.15547732442238,4.169556778175948,12.734028322743058,4.157522464388251,1176.578857421875
171,1,1,0.0005999999999999998,187.14644278716094,4.791562667315405,13.68014776189062,5.683955832955918,1176.578857421875
171,1,2,0.0005999999999999998,103.38066572275386,2.6407439746812464,10.167628323397441,17.826952385179926,1176.578857421875
171,1,3,0.0005999999999999998,114.79594782071666,3.187613627504561,10.714287088776214,90.50606595552884,1176.578857421875
171,1,4,0.0005999999999999998,284.96635929845814,8.21880454120219,16.880946635140404,392.1929524739583,1176.578857421875
