epoch,startPos,prefixLength,learnRate,MSE,MAE,RMSE,meanLoss,totalLoss
20,1,mix,0.01,1226950.5611477215,621.8647943345117,1107.678004271874,550.0157202743902,180405.15625
20,1,1,0.01,979982.2485163809,521.3525167283465,989.9405277673911,745.4758522727273,180405.15625
20,1,2,0.01,1625299.7472034958,829.7276488906807,1274.8724435030729,2437.907516891892,180405.15625
20,1,3,0.01,2468069.314854307,1113.8900774916012,1571.0090117037225,12886.082589285714,180405.15625
20,1,4,0.01,1406976.0355868186,828.7010178565979,1186.1602065432892,60135.052083333336,180405.15625
