epoch,startPos,prefixLength,learnRate,MSE,MAE,RMSE,meanLoss,totalLoss
114,1,mix,0.002,162.1599534887752,4.169845546929012,12.734204077553304,4.157665239206051,1176.6192626953125
114,1,1,0.002,186.7068723394329,4.788251898499976,13.664072319020889,5.684151027513587,1176.6192626953125
114,1,2,0.002,105.72454724138203,2.7099501451063106,10.28224427065327,17.827564586292613,1176.6192626953125
114,1,3,0.002,114.79936982818566,3.187891321576899,10.714446781247535,90.50917405348558,1176.6192626953125
114,1,4,0.002,267.4123400951735,7.781641321576899,16.352747172728304,392.2064208984375,1176.6192626953125
