epoch,startPos,prefixLength,learnRate,MSE,MAE,RMSE,meanLoss,totalLoss
209,1,mix,0.00019999999999999982,162.1570409128368,4.169496289638503,12.734089716694978,4.157483643440813,1176.56787109375
209,1,1,0.00019999999999999982,187.93760431391001,4.811640621978698,13.709033675424028,5.683902758907005,1176.56787109375
209,1,2,0.00019999999999999982,99.14635443655717,2.552431770168743,9.957226242109655,17.82678592566288,1176.56787109375
209,1,3,0.00019999999999999982,97.8752306980898,2.74222956428639,9.893191128149187,90.50522085336539,1176.56787109375
209,1,4,0.00019999999999999982,244.0318993691908,7.71879206428639,15.621520392368689,392.1892903645833,1176.56787109375
