epoch,startPos,prefixLength,learnRate,MSE,MAE,RMSE,meanLoss,totalLoss
19,1,mix,0.01,162.17894436379942,4.17212209316351,12.734949719720115,4.158514123923366,1176.8594970703125
19,1,1,0.01,188.68326553115372,4.839206329349858,13.736202733330407,5.685311580049818,1176.8594970703125
19,1,2,0.01,103.61900861871746,2.668109044281985,10.17934224882519,17.83120450106534,1176.8594970703125
19,1,3,0.01,120.4553067980731,3.3386053678113967,10.975213291689283,90.52765362079327,1176.8594970703125
19,1,4,0.01,290.2450676646789,7.862042867811397,17.036580280815716,392.2864990234375,1176.8594970703125
