epoch,startPos,prefixLength,learnRate,MSE,MAE,RMSE,meanLoss,totalLoss
39,1,mix,0.008,807.4747082282038,22.781662392474356,28.41609945485488,22.021045799026947,3677.5146484375
39,1,1,0.008,699.6721500584723,20.714732782329833,26.451316603497684,26.456939916816548,3677.5146484375
39,1,2,0.008,1329.2509371471792,30.539650678634644,36.45889380037715,131.33980887276786,3677.5146484375
39,1,3,0.008,1371.9747228084063,31.49521142244339,37.040177143318395,919.378662109375,3677.5146484375
39,1,4,0.008,1634.4702958603789,33.576098799705505,40.42858265955386,3677.5146484375,3677.5146484375
