epoch,startPos,prefixLength,learnRate,MSE,MAE,RMSE,meanLoss,totalLoss
38,1,mix,0.008,507.39718051614767,12.788127011006797,22.52547847474383,12.921646868596312,3941.102294921875
38,1,1,0.008,706.6052512247193,18.140126110703655,26.582047536349027,29.63234808211936,3941.102294921875
38,1,2,0.008,363.0092855341934,9.574143516520659,19.052802563775057,35.505426080377255,3941.102294921875
38,1,3,0.008,461.21175236803896,10.911229167980226,21.475841132957726,91.65354174236919,3941.102294921875
38,1,4,0.008,309.462281441708,8.387659864500165,17.59154005315362,207.42643657483552,3941.102294921875
38,1,5,0.008,440.48039437728943,11.64655978512019,20.987624791226125,788.220458984375,3941.102294921875
