epoch,startPos,prefixLength,learnRate,MSE,MAE,RMSE,meanLoss,totalLoss
38,1,mix,0.008,174.5820370679935,4.341198481901257,13.212949597572583,4.211986923217774,673.9179077148438
38,1,1,0.008,199.86133163330405,4.892318499024358,14.13723210650883,5.0670519377055925,673.9179077148438
38,1,2,0.008,71.2115477445463,2.0193154341213813,8.438693485637828,24.959922507957177,673.9179077148438
38,1,3,0.008,28.63633165839276,1.2045757639425574,5.351292522222343,224.6393025716146,673.9179077148438
38,1,4,0.008,11.710380671191354,2.343861251963972,3.4220433473571537,673.9179077148438,673.9179077148438
