epoch,startPos,prefixLength,learnRate,MSE,MAE,RMSE,meanLoss,totalLoss
133,1,mix,0.0009,162.15622777224777,4.169493321699962,12.734057788947236,4.157559559960247,1176.58935546875
133,1,1,0.0009,187.58810878087843,4.806827452740392,13.696280837544126,5.684006548158212,1176.58935546875
133,1,2,0.0009,105.64767838502938,2.701331815803341,10.278505649413702,17.82711144649621,1176.58935546875
133,1,3,0.0009,103.51530444718841,2.8906691847302,10.174247119427973,90.50687349759616,1176.58935546875
133,1,4,0.0009,227.92112472902812,6.7656544564868,15.097056823401974,392.1964518229167,1176.58935546875
