epoch,startPos,prefixLength,learnRate,MSE,MAE,RMSE,meanLoss,totalLoss
20,1,mix,0.01,804.1183944466096,22.72944287033308,28.356981405759846,22.04558558663922,3681.61279296875
20,1,1,0.01,693.2096545795915,20.766405991997036,26.328874920504894,26.486422970998202,3681.61279296875
20,1,2,0.01,1293.8605366178958,30.14861524105072,35.97027295723367,131.48617117745536,3681.61279296875
20,1,3,0.01,1369.718680040385,32.940278977155685,37.00971061816594,920.4031982421875,3681.61279296875
20,1,4,0.01,2189.4407927326147,39.619248390197754,46.791460681759176,3681.61279296875,3681.61279296875
