epoch,startPos,prefixLength,learnRate,MSE,MAE,RMSE,meanLoss,totalLoss
30,1,mix,0.01,414.0441154948618,12.617463224410237,20.348073999640896,12.702919407894736,3861.6875
30,1,1,0.01,1228.1430213751507,30.229289735064786,35.04487154171279,29.035244360902254,3861.6875
30,1,2,0.01,371.89313000081484,9.19686701468059,19.284530847309064,35.10625,3861.6875
30,1,3,0.01,432.8741920411579,10.362435181032527,20.805628854739236,89.80668604651163,3861.6875
30,1,4,0.01,233.5891671626187,6.208504545688629,15.283624150135946,203.24671052631578,3861.6875
