epoch,startPos,prefixLength,learnRate,MSE,MAE,RMSE,meanLoss,totalLoss
78,1,mix,0.007,943.8338946715859,25.08969987101025,30.721879738576966,25.0733241889313,9853.81640625
78,1,1,0.007,1006.1131259801086,27.32008410617709,31.719286340964683,51.32196044921875,9853.81640625
78,1,2,0.007,842.9213746584622,24.14314078020327,29.033108250038648,74.08884515977444,9853.81640625
78,1,3,0.007,834.8696367589715,24.107281299737785,28.894110762558025,197.076328125,9853.81640625
78,1,4,0.007,1056.4492741111317,27.856945633888245,32.50306561097171,518.621916118421,9853.81640625
