epoch,startPos,prefixLength,learnRate,MSE,MAE,RMSE,meanLoss,totalLoss
39,1,mix,0.008,801.1720729988435,22.35046051477277,28.30498318315776,21.972475350621234,3647.430908203125
39,1,1,0.008,691.4661386557101,20.671779797758376,26.29574373650059,26.240510130957734,3647.430908203125
39,1,2,0.008,979.7011972215544,25.340628802776337,31.300178868842817,135.09003363715277,3647.430908203125
39,1,3,0.008,988.9427993754564,26.186005264520645,31.44746093686192,1215.810302734375,3647.430908203125
39,1,4,0.008,621.3936985480079,21.287460267543793,24.927769626422815,3647.430908203125,3647.430908203125
