epoch,startPos,prefixLength,learnRate,MSE,MAE,RMSE,meanLoss,totalLoss
21,1,mix,0.01,874.2221146968382,24.388698029274842,29.567247330396487,25.13793634701018,9879.208984375
21,1,1,0.01,939.9544767107631,26.49343981469671,30.658677021534427,51.45421346028646,9879.208984375
21,1,2,0.01,780.6012968521754,23.39821516415652,27.93924295417067,74.27976679981202,9879.208984375
21,1,3,0.01,852.995224109902,24.556353830374203,29.206081971224794,197.5841796875,9879.208984375
21,1,4,0.01,1036.9207357572263,27.859711122512817,32.201253636422706,493.96044921875,9879.208984375
