epoch,startPos,prefixLength,learnRate,MSE,MAE,RMSE,meanLoss,totalLoss
38,1,mix,0.008,509.2797294486732,12.489909094821135,22.567226888757805,12.99267738217213,3962.7666015625
38,1,1,0.008,726.6060750993413,18.005984316853915,26.955631602678896,30.02095910274621,3962.7666015625
38,1,2,0.008,295.46390862963375,7.298821764332907,17.189063634463448,36.025150923295456,3962.7666015625
38,1,3,0.008,437.041910180519,9.97582055425102,20.905547354243538,92.15736282703489,3962.7666015625
38,1,4,0.008,418.7159014288168,10.226388728618621,20.462548752020524,208.5666632401316,3962.7666015625
38,1,5,0.008,119.86896788706537,3.4545137360692024,10.948468746224988,792.5533203125,3962.7666015625
