epoch,startPos,prefixLength,learnRate,MSE,MAE,RMSE,meanLoss,totalLoss
49,1,mix,0.009000000000000001,413.9387644139085,12.616025776393688,20.345485111294558,12.699981689453125,3860.79443359375
49,1,1,0.009000000000000001,1248.7840064421828,30.451290705172784,35.33813812925325,29.028529575892858,3860.79443359375
49,1,2,0.009000000000000001,371.96734513524325,9.182536935375538,19.286454965473652,35.09813121448864,3860.79443359375
49,1,3,0.009000000000000001,438.01720443800053,10.39123188120059,20.928860562343104,89.78591706031976,3860.79443359375
49,1,4,0.009000000000000001,233.8081257483089,6.224922280292958,15.290785648497886,203.19970703125,3860.79443359375
