epoch,startPos,prefixLength,learnRate,MSE,MAE,RMSE,meanLoss,totalLoss
20,1,mix,0.01,836.8819406187489,22.63094917563505,28.92891184643399,22.013204183923193,3654.19189453125
20,1,1,0.01,689.6390074950563,20.489316835573742,26.260978799257582,26.289150320368705,3654.19189453125
20,1,2,0.01,1044.8760907319247,26.23764867335558,32.324543163545634,135.34044053819446,3654.19189453125
20,1,3,0.01,1187.180854925266,28.5686297416687,34.455490925616864,1218.06396484375,3654.19189453125
20,1,4,0.01,981.5562402239543,28.25274682044983,31.32979796015216,3654.19189453125,3654.19189453125
