epoch,startPos,prefixLength,learnRate,MSE,MAE,RMSE,meanLoss,totalLoss
40,1,mix,0.009000000000000001,860.9247882572151,24.245937279900726,29.34151986958438,25.10083442668575,9864.6279296875
40,1,1,0.009000000000000001,974.4576382994261,27.0050564656655,31.216304046113883,51.3782704671224,9864.6279296875
40,1,2,0.009000000000000001,775.6109643525969,23.380356071626437,27.84979289604497,74.17013480968045,9864.6279296875
40,1,3,0.009000000000000001,820.1907454724519,24.12135547399521,28.638972493307993,197.29255859375,9864.6279296875
40,1,4,0.009000000000000001,1017.5162611750557,27.770001780986785,31.898530705583536,493.231396484375,9864.6279296875
