epoch,startPos,prefixLength,learnRate,MSE,MAE,RMSE,meanLoss,totalLoss
71,1,mix,0.009000000000000001,925.3946878238503,24.553335268278513,30.420300587335593,25.36261529898219,9967.5078125
71,1,1,0.009000000000000001,967.9595684694372,26.660461908827227,31.11204860611781,51.914103190104164,9967.5078125
71,1,2,0.009000000000000001,761.1546564557075,22.810254261349186,27.58903145193226,74.94366776315789,9967.5078125
71,1,3,0.009000000000000001,801.0359842182334,23.359091579914093,28.302579108947533,199.35015625,9967.5078125
71,1,4,0.009000000000000001,959.9958460621237,26.593405079841613,30.983799735702586,498.375390625,9967.5078125
