epoch,startPos,prefixLength,learnRate,MSE,MAE,RMSE,meanLoss,totalLoss
57,1,mix,0.007,174.5954793679194,4.3401079266249125,13.213458266779345,4.21155891418457,673.8494262695312
57,1,1,0.007,199.87644190575426,4.891262457167476,14.137766510511986,5.066537039620536,673.8494262695312
57,1,2,0.007,71.21778218608392,2.0180530725829806,8.439062873689467,24.957386158130788,673.8494262695312
57,1,3,0.007,31.82738309412873,1.5470473753325678,5.641576295161551,224.6164754231771,673.8494262695312
57,1,4,0.007,13.670563506073332,2.7343525162609694,3.6973725138364584,673.8494262695312,673.8494262695312
