epoch,startPos,prefixLength,learnRate,MSE,MAE,RMSE,meanLoss,totalLoss
19,1,mix,0.01,161.81187850394542,4.236641288264461,12.720529804373143,4.161696313132702,590.9608764648438
19,1,1,0.01,189.6330752731055,4.961519311486672,13.77073256123673,5.737484237522755,590.9608764648438
19,1,2,0.01,74.20746351677226,1.9631834735110816,8.61437539910888,17.907905347419508,590.9608764648438
19,1,3,0.01,94.06528048719414,2.4772199880389962,9.698725714607777,84.42298235212054,590.9608764648438
19,1,4,0.01,147.8194573507118,5.313259656075388,12.15810253907705,295.4804382324219,590.9608764648438
