epoch,startPos,prefixLength,learnRate,MSE,MAE,RMSE,meanLoss,totalLoss
59,1,mix,0.009000000000000001,944.3140231264041,25.122936284301257,30.729692857664624,25.11484673187023,9870.134765625
59,1,1,0.009000000000000001,980.8312019525296,26.95818302532037,31.318224757360202,51.406951904296875,9870.134765625
59,1,2,0.009000000000000001,853.7870157017494,24.25768463539355,29.219634078847555,74.21153959116542,9870.134765625
59,1,3,0.009000000000000001,870.6084663290229,24.718361886648033,29.50607507495741,197.4026953125,9870.134765625
59,1,4,0.009000000000000001,1082.1722100428676,28.23120563030243,32.896385972365835,519.4807771381579,9870.134765625
