epoch,startPos,prefixLength,learnRate,MSE,MAE,RMSE,meanLoss,totalLoss
38,1,mix,0.008,308.8438498535933,10.369399175689452,17.573953734250964,10.664435614224137,7731.7158203125
38,1,1,0.008,413.64776016959763,12.84744363441132,20.33833228584875,61.8537265625,7731.7158203125
38,1,2,0.008,279.1090630838837,9.328928713997206,16.70655748752219,54.83486397384752,7731.7158203125
38,1,3,0.008,304.19254005199633,10.072448001056909,17.441116364843058,77.317158203125,7731.7158203125
38,1,4,0.008,294.52006773332124,9.923080767504871,17.16158698178351,99.1245617988782,7731.7158203125
