epoch,startPos,prefixLength,learnRate,MSE,MAE,RMSE,meanLoss,totalLoss
152,1,mix,0.0006999999999999999,162.1563813379452,4.1694803366401505,12.734063818669403,4.157536267391785,1176.582763671875
152,1,1,0.0006999999999999999,189.5954939318981,4.853089228179746,13.76936795687798,5.683974703728865,1176.582763671875
152,1,2,0.0006999999999999999,103.53013408453366,2.657199274008322,10.174975876361263,17.827011570785984,1176.582763671875
152,1,3,0.0006999999999999999,103.51541091162844,2.8906545096672858,10.174252351481579,90.50636643629808,1176.582763671875
152,1,4,0.0006999999999999999,367.8117431651987,10.218761572418543,19.178418682602555,392.1942545572917,1176.582763671875
