epoch,startPos,prefixLength,learnRate,MSE,MAE,RMSE,meanLoss,totalLoss
20,1,mix,0.01,861.003539848136,24.121394339872865,29.342861821031295,25.192894700222645,9900.8076171875
20,1,1,0.01,913.7262680906355,26.096814777702093,30.227905453250237,51.56670633951823,9900.8076171875
20,1,2,0.01,774.6225173849801,23.12217736605442,27.83204120047576,74.44216253524436,9900.8076171875
20,1,3,0.01,817.0517592045906,23.770454590137188,28.584117254247865,198.01615234375,9900.8076171875
20,1,4,0.01,1066.685327918368,28.494893491268158,32.660148926763455,521.0951377467105,9900.8076171875
