epoch,startPos,prefixLength,learnRate,MSE,MAE,RMSE,meanLoss,totalLoss
95,1,mix,0.003,162.1522860150932,4.169826644667743,12.733903015772235,4.157736842286882,1176.6395263671875
95,1,1,0.003,187.3651158833582,4.806237625122881,13.688137779966937,5.684248919648248,1176.6395263671875
95,1,2,0.003,99.21788355813894,2.561094790704588,9.960817414155272,17.827871611624055,1176.6395263671875
95,1,3,0.003,114.79350816201033,3.1879126368821744,10.71417323744629,90.51073279747597,1176.6395263671875
95,1,4,0.003,440.3314371944043,11.656382043802296,20.98407580033975,392.2131754557292,1176.6395263671875
