epoch,startPos,prefixLength,learnRate,MSE,MAE,RMSE,meanLoss,totalLoss
47,1,mix,0.009000000000000001,832.7388358148863,23.81295363108317,28.857214623294578,25.13785186068702,9879.17578125
47,1,1,0.009000000000000001,1003.8795703255195,27.446835813422997,31.68405861510674,51.45404052734375,9879.17578125
47,1,2,0.009000000000000001,759.7652219009634,22.95376676846953,27.563839026901956,74.27951715225564,9879.17578125
47,1,3,0.009000000000000001,749.9000550452633,22.929221506302174,27.384303077589237,201.61583227040816,9879.17578125
47,1,4,0.009000000000000001,978.7265168991693,26.887596225738527,31.28460511016831,493.9587890625,9879.17578125
