epoch,startPos,prefixLength,learnRate,MSE,MAE,RMSE,meanLoss,totalLoss
19,1,mix,0.01,183.89963475857414,4.634083707559188,13.560959949744491,4.048247208832003,4566.4228515625
19,1,1,0.01,216.04863041082822,5.42241061565119,14.698592803762823,5.260855819772465,4566.4228515625
19,1,2,0.01,117.72185613817211,2.961338095448203,10.849970328907453,16.665776830520073,4566.4228515625
19,1,3,0.01,77.06015676824546,2.336333305720018,8.778391468158928,91.32845703125,4566.4228515625
19,1,4,0.01,76.5392424449631,2.417021977412029,8.748670895911166,456.64228515625,4566.4228515625
