epoch,startPos,prefixLength,learnRate,MSE,MAE,RMSE,meanLoss,totalLoss
76,1,mix,0.005,162.15369349441553,4.16970762102753,12.73395828069244,4.158067251683966,1176.7330322265625
76,1,1,0.005,187.50886671016173,4.804624369311883,13.693387700279349,5.684700638775665,1176.7330322265625
76,1,2,0.005,103.37953601590532,2.6409189721071016,10.16757276914728,17.82928836706913,1176.7330322265625
76,1,3,0.005,109.15406581730088,3.0393460674763446,10.447682317973728,90.51792555588942,1176.7330322265625
76,1,4,0.005,223.4636290689816,7.125168455926541,14.948699912332899,392.2443440755208,1176.7330322265625
