epoch,startPos,prefixLength,learnRate,MSE,MAE,RMSE,meanLoss,totalLoss
140,1,mix,0.007,1248055.6078581656,625.169399716236,1117.1640917332447,548.9537442835366,180056.828125
140,1,1,0.007,995232.7852131028,522.5465043450965,997.6135450228725,744.0364798553719,180056.828125
140,1,2,0.007,1651429.7412774835,833.7779292033779,1285.0796633973644,2433.2003800675675,180056.828125
140,1,3,0.007,2499820.1959864763,1121.5792783498764,1581.0819700402874,12861.20200892857,180056.828125
140,1,4,0.007,1785352.0873474237,901.1082972288132,1336.1706804699104,60018.942708333336,180056.828125
