epoch,startPos,prefixLength,learnRate,MSE,MAE,RMSE,meanLoss,totalLoss
38,1,mix,0.008,162.17042672754158,4.171101188416672,12.734615295624033,4.158600824039311,1176.884033203125
38,1,1,0.008,188.01707447075944,4.819555616910713,13.711931828548428,5.685430112092392,1176.884033203125
38,1,2,0.008,101.34681795757129,2.606426374829265,10.067115672205782,17.83157626065341,1176.884033203125
38,1,3,0.008,120.44849104418384,3.337584463064559,10.974902780625614,90.529541015625,1176.884033203125
38,1,4,0.008,252.68023661211527,7.282896963064559,15.895918866555505,392.294677734375,1176.884033203125
