epoch,startPos,prefixLength,learnRate,MSE,MAE,RMSE,meanLoss,totalLoss
19,1,mix,0.01,535.3620214494177,13.000522536060185,23.137891465071267,12.866710425204918,3924.3466796875
19,1,1,0.01,762.2732463718313,18.643404775729515,27.609296375891788,29.50636601268797,3924.3466796875
19,1,2,0.01,377.4344382584976,8.927481357274312,19.427671972176636,35.67587890625,3924.3466796875
19,1,3,0.01,438.8914175307825,10.433947567510502,20.949735500258292,91.26387627180233,3924.3466796875
19,1,4,0.01,276.28227102224207,6.991962558077648,16.621740914303835,206.54456208881578,3924.3466796875
19,1,5,0.01,78.14896369212458,2.04849380615633,8.84019025203217,654.0577799479166,3924.3466796875
