epoch,startPos,prefixLength,learnRate,MSE,MAE,RMSE,meanLoss,totalLoss
20,1,mix,0.01,952.6968166597962,25.304703332331716,30.86578715438497,25.724552222487276,10109.7490234375
20,1,1,0.01,731.0619244298779,22.856285410622757,27.038156823827283,52.65494283040365,10109.7490234375
20,1,2,0.01,923.3385224109172,24.85456590580218,30.386485851623533,76.01315055216165,10109.7490234375
20,1,3,0.01,1345.7704349355913,31.049735142634464,36.68474389900509,202.19498046875,10109.7490234375
20,1,4,0.01,1731.8025124049716,36.74743665456772,41.61493136369411,505.487451171875,10109.7490234375
