epoch,startPos,prefixLength,learnRate,MSE,MAE,RMSE,meanLoss,totalLoss
38,1,mix,0.008,534.8369587225511,13.002360904650567,23.126542299326786,12.86636462602459,3924.2412109375
38,1,1,0.008,756.4625737409041,18.535347152529567,27.50386470554464,29.50557301456767,3924.2412109375
38,1,2,0.008,374.96672592113157,8.878278754402086,19.364057578956213,35.674920099431816,3924.2412109375
38,1,3,0.008,438.7644908666188,10.428022544598207,20.946705966968143,91.26142351017442,3924.2412109375
38,1,4,0.008,304.6396224929557,7.722033960162662,17.453928569034414,206.53901110197367,3924.2412109375
38,1,5,0.008,78.09302532460335,2.0597376426449046,8.8370258189395,654.0402018229166,3924.2412109375
