epoch,startPos,prefixLength,learnRate,MSE,MAE,RMSE,meanLoss,totalLoss
24,1,mix,0.01,823.1054866354176,24.255230201750386,28.68981503313358,25.16109067655457,9913.4697265625
24,1,1,0.01,1112.382526919947,28.979385803143185,33.35239911790375,51.63265482584635,9913.4697265625
24,1,2,0.01,768.035443255736,23.2998264151461,27.713452387888015,74.53736636513158,9913.4697265625
24,1,3,0.01,732.3754277068014,22.752792288859684,27.062435731227175,198.26939453125,9913.4697265625
24,1,4,0.01,792.3554208140562,24.4280002117157,28.148808514998574,495.673486328125,9913.4697265625
