epoch,startPos,prefixLength,learnRate,MSE,MAE,RMSE,meanLoss,totalLoss
59,1,mix,0.007,842.8137266595835,24.131414737628432,29.03125430737679,25.034573782519036,9863.6220703125
59,1,1,0.007,1158.2100456949006,29.53155102704962,34.03248515308426,51.37303161621094,9863.6220703125
59,1,2,0.007,791.9163445028279,23.739936987559002,28.141008235364062,74.16257195723684,9863.6220703125
59,1,3,0.007,733.8916967848018,22.93395255162166,27.090435522242934,197.27244140625,9863.6220703125
59,1,4,0.007,914.372958637153,26.20504363775253,30.238600474181226,493.181103515625,9863.6220703125
