epoch,startPos,prefixLength,learnRate,MSE,MAE,RMSE,meanLoss,totalLoss
58,1,mix,0.007,787.0221379071205,22.261479399925054,28.053914841018543,21.956187052899097,3644.72705078125
58,1,1,0.007,691.258756548884,20.700639070783343,26.291800177030176,26.221057919289567,3644.72705078125
58,1,2,0.007,954.366234946272,24.956184148788452,30.892818501170655,134.98989076967592,3644.72705078125
58,1,3,0.007,1015.4920699978643,26.54624167084694,31.866786314246756,1214.9090169270833,3644.72705078125
58,1,4,0.007,1060.6912364659217,29.402136385440826,32.56825504177222,3644.72705078125,3644.72705078125
