epoch,startPos,prefixLength,learnRate,MSE,MAE,RMSE,meanLoss,totalLoss
58,2,mix,0.009700000000000002,77.02862199380596,2.2464400493445282,8.776595125320863,2.5212854456018516,68.07470703125
58,2,2,0.009700000000000002,75.70834534434397,2.1956582943078047,8.701054266256703,2.5212854456018516,68.07470703125
58,2,3,0.009700000000000002,87.36057902732774,3.3283505925674035,9.346688131489557,22.691569010416668,68.07470703125
58,2,4,0.009700000000000002,4.968620425835099e-08,0.00021447332505886152,0.00022290402476929616,68.07470703125,68.07470703125
