epoch,startPos,prefixLength,learnRate,MSE,MAE,RMSE,meanLoss,totalLoss
415,3,mix,0.006500000000000009,539.8243761393204,12.252998088909822,23.234120946128357,10.322756035383357,443.8785095214844
415,3,3,0.006500000000000009,547.6180615612694,12.457511760971762,23.40124059876462,10.322756035383357,443.8785095214844
415,3,4,0.006500000000000009,326.7990928781013,7.905801405757666,18.077585371893594,23.36202681692023,443.8785095214844
