epoch,startPos,prefixLength,learnRate,MSE,MAE,RMSE,meanLoss,totalLoss
77,2,mix,0.009600000000000003,334.61882000088895,9.868948460323736,18.292589209865532,9.289411395999556,1309.8070068359375
77,2,2,0.009600000000000003,338.0145240422085,9.942475247041633,18.38517130848142,9.289411395999556,1309.8070068359375
77,2,3,0.009600000000000003,345.59361749759944,10.220538960375752,18.590148399020364,13.23037380642361,1309.8070068359375
77,2,4,0.009600000000000003,317.03092214840876,9.63966982895952,17.805362174030854,17.010480608258927,1309.8070068359375
