epoch,startPos,prefixLength,learnRate,MSE,MAE,RMSE,meanLoss,totalLoss
83,3,mix,0.009400000000000004,554.995625679222,16.565824151039124,23.558345138808498,21.39037577311198,64.17112731933594
83,3,3,0.009400000000000004,572.5110844278645,16.977276742458344,23.927203857280617,21.39037577311198,64.17112731933594
83,3,4,0.009400000000000004,154.00284871250642,9.490957856178284,12.409788423357845,64.17112731933594,64.17112731933594
