epoch,startPos,prefixLength,learnRate,MSE,MAE,RMSE,meanLoss,totalLoss
487,4,mix,0.005800000000000007,556.8288556701402,18.320028877258302,23.597221354857446,19.804041812294408,376.27679443359375
487,4,4,0.005800000000000007,557.7941096960801,18.30346796512604,23.61766520416614,19.804041812294408,376.27679443359375
487,4,5,0.005800000000000007,716.7888966484429,23.208812296390533,26.77291348823364,75.25535888671875,376.27679443359375
