epoch,startPos,prefixLength,learnRate,MSE,MAE,RMSE,meanLoss,totalLoss
70,4,mix,0.009600000000000003,668.0341648804276,20.385293412208558,25.846356897644736,19.236915989925986,365.50140380859375
70,4,4,0.009600000000000003,671.2164785691659,20.450251936912537,25.907845888247174,19.236915989925986,365.50140380859375
70,4,5,0.009600000000000003,790.3728961203619,25.35759598016739,28.113571386793993,60.916900634765625,365.50140380859375
