epoch,startPos,prefixLength,learnRate,MSE,MAE,RMSE,meanLoss,totalLoss
45,1,mix,0.009000000000000001,441.2569570933306,17.785980209708214,21.00611713509497,17.522213125587406,2330.454345703125
45,1,1,0.009000000000000001,440.8786748974321,17.772591707351452,20.997111108374696,17.522213125587406,2330.454345703125
45,1,2,0.009000000000000001,288.99315813364507,11.976103837291399,16.999798767445604,20.99508419552365,2330.454345703125
45,1,3,0.009000000000000001,412.1122212310898,13.058969240635633,20.30054731358467,54.19661269077035,2330.454345703125
45,1,4,0.009000000000000001,253.32159471587596,8.997749481350183,15.916079753377588,122.65549187911184,2330.454345703125
45,1,5,0.009000000000000001,67.25661010291127,4.531309366226196,8.201012748612897,388.4090576171875,2330.454345703125
