epoch,startPos,prefixLength,learnRate,MSE,MAE,RMSE,meanLoss,totalLoss
42,1,mix,0.009000000000000001,439.584119314094,17.52687253865103,20.96626145296519,17.56327464168233,2335.91552734375
42,1,1,0.009000000000000001,439.3418745690552,17.520633860011444,20.960483643491035,17.56327464168233,2335.91552734375
42,1,2,0.009000000000000001,278.21995723381474,11.440227442902737,16.67992677543324,21.430417682052752,2335.91552734375
42,1,3,0.009000000000000001,384.98495955765463,12.367130535908721,19.621033600645372,54.32361691497093,2335.91552734375
42,1,4,0.009000000000000001,227.89563429477988,8.678282053023576,15.096212581133715,122.94292249177632,2335.91552734375
42,1,5,0.009000000000000001,97.84572424415657,4.835718985646963,9.891699765164558,467.18310546875,2335.91552734375
