epoch,startPos,prefixLength,learnRate,MSE,MAE,RMSE,meanLoss,totalLoss
191,2,mix,0.008600000000000009,306.1049769995465,7.551469076823976,17.495855995050558,8.61812062306447,956.6113891601562
191,2,2,0.008600000000000009,307.52851012823055,7.579962805578751,17.53649081567434,8.61812062306447,956.6113891601562
191,2,3,0.008600000000000009,483.3640871913705,11.093868719752539,21.985542685850866,22.246776492096657,956.6113891601562
191,2,4,0.008600000000000009,283.26391735679533,6.925659725815057,16.830446142535717,50.34796785053454,956.6113891601562
