epoch,startPos,prefixLength,learnRate,MSE,MAE,RMSE,meanLoss,totalLoss
248,2,mix,0.008100000000000012,350.66974033750097,8.502449998432505,18.726177942588844,8.424399636008523,926.6839599609375
248,2,2,0.008100000000000012,348.3163128377128,8.41272234830207,18.66323425448314,8.424399636008523,926.6839599609375
248,2,3,0.008100000000000012,539.6668747194738,12.317951730706476,23.230731256666754,21.55078976653343,926.6839599609375
248,2,4,0.008100000000000012,312.4236563059211,7.655625846982002,17.67551007201549,48.77283999794408,926.6839599609375
