epoch,startPos,prefixLength,learnRate,MSE,MAE,RMSE,meanLoss,totalLoss
299,4,mix,0.007600000000000012,679.7758637445862,19.813982645670574,26.07251165009973,19.343849583675986,367.53314208984375
299,4,4,0.007600000000000012,681.2365731959749,19.772479474544525,26.10050906009258,19.343849583675986,367.53314208984375
299,4,5,0.007600000000000012,826.29497523287,21.96042889356613,28.745347018828458,73.50662841796876,367.53314208984375
