epoch,startPos,prefixLength,learnRate,MSE,MAE,RMSE,meanLoss,totalLoss
335,3,mix,0.007300000000000011,511.0694356496833,11.470049595883625,22.60684488489456,10.527135804642079,452.6668395996094
335,3,3,0.007300000000000011,514.7187805779381,11.512018180113625,22.687414585578896,10.527135804642079,452.6668395996094
335,3,4,0.007300000000000011,303.58954263411545,7.83219411727041,17.42382112609388,23.824570505242598,452.6668395996094
335,3,5,0.007300000000000011,177.7875324657907,6.228597365319729,13.333699129116072,90.53336791992187,452.6668395996094
