epoch,startPos,prefixLength,learnRate,MSE,MAE,RMSE,meanLoss,totalLoss
350,5,mix,0.007100000000000011,651.5247572273834,21.49551147222519,25.524983001510176,20.667333984375,103.336669921875
350,5,5,0.007100000000000011,652.3353958417101,21.516850352287292,25.540857382666506,20.667333984375,103.336669921875
