epoch,startPos,prefixLength,learnRate,MSE,MAE,RMSE,meanLoss,totalLoss
135,2,mix,0.009400000000000004,370.49605464149647,8.89968371910176,19.24827406915998,8.297857666015625,912.7643432617188
135,2,2,0.009400000000000004,370.86847730911984,8.912279897768583,19.257945822675893,8.297857666015625,912.7643432617188
135,2,3,0.009400000000000004,465.2869494319538,11.227074178782376,21.57051110734175,21.227077750272528,912.7643432617188
135,2,4,0.009400000000000004,289.13875734824285,7.277692915499211,17.004080608731623,48.04022859272204,912.7643432617188
135,2,5,0.009400000000000004,116.47446667768797,4.9552834294736385,10.792333699329722,152.12739054361978,912.7643432617188
