epoch,startPos,prefixLength,learnRate,MSE,MAE,RMSE,meanLoss,totalLoss
215,1,mix,0.00019999999999999982,789.1268520504769,22.260638817523915,28.091401745916436,21.32981236775716,4095.323974609375
215,1,1,0.00019999999999999982,787.7481021091371,22.234741298481822,28.066850591207007,21.32981236775716,4095.323974609375
215,1,2,0.00019999999999999982,1323.7313248250414,29.5747777169401,36.383118679203974,30.791909583529137,4095.323974609375
215,1,3,0.00019999999999999982,1875.0154308562924,37.522766191225784,43.301448369036024,81.9064794921875,4095.323974609375
215,1,4,0.00019999999999999982,2079.857866437461,41.14901392459869,45.60545873508413,215.54336708470396,4095.323974609375
