epoch,startPos,prefixLength,learnRate,MSE,MAE,RMSE,meanLoss,totalLoss
193,2,mix,0.008600000000000009,791.2448515709816,23.676760523608237,28.129074843851186,23.126975152725564,3075.8876953125
193,2,2,0.008600000000000009,788.5088054209458,23.613674971190367,28.08039895409155,23.126975152725564,3075.8876953125
193,2,3,0.008600000000000009,732.6393132707764,22.917504796615013,27.067310787567656,61.51775390625,3075.8876953125
193,2,4,0.008600000000000009,684.8854782849497,22.632452845573425,26.17031674024886,161.88882606907896,3075.8876953125
