epoch,startPos,prefixLength,learnRate,MSE,MAE,RMSE,meanLoss,totalLoss
120,1,mix,0.005,455.9931159824406,17.800201764439834,21.353995316624957,17.4772343456297,2324.47216796875
120,1,1,0.005,454.1573490078856,17.761881920563823,21.31096781021185,17.4772343456297,2324.47216796875
120,1,2,0.005,298.8533903751641,11.958114195881146,17.287376619231853,21.131565163352274,2324.47216796875
120,1,3,0.005,403.429571129064,12.667189104990525,20.085556281294874,54.05749227834303,2324.47216796875
120,1,4,0.005,255.04891001764264,9.086802867799998,15.97025078130092,122.34064041940789,2324.47216796875
120,1,5,0.005,95.83276868043941,6.284176284447312,9.789421263815314,387.4120279947917,2324.47216796875
