epoch,startPos,prefixLength,learnRate,MSE,MAE,RMSE,meanLoss,totalLoss
177,1,mix,0.0005999999999999998,703.6926100850668,21.352213801195223,26.52720509373475,21.667564392089844,4160.17236328125
177,1,1,0.0005999999999999998,704.1475077779272,21.351734581713874,26.535777881530574,21.667564392089844,4160.17236328125
177,1,2,0.0005999999999999998,1309.7164050711344,29.5435827795197,36.19000421485378,31.279491453242482,4160.17236328125
177,1,3,0.0005999999999999998,1998.607884078578,39.04626057239679,44.705792511469674,83.203447265625,4160.17236328125
177,1,4,0.0005999999999999998,2726.2012434500484,47.77249354124069,52.21303710233727,218.95644017269737,4160.17236328125
177,1,5,0.0005999999999999998,3173.4518970636323,51.455276280641556,56.33339948080208,832.03447265625,4160.17236328125
