epoch,startPos,prefixLength,learnRate,MSE,MAE,RMSE,meanLoss,totalLoss
286,2,mix,0.007700000000000012,78.34204700936654,2.2978518478641945,8.851104281916836,2.3945736355251737,64.65348815917969
286,2,2,0.007700000000000012,74.38156916366705,2.1455264419025752,8.624475008002925,2.3945736355251737,64.65348815917969
286,2,3,0.007700000000000012,57.79221605488351,1.9540806299683027,7.602119181838937,21.551162719726562,64.65348815917969
286,2,4,0.007700000000000012,1.4933532695290066e-06,0.0012204185841255821,0.0012220283423591315,64.65348815917969,64.65348815917969
