epoch,startPos,prefixLength,learnRate,MSE,MAE,RMSE,meanLoss,totalLoss
417,3,mix,0.0066000000000000095,589.2281909410675,19.537612970058735,24.274022965735767,21.23265625,1061.6328125
417,3,3,0.0066000000000000095,599.6758648791676,19.768015100405766,24.48828015355851,21.23265625,1061.6328125
417,3,4,0.0066000000000000095,574.7897945799648,19.008558249473573,23.974774129905057,55.87541118421053,1061.6328125
