epoch,startPos,prefixLength,learnRate,MSE,MAE,RMSE,meanLoss,totalLoss
380,2,mix,0.00690000000000001,767.0054673450429,23.15895260607495,27.69486355527037,23.3497305274906,3105.51416015625
380,2,2,0.00690000000000001,767.3596995230196,23.209192798418158,27.701258085563904,23.3497305274906,3105.51416015625
380,2,3,0.00690000000000001,834.987053569856,24.148774449641888,28.89614253788654,62.110283203125,3105.51416015625
380,2,4,0.00690000000000001,1167.631973319681,29.515275049209595,34.170630273960136,163.44811369243422,3105.51416015625
380,2,5,0.00690000000000001,2278.4458476081327,44.803499549627304,47.733068700934496,621.10283203125,3105.51416015625
