epoch,startPos,prefixLength,learnRate,MSE,MAE,RMSE,meanLoss,totalLoss
153,2,mix,0.008900000000000007,349.9978035465714,8.46789094446493,18.708228231090494,8.444538463245738,928.8992309570312
153,2,2,0.008900000000000007,348.9190003611631,8.441931782024247,18.679373660836788,8.444538463245738,928.8992309570312
153,2,3,0.008900000000000007,531.6875916639478,12.246382278982889,23.058351885248605,21.602307696675144,928.8992309570312
153,2,4,0.008900000000000007,326.48325909139106,7.9150995939970015,18.068847752178087,48.889433208264805,928.8992309570312
