epoch,startPos,prefixLength,learnRate,MSE,MAE,RMSE,meanLoss,totalLoss
483,4,mix,0.005900000000000008,304.424070078918,7.876413939706981,17.447752579599413,7.630632099352385,144.9820098876953
483,4,4,0.005900000000000008,305.1317442505775,7.923368870839477,17.468020616274114,7.630632099352385,144.9820098876953
483,4,5,0.005900000000000008,173.8962847344788,5.728011007420719,13.186974055274348,28.996401977539062,144.9820098876953
