epoch,startPos,prefixLength,learnRate,MSE,MAE,RMSE,meanLoss,totalLoss
183,3,mix,0.008600000000000009,509.30464006566035,11.391944160684943,22.56777880221402,10.47374636627907,450.37109375
183,3,3,0.008600000000000009,510.2617384476322,11.426528080281885,22.58897382458159,10.47374636627907,450.37109375
183,3,4,0.008600000000000009,302.9948948671373,7.7816422212868925,17.406748543801548,23.70374177631579,450.37109375
183,3,5,0.008600000000000009,175.87409095252724,5.97680193092674,13.261752936641793,90.07421875,450.37109375
