epoch,startPos,prefixLength,learnRate,MSE,MAE,RMSE,meanLoss,totalLoss
39,2,mix,0.0099,116.48201442719571,2.8643143513006235,10.792683374731036,2.33150019790187,153.87901306152344
39,2,2,0.0099,116.2512228683355,2.841333802147293,10.781986035435935,2.33150019790187,153.87901306152344
39,2,3,0.0099,77.65823541160931,2.356762640200486,8.812391015587615,12.823251088460287,153.87901306152344
39,2,4,0.0099,160.72969892077757,4.376283120489461,12.677921711415383,51.29300435384115,153.87901306152344
