epoch,startPos,prefixLength,learnRate,MSE,MAE,RMSE,meanLoss,totalLoss
58,1,mix,0.007,450.64359589138155,17.579006468877196,21.228367716133558,17.501866849741543,2327.748291015625
58,1,1,0.007,448.8546455379177,17.521128103419237,21.18618997219457,17.501866849741543,2327.748291015625
58,1,2,0.007,282.0938157773038,11.488512968977115,16.795648715584157,21.161348100142046,2327.748291015625
58,1,3,0.007,458.3337410521345,13.80833104591478,21.40873048669945,54.13368118640988,2327.748291015625
58,1,4,0.007,282.48625261861747,9.388397192955017,16.80732734906468,122.5130679481908,2327.748291015625
