epoch,startPos,prefixLength,learnRate,MSE,MAE,RMSE,meanLoss,totalLoss
477,2,mix,0.007600000000000012,345.4346239776507,8.359901680386272,18.58587162275826,8.44664967388188,920.684814453125
477,2,2,0.007600000000000012,342.1904337481387,8.28448252097286,18.49839003124701,8.44664967388188,920.684814453125
477,2,3,0.007600000000000012,465.71824157755094,10.84198334084993,21.58050605471408,21.411274754723838,920.684814453125
477,2,4,0.007600000000000012,260.9067355004717,6.988972570374608,16.15260769970198,48.4570954975329,920.684814453125
477,2,5,0.007600000000000012,106.64000118536073,3.0332159101963043,10.326664572133673,184.136962890625,920.684814453125
