epoch,startPos,prefixLength,learnRate,MSE,MAE,RMSE,meanLoss,totalLoss
77,1,mix,0.005,423.28561655251116,17.35915222594684,20.573906205495135,17.59699541823308,2340.400390625
77,1,1,0.005,425.6200598835484,17.393540346712776,20.630561308009735,17.59699541823308,2340.400390625
77,1,2,0.005,266.29807698887845,11.648365906705815,16.3186420081108,21.2763671875,2340.400390625
77,1,3,0.005,401.1506779886335,12.765312127768993,20.028746290984703,54.42791606104651,2340.400390625
77,1,4,0.005,252.81698168200714,9.437001010775566,15.900219548232885,123.17896792763158,2340.400390625
77,1,5,0.005,120.62329196857725,5.258469061926007,10.982863559590333,468.080078125,2340.400390625
