epoch,startPos,prefixLength,learnRate,MSE,MAE,RMSE,meanLoss,totalLoss
201,2,mix,0.008600000000000009,668.1214889061013,20.766399468694413,25.84804613323996,19.311386108398438,540.7188110351562
201,2,2,0.008600000000000009,671.85203557979,20.8455810206277,25.92010871080193,19.311386108398438,540.7188110351562
201,2,3,0.008600000000000009,586.4876320408766,19.849149703979492,24.217506726351427,180.2396036783854,540.7188110351562
201,2,4,0.008600000000000009,373.41168188767824,18.645479321479797,19.32386301668686,540.7188110351562,540.7188110351562
