epoch,startPos,prefixLength,learnRate,MSE,MAE,RMSE,meanLoss,totalLoss
285,2,mix,0.007700000000000012,760.2040069296322,23.165972792050418,27.571797310469847,23.385762379581767,3110.306396484375
285,2,2,0.007700000000000012,758.2658961074749,23.121496209326914,27.536628263232863,23.385762379581767,3110.306396484375
285,2,3,0.007700000000000012,834.0398702235478,24.32063940396676,28.879748444602974,62.2061279296875,3110.306396484375
285,2,4,0.007700000000000012,1148.8950914438485,29.302126240730285,33.89535501280151,163.70033665707237,3110.306396484375
285,2,5,0.007700000000000012,2217.5268138340557,44.16357272863388,47.09062341734345,622.061279296875,3110.306396484375
