epoch,startPos,prefixLength,learnRate,MSE,MAE,RMSE,meanLoss,totalLoss
258,4,mix,0.007900000000000013,292.5499759062639,7.768145202845335,17.104092373062766,7.935333251953125,150.77133178710938
258,4,4,0.007900000000000013,301.08827422868717,8.10977898836136,17.351895407380923,7.935333251953125,150.77133178710938
258,4,5,0.007900000000000013,130.66051677720768,3.2113532051444054,11.430683128195255,30.154266357421875,150.77133178710938
