epoch,startPos,prefixLength,learnRate,MSE,MAE,RMSE,meanLoss,totalLoss
297,4,mix,0.00850000000000001,265.90307662301603,7.1561825081706045,16.306534782810726,7.818891023334704,148.55892944335938
297,4,4,0.00850000000000001,265.9030766632537,7.156182508915663,16.306534784044516,7.818891023334704,148.55892944335938
297,4,5,0.00850000000000001,464.44449710074196,12.682768242433667,21.550974388661455,29.711785888671876,148.55892944335938
