epoch,startPos,prefixLength,learnRate,MSE,MAE,RMSE,meanLoss,totalLoss
411,3,mix,0.00670000000000001,512.0663965562314,11.425206349400634,22.628884120880365,10.476645536200945,450.4957580566406
411,3,3,0.00670000000000001,504.69111700357894,11.322129505601795,22.465331446555133,10.476645536200945,450.4957580566406
411,3,4,0.00670000000000001,304.3872889524979,7.875840227119625,17.446698511537875,23.710303055612666,450.4957580566406
411,3,5,0.00670000000000001,177.3630767783423,6.164512747433037,13.317772966166014,90.09915161132812,450.4957580566406
