epoch,startPos,prefixLength,learnRate,MSE,MAE,RMSE,meanLoss,totalLoss
127,4,mix,0.009400000000000004,260.87199401709387,6.990356785058975,16.151532249823664,7.784798873098273,147.9111785888672
127,4,4,0.009400000000000004,260.87199401709387,6.990356785058975,16.151532249823664,7.784798873098273,147.9111785888672
127,4,5,0.009400000000000004,106.62513785624532,3.0350218936800957,10.325944889270199,29.582235717773436,147.9111785888672
