epoch,startPos,prefixLength,learnRate,MSE,MAE,RMSE,meanLoss,totalLoss
159,4,mix,0.008700000000000008,349.6169398175972,8.537767055630685,18.69804641714201,7.772810283460115,147.6833953857422
159,4,4,0.008700000000000008,356.01704704058415,8.73776741847396,18.86841400437737,7.772810283460115,147.6833953857422
159,4,5,0.008700000000000008,168.2687442919371,6.000278444960713,12.97184429030572,29.536679077148438,147.6833953857422
