epoch,startPos,prefixLength,learnRate,MSE,MAE,RMSE,meanLoss,totalLoss
20,1,mix,0.01,447.3767992844944,17.508874439493272,21.15128363207525,17.506962596921994,2328.426025390625
20,1,1,0.01,447.7402959548207,17.509031197677057,21.159874667748404,17.506962596921994,2328.426025390625
20,1,2,0.01,282.4572943069217,11.525883861351758,16.806465848206212,21.167509321732954,2328.426025390625
20,1,3,0.01,454.4759932457448,13.693521710959347,21.3184425614477,54.14944245094477,2328.426025390625
20,1,4,0.01,295.34780505060354,9.669758604466915,17.185686051205625,122.54873817845395,2328.426025390625
