epoch,startPos,prefixLength,learnRate,MSE,MAE,RMSE,meanLoss,totalLoss
130,2,mix,0.009100000000000006,332.8046439672256,8.20004759343075,18.24293408328895,8.474237615411932,932.1661376953125
130,2,2,0.009100000000000006,328.45100821902054,8.11300826032779,18.123217380449326,8.474237615411932,932.1661376953125
130,2,3,0.009100000000000006,493.1903054808547,11.345647159963846,22.20788836159023,21.678282271984013,932.1661376953125
130,2,4,0.009100000000000006,346.4186376282924,8.437840391695499,18.612324885094083,49.06137566817434,932.1661376953125
130,2,5,0.009100000000000006,168.26538181500888,6.00015174690634,12.971714682917169,186.4332275390625,932.1661376953125
