epoch,startPos,prefixLength,learnRate,MSE,MAE,RMSE,meanLoss,totalLoss
325,2,mix,0.00840000000000001,341.25764394149945,8.25167692915119,18.473160096245024,8.443985405318234,920.3944091796875
325,2,2,0.00840000000000001,342.33694596496133,8.291081138340564,18.502349741720952,8.443985405318234,920.3944091796875
325,2,3,0.00840000000000001,472.83204972068995,11.041888411580162,21.744701647083822,21.404521143713662,920.3944091796875
325,2,4,0.00840000000000001,260.96629716544146,6.989124136790633,16.154451311184836,48.44181100945724,920.3944091796875
325,2,5,0.00840000000000001,106.66686671272556,3.033008912578225,10.327965274570087,184.0788818359375,920.3944091796875
