epoch,startPos,prefixLength,learnRate,MSE,MAE,RMSE,meanLoss,totalLoss
94,3,mix,0.009400000000000004,595.7854942500306,19.773762070215664,24.40871758716608,21.3463671875,1067.318359375
94,3,3,0.009400000000000004,604.2852466559373,19.984390139579773,24.582214030797495,21.3463671875,1067.318359375
94,3,4,0.009400000000000004,578.2072470677556,19.04733011722565,24.045940344843153,56.174650493421055,1067.318359375
