epoch,startPos,prefixLength,learnRate,MSE,MAE,RMSE,meanLoss,totalLoss
19,2,mix,0.01,704.2753090748338,21.356247255578637,26.53818586631034,21.661844889322918,4159.07421875
19,2,2,0.01,1313.1713433658929,29.568698132739346,36.23770609966769,31.27123472744361,4159.07421875
19,2,3,0.01,1985.1900465279925,38.87363895086142,44.555471566666114,83.181484375,4159.07421875
19,2,4,0.01,2716.4284071762813,47.679883102575936,52.119366910739444,218.89864309210526,4159.07421875
19,2,5,0.01,3197.2899720152586,51.65387111902237,56.54458393175476,831.81484375,4159.07421875
