epoch,startPos,prefixLength,learnRate,MSE,MAE,RMSE,meanLoss,totalLoss
372,2,mix,0.007100000000000011,652.1239348846594,20.284005190644944,25.53671738663095,19.2503662109375,539.01025390625
372,2,2,0.007100000000000011,655.4383171916336,20.418278336524963,25.601529586953074,19.2503662109375,539.01025390625
372,2,3,0.007100000000000011,610.8033034912439,19.630567848682404,24.714435123855125,179.67008463541666,539.01025390625
372,2,4,0.007100000000000011,364.9070673338192,18.948564767837524,19.1025408606766,539.01025390625,539.01025390625
