epoch,startPos,prefixLength,learnRate,MSE,MAE,RMSE,meanLoss,totalLoss
112,3,mix,0.009500000000000003,487.9549180355058,11.120414167303931,22.089701628485294,10.536964593931685,453.0894775390625
112,3,3,0.009500000000000003,478.52360324873825,10.928652965548364,21.87518235921105,10.536964593931685,453.0894775390625
112,3,4,0.009500000000000003,290.54494862776545,7.259808733314276,17.045379098974756,23.84681460731908,453.0894775390625
112,3,5,0.009500000000000003,73.29073305556906,2.461723892018199,8.561000704098152,75.51491292317708,453.0894775390625
