epoch,startPos,prefixLength,learnRate,MSE,MAE,RMSE,meanLoss,totalLoss
53,3,mix,0.009700000000000002,670.9144611534609,21.41707026041471,25.902016546081136,21.48167236328125,1074.0836181640625
53,3,3,0.009700000000000002,662.930853726649,21.237240057725174,25.747443634789242,21.48167236328125,1074.0836181640625
53,3,4,0.009700000000000002,661.7040480629603,22.18599323431651,25.723608768268893,56.53071674547697,1074.0836181640625
53,3,5,0.009700000000000002,959.6168809064402,27.891374945640564,30.97768359491136,214.8167236328125,1074.0836181640625
