epoch,startPos,prefixLength,learnRate,MSE,MAE,RMSE,meanLoss,totalLoss
245,3,mix,0.008800000000000007,501.10268937920716,11.355943545360457,22.385323079625344,10.592374579851018,455.47210693359375
245,3,3,0.008800000000000007,480.49661781670096,11.040628721090881,21.920233069397344,10.592374579851018,455.47210693359375
245,3,4,0.008800000000000007,291.793877259588,7.365354393422604,17.081975215401407,23.97221615439967,455.47210693359375
245,3,5,0.008800000000000007,73.18815913842151,2.4489728081971407,8.555007839763883,75.91201782226562,455.47210693359375
