epoch,startPos,prefixLength,learnRate,MSE,MAE,RMSE,meanLoss,totalLoss
58,1,mix,0.007,421.93154924847687,17.35565100858609,20.540972451383038,17.593006564262218,2339.869873046875
58,1,1,0.007,425.5027171162221,17.400170208716933,20.62771720564886,17.593006564262218,2339.869873046875
58,1,2,0.007,266.3908916666779,11.661765753424593,16.321485583937445,21.271544300426136,2339.869873046875
58,1,3,0.007,396.86705919818945,12.614591564305805,19.92152251205187,54.41557844295058,2339.869873046875
58,1,4,0.007,255.84573158389543,9.565518104285001,15.995178385497782,123.15104594983552,2339.869873046875
58,1,5,0.007,120.61420680210733,5.2656407449394464,10.982449945349504,467.973974609375,2339.869873046875
