epoch,startPos,prefixLength,learnRate,MSE,MAE,RMSE,meanLoss,totalLoss
305,2,mix,0.00850000000000001,355.8903936249892,8.483421682345647,18.86505747738366,8.417677320875564,934.3621826171875
305,2,2,0.00850000000000001,359.5774820438531,8.516407785178334,18.962528366329558,8.417677320875564,934.3621826171875
305,2,3,0.00850000000000001,515.6411471265644,11.587742848491127,22.707733200972843,21.72935308412064,934.3621826171875
305,2,4,0.00850000000000001,265.81303812568007,7.154799437522888,16.303773738790664,49.17695697985197,934.3621826171875
305,2,5,0.00850000000000001,430.49485385776325,11.789410147815943,20.748369908447344,186.8724365234375,934.3621826171875
