epoch,startPos,prefixLength,learnRate,MSE,MAE,RMSE,meanLoss,totalLoss
495,2,mix,0.005900000000000008,345.91119114365887,8.361980225491736,18.598687887688715,8.423261607776988,926.5587768554688
495,2,2,0.005900000000000008,346.9577110730811,8.395427071090255,18.626800881339797,8.423261607776988,926.5587768554688
495,2,3,0.005900000000000008,547.6696471277503,12.397721207785336,23.40234277006792,21.547878531522528,926.5587768554688
495,2,4,0.005900000000000008,319.68153158381995,7.807225257903338,17.879640141340094,48.76625141344572,926.5587768554688
