epoch,startPos,prefixLength,learnRate,MSE,MAE,RMSE,meanLoss,totalLoss
110,3,mix,0.009200000000000005,338.69979278611095,10.131382314004721,18.403798324968434,9.658039131549874,956.1458740234375
110,3,3,0.009200000000000005,344.9310930550956,10.263808033070886,18.572320615773776,9.658039131549874,956.1458740234375
110,3,4,0.009200000000000005,313.46330558533805,9.735463983179736,17.70489496114953,12.417478883421266,956.1458740234375
