epoch,startPos,prefixLength,learnRate,MSE,MAE,RMSE,meanLoss,totalLoss
198,5,mix,0.00840000000000001,653.7800010513856,21.53024935722351,25.569122023475614,20.943199157714844,104.71599578857422
198,5,5,0.00840000000000001,651.6762472247487,21.51120752096176,25.52795031381777,20.943199157714844,104.71599578857422
