epoch,startPos,prefixLength,learnRate,MSE,MAE,RMSE,meanLoss,totalLoss
414,3,mix,0.0066000000000000095,342.0874153941621,10.14321542182006,18.495605299480257,9.646792016848169,955.0324096679688
414,3,3,0.0066000000000000095,341.2321851833298,10.145462305643237,18.472471009134914,9.646792016848169,955.0324096679688
414,3,4,0.0066000000000000095,315.507727588751,9.74492234752203,17.76253719457755,12.403018307376218,955.0324096679688
