epoch,startPos,prefixLength,learnRate,MSE,MAE,RMSE,meanLoss,totalLoss
263,3,mix,0.007800000000000013,476.0005023752846,10.765183211388914,21.817435742435098,10.46766910996548,450.1097717285156
263,3,3,0.007800000000000013,482.97532878849194,10.975410207598047,21.976699679171393,10.46766910996548,450.1097717285156
263,3,4,0.007800000000000013,294.81349045457455,7.248017260432244,17.170133676083438,23.689987985711348,450.1097717285156
