epoch,startPos,prefixLength,learnRate,MSE,MAE,RMSE,meanLoss,totalLoss
101,1,mix,0.003,791.8191183869304,22.2994300921758,28.139280701306678,21.329991658528645,4095.3583984375
101,1,1,0.003,791.474521800939,22.22471596673131,28.133156982481346,21.329991658528645,4095.3583984375
101,1,2,0.003,1314.570109008244,29.543500833439104,36.257000827540104,30.792168409304512,4095.3583984375
101,1,3,0.003,1905.1887984702412,37.9625401542737,43.64846845503564,81.90716796875,4095.3583984375
101,1,4,0.003,2074.9509579460682,41.1554637670517,45.551629586064955,215.5451788651316,4095.3583984375
