epoch,startPos,prefixLength,learnRate,MSE,MAE,RMSE,meanLoss,totalLoss
134,2,mix,0.009400000000000004,355.1374657918772,8.46156223849566,18.845091291683286,8.397754566089526,932.1507568359375
134,2,2,0.009400000000000004,359.00303532607643,8.535057944832024,18.947375420518707,8.397754566089526,932.1507568359375
134,2,3,0.009400000000000004,517.4024669607933,11.669633656570857,22.746482518420144,21.67792457757994,932.1507568359375
134,2,4,0.009400000000000004,264.7487625470277,7.1970752134919165,16.27110206922161,49.06056614925987,932.1507568359375
134,2,5,0.009400000000000004,339.98167530046135,9.420585360378027,18.43859200970783,186.4301513671875,932.1507568359375
