epoch,startPos,prefixLength,learnRate,MSE,MAE,RMSE,meanLoss,totalLoss
397,3,mix,0.008000000000000012,457.65426818612156,10.66064204885201,21.392855540720166,10.460877884265988,449.8177490234375
397,3,3,0.008000000000000012,449.53349202696694,10.480244486846708,21.20220488597747,10.460877884265988,449.8177490234375
397,3,4,0.008000000000000012,260.9457547680843,6.9877796694636345,16.153815486382292,23.674618369654606,449.8177490234375
397,3,5,0.008000000000000012,106.66597602333518,3.0328623447567225,10.32792215420581,89.9635498046875,449.8177490234375
