epoch,startPos,prefixLength,learnRate,MSE,MAE,RMSE,meanLoss,totalLoss
396,2,mix,0.00670000000000001,327.4663131776471,8.10504688389067,18.096030315448942,8.47205644087358,931.9262084960938
396,2,2,0.00670000000000001,330.2612850907646,8.151363904987063,18.173092337045023,8.47205644087358,931.9262084960938
396,2,3,0.00670000000000001,500.2962234577784,11.569082235748118,22.367302552113394,21.672702523164972,931.9262084960938
396,2,4,0.00670000000000001,355.9701682169,8.73866268992424,18.867171706880182,49.04874781558388,931.9262084960938
396,2,5,0.00670000000000001,164.45614355797431,5.829365653917193,12.824045522298114,186.38524169921874,931.9262084960938
