epoch,startPos,prefixLength,learnRate,MSE,MAE,RMSE,meanLoss,totalLoss
259,3,mix,0.007800000000000013,493.80282153310674,11.395275381139733,22.22167458885821,10.618543757948764,456.5973815917969
259,3,3,0.007800000000000013,497.9040724107615,11.503203086555004,22.31376419187855,10.618543757948764,456.5973815917969
259,3,4,0.007800000000000013,355.92991955637865,8.739765914529562,18.866105044666178,24.03144113641036,456.5973815917969
259,3,5,0.007800000000000013,183.32743126514205,6.6895444337278605,13.539846057660407,91.31947631835938,456.5973815917969
