epoch,startPos,prefixLength,learnRate,MSE,MAE,RMSE,meanLoss,totalLoss
268,2,mix,0.008700000000000008,372.9467103163547,8.974543484193939,19.311828248934763,8.307674338600853,913.8441772460938
268,2,2,0.008700000000000008,371.67398824357537,8.922647544182837,19.278848208427167,8.307674338600853,913.8441772460938
268,2,3,0.008700000000000008,458.84942431201983,11.036283738911152,21.42077086175985,21.25219016851381,913.8441772460938
268,2,4,0.008700000000000008,251.55491750035918,6.524423624575138,15.860482889885768,48.09706196032072,913.8441772460938
268,2,5,0.008700000000000008,115.57333485787103,4.833132350817323,10.75050393506607,152.30736287434897,913.8441772460938
