epoch,startPos,prefixLength,learnRate,MSE,MAE,RMSE,meanLoss,totalLoss
396,3,mix,0.0066000000000000095,538.9277363619219,12.286368489265442,23.214817172700755,10.298318552416424,442.82769775390625
396,3,3,0.0066000000000000095,535.6385272029148,12.169911946085366,23.14386586555744,10.298318552416424,442.82769775390625
396,3,4,0.0066000000000000095,319.4435004182586,7.770272873342037,17.872982415317782,23.30672093441612,442.82769775390625
