epoch,startPos,prefixLength,learnRate,MSE,MAE,RMSE,meanLoss,totalLoss
19,2,mix,0.01,456.70053535544093,17.807420489542626,21.370552996013952,17.465155809445488,2322.86572265625
19,2,2,0.01,298.90814289219907,11.969910473163639,17.288960144907474,21.116961115056817,2322.86572265625
19,2,3,0.01,400.29260810696616,12.620777591724288,20.00731386535849,54.02013308502907,2322.86572265625
19,2,4,0.01,255.17562830323436,9.107175379246474,15.97421761161511,122.25609066611842,2322.86572265625
19,2,5,0.01,95.13002322529974,6.196449348703027,9.753462114823625,387.144287109375,2322.86572265625
