epoch,startPos,prefixLength,learnRate,MSE,MAE,RMSE,meanLoss,totalLoss
245,3,mix,0.008800000000000007,465.824331539232,10.877074496651238,21.582963919240377,10.449277656022893,449.3189392089844
245,3,3,0.008800000000000007,456.5110027287661,10.679642630741,21.366118101535573,10.449277656022893,449.3189392089844
245,3,4,0.008800000000000007,260.9243915162631,6.988392926752567,16.15315422808385,23.648365221525495,449.3189392089844
245,3,5,0.008800000000000007,106.65340000515201,3.031704194843769,10.327313300425818,89.86378784179688,449.3189392089844
