epoch,startPos,prefixLength,learnRate,MSE,MAE,RMSE,meanLoss,totalLoss
421,2,mix,0.0066000000000000095,763.9346847900779,23.241414864273633,27.63936838623629,23.30307580474624,3099.30908203125
421,2,2,0.0066000000000000095,761.5024726184431,23.20209458996268,27.59533425451562,23.30307580474624,3099.30908203125
421,2,3,0.0066000000000000095,683.3107094030755,21.654641880438877,26.140212497282334,61.986181640625,3099.30908203125
421,2,4,0.0066000000000000095,711.164424111939,22.765152847766878,26.667666266697186,163.12153063322367,3099.30908203125
