epoch,startPos,prefixLength,learnRate,MSE,MAE,RMSE,meanLoss,totalLoss
430,4,mix,0.007800000000000013,265.79206607989073,7.155652496963739,16.303130560720255,7.800382112201891,148.20726013183594
430,4,4,0.007800000000000013,265.7920656776295,7.155652489513159,16.303130548383322,7.800382112201891,148.20726013183594
430,4,5,0.007800000000000013,396.5770627398657,10.8999627456069,19.914242710679854,29.641452026367187,148.20726013183594
