epoch,startPos,prefixLength,learnRate,MSE,MAE,RMSE,meanLoss,totalLoss
330,3,mix,0.007200000000000011,565.3648641483169,16.736035466194153,23.77740238437153,21.050100962320965,63.15030288696289
330,3,3,0.007200000000000011,577.7840357124887,17.58733570575714,24.037138675651242,21.050100962320965,63.15030288696289
330,3,4,0.007200000000000011,153.29001780668386,9.450843930244446,12.381034601626952,63.15030288696289,63.15030288696289
