epoch,startPos,prefixLength,learnRate,MSE,MAE,RMSE,meanLoss,totalLoss
210,1,mix,0.00019999999999999982,423.6862319606722,17.25083900582703,20.583639910391753,17.564922910748106,2318.56982421875
210,1,1,0.00019999999999999982,425.538324434563,17.258296787574448,20.628580281603554,17.564922910748106,2318.56982421875
210,1,2,0.00019999999999999982,248.65995462198944,11.124865121939886,15.768955406810859,20.888016434403152,2318.56982421875
210,1,3,0.00019999999999999982,408.16560778408433,12.890284584157847,20.203108864332844,53.92022847020349,2318.56982421875
210,1,4,0.00019999999999999982,264.4669534899368,9.359329811483622,16.2624399611478,122.02999074835526,2318.56982421875
