epoch,startPos,prefixLength,learnRate,MSE,MAE,RMSE,meanLoss,totalLoss
122,5,mix,0.009100000000000006,652.1133624106837,21.526707231998444,25.536510380447126,20.97624816894531,104.88124084472656
122,5,5,0.009100000000000006,651.4571793558348,21.488063037395477,25.523659207798453,20.97624816894531,104.88124084472656
