epoch,startPos,prefixLength,learnRate,MSE,MAE,RMSE,meanLoss,totalLoss
264,3,mix,0.008700000000000008,471.21690945266533,10.867031252180988,21.70753116898984,10.730734891669695,461.4216003417969
264,3,3,0.008700000000000008,478.18442326650745,11.017558397894556,21.867428364270626,10.730734891669695,461.4216003417969
264,3,4,0.008700000000000008,297.4071123415284,7.377386513352394,17.24549542174792,24.28534738641036,461.4216003417969
264,3,5,0.008700000000000008,118.24275135489546,4.758426338434219,10.873948287300959,76.90360005696614,461.4216003417969
