epoch,startPos,prefixLength,learnRate,MSE,MAE,RMSE,meanLoss,totalLoss
131,2,mix,0.009100000000000006,347.98976662171907,8.574837718757667,18.654483820832972,8.426421009410511,926.9063110351562
131,2,2,0.009100000000000006,347.8258169827177,8.551395395238485,18.650088926938597,8.426421009410511,926.9063110351562
131,2,3,0.009100000000000006,512.0439559197547,11.422856379469687,22.628388274902715,21.55596072174782,926.9063110351562
131,2,4,0.009100000000000006,303.6723271047364,7.829382285103202,17.426196575981127,48.78454268606085,926.9063110351562
131,2,5,0.009100000000000006,174.85512065335385,5.852413008920848,13.22327949690824,185.38126220703126,926.9063110351562
