epoch,startPos,prefixLength,learnRate,MSE,MAE,RMSE,meanLoss,totalLoss
133,2,mix,0.009100000000000006,760.1549453724992,23.217894005424835,27.57090759065612,23.48838404605263,3123.955078125
133,2,2,0.009100000000000006,760.8170010202642,23.230986908954733,27.582911394924654,23.48838404605263,3123.955078125
133,2,3,0.009100000000000006,843.2834514601138,24.51374838443903,29.039343165094383,62.4791015625,3123.955078125
133,2,4,0.009100000000000006,1138.651648293839,29.254168486595155,33.74391275910129,164.4186883223684,3123.955078125
133,2,5,0.009100000000000006,2134.5366861876937,43.3251579105854,46.201046375463115,624.791015625,3123.955078125
