epoch,startPos,prefixLength,learnRate,MSE,MAE,RMSE,meanLoss,totalLoss
382,2,mix,0.007100000000000011,759.8720087227039,23.006735615870532,27.565776040639665,23.244553644854324,3091.525634765625
382,2,2,0.007100000000000011,762.3187970864246,23.070493619231616,27.610121279821005,23.244553644854324,3091.525634765625
382,2,3,0.007100000000000011,865.9650378100598,24.379061102867126,29.427283901339923,61.8305126953125,3091.525634765625
382,2,4,0.007100000000000011,975.2246260008751,26.026040256023407,31.228586679529304,162.71187551398026,3091.525634765625
382,2,5,0.007100000000000011,1030.3575265571135,23.880024254322052,32.09918264624683,515.2542724609375,3091.525634765625
