epoch,startPos,prefixLength,learnRate,MSE,MAE,RMSE,meanLoss,totalLoss
216,3,mix,0.008200000000000011,544.8701354599684,17.131352305412292,23.34245350129177,20.43407440185547,61.302223205566406
216,3,3,0.008200000000000011,593.7779138175979,17.887320160865784,24.367558634742174,20.43407440185547,61.302223205566406
216,3,4,0.008200000000000011,276.2471048701898,13.477493345737457,16.62068304463417,61.302223205566406,61.302223205566406
