epoch,startPos,prefixLength,learnRate,MSE,MAE,RMSE,meanLoss,totalLoss
96,1,mix,0.003,447.56171150330863,17.5167235155223,21.155654362446665,17.50440738075658,2328.086181640625
96,1,1,0.003,449.0281914232523,17.547671323755022,21.190285307736,17.50440738075658,2328.086181640625
96,1,2,0.003,285.5264418677348,11.582374572687383,16.89752768507082,21.16441983309659,2328.086181640625
96,1,3,0.003,463.7590378694227,13.872756655920636,21.535065309151552,54.14153910792151,2328.086181640625
96,1,4,0.003,282.33924872991736,9.392266222462059,16.802953571617024,122.53085166529605,2328.086181640625
