epoch,startPos,prefixLength,learnRate,MSE,MAE,RMSE,meanLoss,totalLoss
155,2,mix,0.008900000000000007,772.7009413815579,23.38259202592513,27.797498833196446,23.347123913298873,3105.16748046875
155,2,2,0.008900000000000007,765.0349060149392,23.251643887337515,27.6592643794975,23.347123913298873,3105.16748046875
155,2,3,0.008900000000000007,698.2066770192746,22.12380699469493,26.423600758020747,62.103349609375,3105.16748046875
155,2,4,0.008900000000000007,835.8069440075082,24.905530333518982,28.910325906283177,163.4298673930921,3105.16748046875
