epoch,startPos,prefixLength,learnRate,MSE,MAE,RMSE,meanLoss,totalLoss
413,3,mix,0.0066000000000000095,77.65794754239403,2.356680417005464,8.812374682365363,2.373555819193522,28.482669830322266
413,3,3,0.0066000000000000095,77.6579639046584,2.35668073872057,8.812375610733941,2.373555819193522,28.482669830322266
413,3,4,0.0066000000000000095,155.41584402431548,4.032466689573994,12.466589109468375,9.494223276774088,28.482669830322266
