epoch,startPos,prefixLength,learnRate,MSE,MAE,RMSE,meanLoss,totalLoss
413,4,mix,0.0066000000000000095,682.8263822849584,19.727345009644825,26.130946831007837,19.269222861842106,366.115234375
413,4,4,0.0066000000000000095,696.4468492444172,20.072577238082886,26.39027944612215,19.269222861842106,366.115234375
413,4,5,0.0066000000000000095,842.833737165322,22.305870950222015,29.031598942623226,73.223046875,366.115234375
