epoch,startPos,prefixLength,learnRate,MSE,MAE,RMSE,meanLoss,totalLoss
77,1,mix,0.005,326.3314495408376,9.746685666227064,18.064646399551737,9.546190406843932,1632.3985595703125
77,1,1,0.005,325.51700216979765,9.7369039092906,18.042089739545073,9.546190406843932,1632.3985595703125
77,1,2,0.005,331.65709947364576,9.883269044518885,18.211455171777068,11.57729474872562,1632.3985595703125
77,1,3,0.005,347.9465894308681,10.281708501350995,18.65332649772871,16.488874339094064,1632.3985595703125
77,1,4,0.005,314.3931240255619,9.633113417330952,17.73113431299763,21.199981293120942,1632.3985595703125
