epoch,startPos,prefixLength,learnRate,MSE,MAE,RMSE,meanLoss,totalLoss
134,2,mix,0.009100000000000006,116.59370160464923,2.87992973582047,10.797856343027037,2.3311367612896543,153.8550262451172
134,2,2,0.009100000000000006,116.79129177256506,2.8918816065831967,10.807001978928525,2.3311367612896543,153.8550262451172
134,2,3,0.009100000000000006,77.64487735613062,2.3566815786666666,8.811633069762417,12.8212521870931,153.8550262451172
134,2,4,0.009100000000000006,101.63178154119889,2.797905708748658,10.081258926403928,51.2850087483724,153.8550262451172
