epoch,startPos,prefixLength,learnRate,MSE,MAE,RMSE,meanLoss,totalLoss
395,3,mix,0.00670000000000001,702.1674318955439,21.417286437291366,26.498442065441203,21.5879736328125,1079.398681640625
395,3,3,0.00670000000000001,673.9188177167483,21.06928282059156,25.959946412054634,21.5879736328125,1079.398681640625
395,3,4,0.00670000000000001,643.4058065853951,21.19577423334122,25.365445128863698,56.810456928453945,1079.398681640625
395,3,5,0.00670000000000001,1269.3011058127904,32.81937509775162,35.62725229108737,215.879736328125,1079.398681640625
