epoch,startPos,prefixLength,learnRate,MSE,MAE,RMSE,meanLoss,totalLoss
476,2,mix,0.006100000000000008,334.50240103504035,8.286600225338978,18.289406798336582,8.49861894087358,934.8480834960938
476,2,2,0.006100000000000008,331.6890280639185,8.206829058804683,18.212331758012716,8.49861894087358,934.8480834960938
476,2,3,0.006100000000000008,462.15760126682994,10.597308828072114,21.49785108486032,21.74065310456032,934.8480834960938
476,2,4,0.006100000000000008,302.60006643414295,8.092988319694996,17.395403600783254,49.20253071032072,934.8480834960938
476,2,5,0.006100000000000008,130.63278914088406,3.2145914509892464,11.429470203858273,186.96961669921876,934.8480834960938
