epoch,startPos,prefixLength,learnRate,MSE,MAE,RMSE,meanLoss,totalLoss
145,3,mix,0.008900000000000007,508.38341664490076,11.382858964360572,22.547359416235434,10.573376322901526,454.6551818847656
145,3,3,0.008900000000000007,512.9297851391617,11.492801004343413,22.647953221851235,10.573376322901526,454.6551818847656
145,3,4,0.008900000000000007,305.06722260957406,7.92346007861197,17.46617366825299,23.92922009919819,454.6551818847656
145,3,5,0.008900000000000007,179.8432426238578,6.477183163166046,13.410564590048319,90.93103637695313,454.6551818847656
