epoch,startPos,prefixLength,learnRate,MSE,MAE,RMSE,meanLoss,totalLoss
134,1,mix,0.0009,428.3813644488898,17.33263629565344,20.697375786531243,17.560996315696023,2318.051513671875
134,1,1,0.0009,424.1648607261294,17.259973912445062,20.595263065232487,17.560996315696023,2318.051513671875
134,1,2,0.0009,249.10662275914726,11.137856886189963,15.783111947874769,20.88334697001689,2318.051513671875
134,1,3,0.0009,403.6378112619779,12.776371065865863,20.09073944039835,53.90817473655523,2318.051513671875
134,1,4,0.0009,270.7127527620291,9.536842801049351,16.453350806508354,122.00271124588816,2318.051513671875
