epoch,startPos,prefixLength,learnRate,MSE,MAE,RMSE,meanLoss,totalLoss
240,3,mix,0.008100000000000012,504.7039350862131,11.313257774338126,22.465616730599965,10.498010679732921,451.4144592285156
240,3,3,0.008100000000000012,502.8755193698009,11.267140976491977,22.42488616180249,10.498010679732921,451.4144592285156
240,3,4,0.008100000000000012,303.70383211684896,7.828313023597002,17.427100508026253,23.758655748869245,451.4144592285156
240,3,5,0.008100000000000012,176.87849146177618,6.101667547598481,13.299567341149718,90.28289184570312,451.4144592285156
