epoch,startPos,prefixLength,learnRate,MSE,MAE,RMSE,meanLoss,totalLoss
166,4,mix,0.008700000000000008,683.3203648898674,19.76401360829671,26.14039718309321,19.365488152754935,367.94427490234375
166,4,4,0.008700000000000008,688.3967391335983,19.885598242282867,26.237315776077367,19.365488152754935,367.94427490234375
166,4,5,0.008700000000000008,790.3679538716174,21.04859286546707,28.113483488739302,73.58885498046875,367.94427490234375
