epoch,startPos,prefixLength,learnRate,MSE,MAE,RMSE,meanLoss,totalLoss
191,1,mix,0.0003999999999999998,424.0564377641965,17.228836640222546,20.592630666434935,17.557913115530305,2317.64453125
191,1,1,0.0003999999999999998,424.518309478836,17.234805113197687,20.603842104783176,17.557913115530305,2317.64453125
191,1,2,0.0003999999999999998,249.5875860492316,11.146575858550412,15.798341243599962,20.87968046171171,2317.64453125
191,1,3,0.0003999999999999998,406.5932094693744,12.84831255894493,20.16415655239203,53.89871002906977,2317.64453125
191,1,4,0.0003999999999999998,252.0009899144505,9.002762921527028,15.87453904573139,121.98129111842105,2317.64453125
