epoch,startPos,prefixLength,learnRate,MSE,MAE,RMSE,meanLoss,totalLoss
406,3,mix,0.0066000000000000095,501.2738569714288,16.642602920532227,22.389145963422294,20.071515401204426,60.21454620361328
406,3,3,0.0066000000000000095,498.89285588149005,16.575897932052612,22.33590956020126,20.071515401204426,60.21454620361328
406,3,4,0.0066000000000000095,97.41935105533094,7.27394425868988,9.870124166155708,60.21454620361328,60.21454620361328
