epoch,startPos,prefixLength,learnRate,MSE,MAE,RMSE,meanLoss,totalLoss
19,2,mix,0.01,325.56220874033363,9.728210396219998,18.043342504656216,9.543866073876096,1632.0010986328125
19,2,2,0.01,329.8720832413553,9.81033231351628,18.162380990425106,11.574475876828457,1632.0010986328125
19,2,3,0.01,350.99454039241806,10.317687896581797,18.734848288481498,16.48485958214962,1632.0010986328125
19,2,4,0.01,318.84750090550403,9.722289707023828,17.856301434101745,21.1948194627638,1632.0010986328125
