epoch,startPos,prefixLength,learnRate,MSE,MAE,RMSE,meanLoss,totalLoss
196,1,mix,0.0003999999999999998,789.541590780691,22.247331251700718,28.09878272773913,21.331133524576824,4095.57763671875
196,1,1,0.0003999999999999998,787.2798821938409,22.210162327935297,28.058508196157558,21.331133524576824,4095.57763671875
196,1,2,0.0003999999999999998,1324.3438580472698,29.605754664449982,36.39153552747218,30.79381681743421,4095.57763671875
196,1,3,0.0003999999999999998,1900.0205930206828,37.860046597627495,43.58922565291431,81.911552734375,4095.57763671875
196,1,4,0.0003999999999999998,2095.8804846322105,41.3428375005722,45.780787287160216,215.55671772203948,4095.57763671875
