epoch,startPos,prefixLength,learnRate,MSE,MAE,RMSE,meanLoss,totalLoss
39,1,mix,0.008,445.9839070863169,17.778734839466566,21.11833106773158,17.537693109727442,2332.51318359375
39,1,1,0.008,445.1114263903736,17.782883809879422,21.097664003163327,17.537693109727442,2332.51318359375
39,1,2,0.008,295.2769045063478,15.264947312750987,17.183623148403477,21.20466530539773,2332.51318359375
39,1,3,0.008,383.45283228748826,17.064332325350154,19.581951697608904,54.24449264171512,2332.51318359375
39,1,4,0.008,267.9828517605064,14.90625865459442,16.37018178764385,122.76385176809211,2332.51318359375
39,1,5,0.008,191.90860235136938,12.677569456398487,13.853108039402905,466.50263671875,2332.51318359375
