epoch,startPos,prefixLength,learnRate,MSE,MAE,RMSE,meanLoss,totalLoss
16,3,mix,0.01,361.15939922633953,8.61586228399365,19.004194253541495,8.39204860377956,931.5173950195312
16,3,3,0.01,492.3394773350232,11.31698527187109,22.18872410335987,21.663195233012356,931.5173950195312
16,3,4,0.01,290.530366787015,7.34253979921341,17.044951357719242,49.027231316817435,931.5173950195312
16,3,5,0.01,73.08573363942062,2.4652476124465466,8.549019454850985,155.25289916992188,931.5173950195312
