epoch,startPos,prefixLength,learnRate,MSE,MAE,RMSE,meanLoss,totalLoss
394,3,mix,0.00670000000000001,77.63957351626729,2.3575456877933902,8.811332107931655,2.4112237294514975,28.93468475341797
394,3,3,0.00670000000000001,77.63957712685622,2.3575461063765033,8.811332312814914,2.4112237294514975,28.93468475341797
394,3,4,0.00670000000000001,164.06918403389173,4.532584090527962,12.808949372758553,9.64489491780599,28.93468475341797
