epoch,startPos,prefixLength,learnRate,MSE,MAE,RMSE,meanLoss,totalLoss
483,5,mix,0.005900000000000008,650.842461559575,21.484959363937378,25.51161424840802,21.015962219238283,105.0798110961914
483,5,5,0.005900000000000008,653.1554870198765,21.526539742946625,25.55690683591965,21.015962219238283,105.0798110961914
