epoch,startPos,prefixLength,learnRate,MSE,MAE,RMSE,meanLoss,totalLoss
129,3,mix,0.009100000000000006,667.8730462328452,21.286969881791336,25.84323985557626,21.57869384765625,1078.9346923828125
129,3,3,0.009100000000000006,672.7258280098425,21.38978403348189,25.936958727072117,21.57869384765625,1078.9346923828125
129,3,4,0.009100000000000006,663.0861609751954,22.116120874881744,25.750459432312958,56.78603644120066,1078.9346923828125
129,3,5,0.009100000000000006,908.796767889959,26.94219082593918,30.14625628315992,215.7869384765625,1078.9346923828125
