epoch,startPos,prefixLength,learnRate,MSE,MAE,RMSE,meanLoss,totalLoss
50,3,mix,0.009700000000000002,82.8667009056464,2.9231255529621194,9.103114901265743,1.6779513359069824,5.033854007720947
50,3,3,0.009700000000000002,58.3646817760618,2.0481641683309135,7.639678119925066,1.6779513359069824,5.033854007720947
50,3,4,0.009700000000000002,1.5660153082891889e-06,0.001232329135746113,0.0012514053333309671,5.033854007720947,5.033854007720947
