epoch,startPos,prefixLength,learnRate,MSE,MAE,RMSE,meanLoss,totalLoss
114,2,mix,0.009200000000000005,761.6216732105464,23.196659587761935,27.59749396612936,23.484184093045112,3123.396484375
114,2,2,0.009200000000000005,760.0464851823945,23.196617107180987,27.568940588684114,23.484184093045112,3123.396484375
114,2,3,0.009200000000000005,854.7492474961674,24.691836416721344,29.236094942658937,62.4679296875,3123.396484375
114,2,4,0.009200000000000005,1122.5883845679919,28.98211911916733,33.50505013528545,164.38928865131578,3123.396484375
114,2,5,0.009200000000000005,2136.6411618654956,43.344507455825806,46.22381595958404,624.679296875,3123.396484375
