epoch,startPos,prefixLength,learnRate,MSE,MAE,RMSE,meanLoss,totalLoss
187,2,mix,0.008600000000000009,333.25339344437765,8.19821214755731,18.25522920821258,8.465897438742898,931.2487182617188
187,2,2,0.008600000000000009,329.52637495971027,8.131806361488998,18.152861343592924,8.465897438742898,931.2487182617188
187,2,3,0.008600000000000009,495.825877543893,11.44650850174102,22.267147943638697,21.65694693631904,931.2487182617188
187,2,4,0.008600000000000009,349.59080950149917,8.538128169625997,18.697347659534472,49.013090434827305,931.2487182617188
187,2,5,0.008600000000000009,179.59266174578232,6.516200432553887,13.401218666441583,186.24974365234374,931.2487182617188
