epoch,startPos,prefixLength,learnRate,MSE,MAE,RMSE,meanLoss,totalLoss
206,3,mix,0.00830000000000001,481.6971856903498,10.969000049274076,21.94760090967461,10.461392424827398,449.8398742675781
206,3,3,0.00830000000000001,476.7816217309934,10.81287615797059,21.835329668475204,10.461392424827398,449.8398742675781
206,3,4,0.00830000000000001,302.4469793451152,7.465903899818659,17.391002827471315,23.675782856188324,449.8398742675781
