epoch,startPos,prefixLength,learnRate,MSE,MAE,RMSE,meanLoss,totalLoss
74,2,mix,0.009600000000000003,346.7952866468349,8.529279304269169,18.62244040524321,8.429824551669034,927.2807006835938
74,2,2,0.009600000000000003,349.7603927294781,8.596801343107861,18.70188206383192,8.429824551669034,927.2807006835938
74,2,3,0.009600000000000003,512.169258074869,11.482056278396737,22.631156799308094,21.564667457757995,927.2807006835938
74,2,4,0.009600000000000003,304.44285878503393,7.87692749723792,17.448290998978493,48.80424740439967,927.2807006835938
74,2,5,0.009600000000000003,172.4041809362505,5.540990117006004,13.130277260448482,185.45614013671874,927.2807006835938
