epoch,startPos,prefixLength,learnRate,MSE,MAE,RMSE,meanLoss,totalLoss
337,4,mix,0.007300000000000011,685.0237318551882,19.923248668511707,26.17295802646671,19.40664351613898,368.7262268066406
337,4,4,0.007300000000000011,689.9683390173228,19.926358342170715,26.26724840970829,19.40664351613898,368.7262268066406
337,4,5,0.007300000000000011,837.7611523098572,22.238899052143097,28.94410392998645,73.74524536132813,368.7262268066406
