epoch,startPos,prefixLength,learnRate,MSE,MAE,RMSE,meanLoss,totalLoss
39,1,mix,0.008,177.83005388939333,4.647086760619284,13.335293543428032,4.852524614564462,1004.4725952148438
39,1,1,0.008,177.81501644176862,4.647085248744395,13.334729710112935,4.852524614564462,1004.4725952148438
39,1,2,0.008,116.81283972248116,2.8966916094316675,10.807998876872682,15.219281745679451,1004.4725952148438
39,1,3,0.008,77.64898166049056,2.3560058061179916,8.811865957928012,83.70604960123698,1004.4725952148438
39,1,4,0.008,101.62102836143691,2.7817327572656723,10.080725587051605,334.82419840494794,1004.4725952148438
