epoch,startPos,prefixLength,learnRate,MSE,MAE,RMSE,meanLoss,totalLoss
187,3,mix,0.00850000000000001,480.87630571284967,10.858521002598785,21.928892031127557,10.851697345112646,466.62298583984375
187,3,3,0.00850000000000001,462.71525733704425,10.540350891988385,21.510817216857294,10.851697345112646,466.62298583984375
187,3,4,0.00850000000000001,294.21040800897185,7.766206993162632,17.152562724239544,24.559104517886514,466.62298583984375
187,3,5,0.00850000000000001,130.65751657879264,3.211701463907957,11.430551893009918,93.32459716796875,466.62298583984375
