epoch,startPos,prefixLength,learnRate,MSE,MAE,RMSE,meanLoss,totalLoss
282,3,mix,0.007600000000000012,481.56193363157314,10.93927670710466,21.94451944407927,10.801244691360829,464.4535217285156
282,3,3,0.007600000000000012,462.42912658186304,10.53302977945317,21.504165330973976,10.801244691360829,464.4535217285156
282,3,4,0.007600000000000012,292.10538300304324,7.684719541668892,17.091090749365392,24.444922196237666,464.4535217285156
282,3,5,0.007600000000000012,130.66045822588768,3.2115357564762235,11.430680567047952,92.89070434570313,464.4535217285156
