epoch,startPos,prefixLength,learnRate,MSE,MAE,RMSE,meanLoss,totalLoss
70,4,mix,0.009700000000000002,260.937244518301,6.987758314609527,16.153552071241204,7.767101087068257,147.57492065429688
70,4,4,0.009700000000000002,260.9372444316643,6.987758101522923,16.15355206855954,7.767101087068257,147.57492065429688
70,4,5,0.009700000000000002,106.65345478449825,3.0315885357558727,10.32731595258411,29.514984130859375,147.57492065429688
