epoch,startPos,prefixLength,learnRate,MSE,MAE,RMSE,meanLoss,totalLoss
31,4,mix,0.0099,265.8796849244814,7.154603236913681,16.305817517821097,7.685477808902138,146.02407836914062
31,4,4,0.0099,265.8796855680377,7.15460324883461,16.305817537555047,7.685477808902138,146.02407836914062
31,4,5,0.0099,396.5207240942201,10.900797061622143,19.912828128978067,29.204815673828126,146.02407836914062
