epoch,startPos,prefixLength,learnRate,MSE,MAE,RMSE,meanLoss,totalLoss
486,4,mix,0.005900000000000008,290.11753251108195,7.640138669312,17.032836889698732,8.013280768143503,152.25233459472656
486,4,4,0.005900000000000008,294.69280958941226,7.868815449625254,17.166619049463765,8.013280768143503,152.25233459472656
486,4,5,0.005900000000000008,130.63318161251888,3.214544504880905,11.42948737312916,30.450466918945313,152.25233459472656
