epoch,startPos,prefixLength,learnRate,MSE,MAE,RMSE,meanLoss,totalLoss
356,4,mix,0.007100000000000011,682.4560408792117,19.897905965646107,26.123859609162114,19.407175164473685,368.736328125
356,4,4,0.007100000000000011,691.5100739497155,19.977761606375378,26.296579130178046,19.407175164473685,368.736328125
356,4,5,0.007100000000000011,813.2656686112578,21.579654216766357,28.51781318073421,73.747265625,368.736328125
