epoch,startPos,prefixLength,learnRate,MSE,MAE,RMSE,meanLoss,totalLoss
286,2,mix,0.007700000000000012,331.33489999335694,8.202467361332051,18.202606955965315,8.49463223544034,934.4095458984375
286,2,2,0.007700000000000012,336.6245251869315,8.330796039995871,18.34733019234492,8.49463223544034,934.4095458984375
286,2,3,0.007700000000000012,464.9253541260603,10.574645736000754,21.56212777362337,21.730454555777616,934.4095458984375
286,2,4,0.007700000000000012,298.2702832741217,7.934391779452563,17.27050327217252,49.17944978412829,934.4095458984375
286,2,5,0.007700000000000012,130.53754159113095,3.22553501278162,11.425302691444587,186.8819091796875,934.4095458984375
