epoch,startPos,prefixLength,learnRate,MSE,MAE,RMSE,meanLoss,totalLoss
173,2,mix,0.009200000000000005,357.4395560292287,8.52499656351628,18.906071935471648,8.395214183910474,931.8687744140625
173,2,2,0.009200000000000005,359.30772735767977,8.54525077563745,18.95541419641575,8.395214183910474,931.8687744140625
173,2,3,0.009200000000000005,474.3306078958745,11.273950984870845,21.779132395388814,21.671366846838662,931.8687744140625
173,2,4,0.009200000000000005,286.9999300837311,7.261810847371817,16.94107228258386,49.045724969161185,931.8687744140625
173,2,5,0.009200000000000005,72.75349574595721,2.5211419947445393,8.529565976411533,155.31146240234375,931.8687744140625
