epoch,startPos,prefixLength,learnRate,MSE,MAE,RMSE,meanLoss,totalLoss
394,4,mix,0.00680000000000001,683.2172392371402,19.862254599730175,26.138424574506022,19.2717574270148,366.16339111328125
394,4,4,0.00680000000000001,680.9818153527325,19.843361417452495,26.09562828047511,19.2717574270148,366.16339111328125
394,4,5,0.00680000000000001,787.4470965326823,20.795056641101837,28.061487781881457,73.23267822265625,366.16339111328125
