epoch,startPos,prefixLength,learnRate,MSE,MAE,RMSE,meanLoss,totalLoss
109,4,mix,0.009200000000000005,684.0815384329076,19.880771974722546,26.154952464741886,19.246027896278783,365.6745300292969
109,4,4,0.009200000000000005,690.2223079640374,19.992406566937763,26.272082292122136,19.246027896278783,365.6745300292969
109,4,5,0.009200000000000005,843.8415118586713,21.89808315038681,29.048950271200358,73.13490600585938,365.6745300292969
