epoch,startPos,prefixLength,learnRate,MSE,MAE,RMSE,meanLoss,totalLoss
63,1,mix,0.007,796.8731892919119,22.21496414889892,28.228942404771594,21.307440439860027,4091.028564453125
63,1,1,0.007,798.3032163769955,22.22982894256711,28.254260145631058,21.307440439860027,4091.028564453125
63,1,2,0.007,1343.0020958630287,29.95184678014587,36.646992998921874,30.75961326656485,4091.028564453125
63,1,3,0.007,1773.9528378078785,36.83031049141517,42.118319503606486,81.8205712890625,4091.028564453125
63,1,4,0.007,2252.1473535472896,43.50641158819199,47.456794598321636,215.31729286595396,4091.028564453125
