epoch,startPos,prefixLength,learnRate,MSE,MAE,RMSE,meanLoss,totalLoss
168,3,mix,0.008600000000000009,482.4969878080341,10.951184292747216,21.965814071143235,10.477690940679507,450.54071044921875
168,3,3,0.008600000000000009,485.7802491345323,11.144317191940816,22.0404230706793,10.477690940679507,450.54071044921875
168,3,4,0.008600000000000009,298.59245053481,7.3575580768287185,17.279827850265466,23.712668971011514,450.54071044921875
