epoch,startPos,prefixLength,learnRate,MSE,MAE,RMSE,meanLoss,totalLoss
410,4,mix,0.0066000000000000095,305.0870816925756,8.237544992566109,17.466742160247733,8.030116031044408,152.57220458984375
410,4,4,0.0066000000000000095,296.46965873573515,7.880125962942839,17.21829430390058,8.030116031044408,152.57220458984375
410,4,5,0.0066000000000000095,130.65004386314277,3.212574303150177,11.430225013670674,30.51444091796875,152.57220458984375
