epoch,startPos,prefixLength,learnRate,MSE,MAE,RMSE,meanLoss,totalLoss
188,3,mix,0.008600000000000009,720.539931282698,21.96469833759161,26.8428748699296,20.84860107421875,1042.4300537109375
188,3,3,0.008600000000000009,737.6321205368605,22.115591241763187,27.15938365531995,20.84860107421875,1042.4300537109375
188,3,4,0.008600000000000009,670.2840217074265,21.359304118156434,25.889843987699628,54.86473966899671,1042.4300537109375
188,3,5,0.008600000000000009,720.4819711393129,23.852338194847107,26.84179522944233,173.73834228515625,1042.4300537109375
