epoch,startPos,prefixLength,learnRate,MSE,MAE,RMSE,meanLoss,totalLoss
359,3,mix,0.008200000000000011,494.6824096629092,11.257895558733832,22.241457004047852,10.571389131767805,454.5697326660156
359,3,3,0.008200000000000011,490.8742014147083,11.250789678570898,22.155681018978143,10.571389131767805,454.5697326660156
359,3,4,0.008200000000000011,290.8138972070482,7.2849936679005625,17.053266467367717,23.92472277189556,454.5697326660156
359,3,5,0.008200000000000011,73.19460300237428,2.448001053184271,8.555384445036603,75.76162211100261,454.5697326660156
