epoch,startPos,prefixLength,learnRate,MSE,MAE,RMSE,meanLoss,totalLoss
304,2,mix,0.007600000000000012,762.6743242566678,23.144741777111502,27.616558877902722,23.370399876644736,3108.26318359375
304,2,2,0.007600000000000012,763.04459981749,23.135749941363056,27.623261932970372,23.370399876644736,3108.26318359375
304,2,3,0.007600000000000012,845.1908890744728,24.383157335794888,29.07216691398274,62.165263671875,3108.26318359375
304,2,4,0.007600000000000012,1137.8838543495435,29.191763627529145,33.732534063564565,163.59279913651315,3108.26318359375
304,2,5,0.007600000000000012,1950.2922651712388,41.2271591424942,44.16211345906397,621.65263671875,3108.26318359375
