epoch,startPos,prefixLength,learnRate,MSE,MAE,RMSE,meanLoss,totalLoss
458,2,mix,0.007700000000000012,341.3103364295029,8.262979690113973,18.474586231618368,8.438747580991972,919.823486328125
458,2,2,0.007700000000000012,343.32204679789794,8.303954136975367,18.528951583883476,8.438747580991972,919.823486328125
458,2,3,0.007700000000000012,460.2612832213313,10.723779564046048,21.453700921317314,21.39124386809593,919.823486328125
458,2,4,0.007700000000000012,260.9167971314886,6.9885678015649315,16.152919152013624,48.41176243832237,919.823486328125
458,2,5,0.007700000000000012,106.64527608922637,3.0325788594782352,10.326919971086557,183.964697265625,919.823486328125
