epoch,startPos,prefixLength,learnRate,MSE,MAE,RMSE,meanLoss,totalLoss
279,4,mix,0.007700000000000012,679.5544457960856,20.53384656906128,26.068265109057133,19.178990414268092,364.40081787109375
279,4,4,0.007700000000000012,686.680392203241,20.733311319351195,26.204587235887555,19.178990414268092,364.40081787109375
279,4,5,0.007700000000000012,807.8628806960928,25.640768110752106,28.42292878462902,60.73346964518229,364.40081787109375
