epoch,startPos,prefixLength,learnRate,MSE,MAE,RMSE,meanLoss,totalLoss
121,1,mix,0.005,442.6451594557984,17.832200981347878,21.03913399966354,17.524808725916355,2330.799560546875
121,1,1,0.005,436.9832242372151,17.713971247677417,20.904143709734086,17.524808725916355,2330.799560546875
121,1,2,0.005,290.0896459979199,11.98902876192221,17.032018259675507,20.998194239161037,2330.799560546875
121,1,3,0.005,410.74214190167373,13.021375566043638,20.266774333911002,54.20464094295058,2330.799560546875
121,1,4,0.005,253.6093126739699,9.00929564833641,15.925115782121331,122.67366108141448,2330.799560546875
121,1,5,0.005,67.25423246046881,4.523749012500048,8.200867787037467,388.4665934244792,2330.799560546875
