epoch,startPos,prefixLength,learnRate,MSE,MAE,RMSE,meanLoss,totalLoss
130,3,mix,0.009000000000000006,536.5800663848637,12.207118938592346,23.164197943914736,10.292736674464026,442.5876770019531
130,3,3,0.009000000000000006,542.2114284851109,12.32215122455223,23.285433826431298,10.292736674464026,442.5876770019531
130,3,4,0.009000000000000006,327.2979964834434,7.979111195728183,18.09137906527425,23.29408826326069,442.5876770019531
