epoch,startPos,prefixLength,learnRate,MSE,MAE,RMSE,meanLoss,totalLoss
306,2,mix,0.00850000000000001,368.91593476477476,8.86060676949897,19.207184456988347,8.299827991832386,912.9810791015625
306,2,2,0.00850000000000001,371.9812012554718,8.946538342296012,19.286814181079045,8.299827991832386,912.9810791015625
306,2,3,0.00850000000000001,458.4248643353458,11.047009443694895,21.410858561378284,21.232118118640987,912.9810791015625
306,2,4,0.00850000000000001,281.8267746571913,7.108700796216726,16.787697121916136,48.0516357421875,912.9810791015625
306,2,5,0.00850000000000001,114.86747207062002,4.711096478626132,10.717624366930389,152.16351318359375,912.9810791015625
