epoch,startPos,prefixLength,learnRate,MSE,MAE,RMSE,meanLoss,totalLoss
197,1,mix,0.001,438.0512143620357,17.742631139014573,20.92967305912913,17.51683285361842,2329.73876953125
197,1,1,0.001,440.597430762683,17.77616145363187,20.990412829734506,17.51683285361842,2329.73876953125
197,1,2,0.001,290.7531545837818,12.007096357229683,17.05148540696035,20.988637563344593,2329.73876953125
197,1,3,0.001,408.2904111567843,12.97735349800099,20.206197345289496,54.179971384447676,2329.73876953125
197,1,4,0.001,253.5685110617786,9.01207111030817,15.92383468457829,122.61782997532895,2329.73876953125
197,1,5,0.001,67.25485286758513,4.525380250066519,8.200905612649443,388.289794921875,2329.73876953125
