epoch,startPos,prefixLength,learnRate,MSE,MAE,RMSE,meanLoss,totalLoss
225,3,mix,0.008100000000000012,480.8307889645493,10.921430158005519,21.927854180574744,10.456483353015988,449.6287841796875
225,3,3,0.008100000000000012,483.30383920891995,10.93298564360223,21.984172470414254,10.456483353015988,449.6287841796875
225,3,4,0.008100000000000012,298.59056312133123,7.357647764310241,17.279773236976556,23.6646728515625,449.6287841796875
