epoch,startPos,prefixLength,learnRate,MSE,MAE,RMSE,meanLoss,totalLoss
491,3,mix,0.007500000000000012,518.1249179783597,11.672774636609988,22.762357478485388,10.393495071765988,446.9202880859375
491,3,3,0.007500000000000012,509.34598762098506,11.461148983375592,22.568694858608573,10.393495071765988,446.9202880859375
491,3,4,0.007500000000000012,265.8274818246656,7.157407276332378,16.30421668847251,23.522120425575658,446.9202880859375
491,3,5,0.007500000000000012,340.21855378501,9.41523913666606,18.445014334096083,89.3840576171875,446.9202880859375
