epoch,startPos,prefixLength,learnRate,MSE,MAE,RMSE,meanLoss,totalLoss
129,3,mix,0.009100000000000006,672.7169265198536,21.049928156229164,25.936787127935748,21.51414794921875,1075.7073974609375
129,3,3,0.009100000000000006,685.5815473592118,21.30304949100201,26.183612190819122,21.51414794921875,1075.7073974609375
129,3,4,0.009100000000000006,636.9493337946187,21.008082604408266,25.237855174214364,56.616178813733555,1075.7073974609375
129,3,5,0.009100000000000006,1251.064776886151,32.53986072540283,35.370394073096655,215.1414794921875,1075.7073974609375
