epoch,startPos,prefixLength,learnRate,MSE,MAE,RMSE,meanLoss,totalLoss
414,3,mix,0.0066000000000000095,669.4887761892634,21.384414443602928,25.874481177199733,21.50723876953125,1075.3619384765625
414,3,3,0.0066000000000000095,665.3394350533306,21.339484058893643,25.794174440236123,21.50723876953125,1075.3619384765625
414,3,4,0.0066000000000000095,665.5835525401984,22.361170053482056,25.798906033787524,56.59799676192434,1075.3619384765625
414,3,5,0.0066000000000000095,993.0020778499484,28.382502555847168,31.511935482447733,215.0723876953125,1075.3619384765625
