epoch,startPos,prefixLength,learnRate,MSE,MAE,RMSE,meanLoss,totalLoss
152,2,mix,0.008900000000000007,761.6119606168155,23.19984658150112,27.597317996805696,23.500697544642858,3125.5927734375
152,2,2,0.008900000000000007,758.2053560712793,23.14109607128536,27.535528977509752,23.500697544642858,3125.5927734375
152,2,3,0.008900000000000007,855.7427227145071,24.721182172115032,29.25308056794202,62.51185546875,3125.5927734375
152,2,4,0.008900000000000007,1115.959591841144,28.90913598537445,33.405981378207464,164.5048828125,3125.5927734375
152,2,5,0.008900000000000007,2128.2442195840736,43.258934527635574,46.13289736819132,625.1185546875,3125.5927734375
