epoch,startPos,prefixLength,learnRate,MSE,MAE,RMSE,meanLoss,totalLoss
297,3,mix,0.007600000000000012,513.9183472676322,11.48346885530786,22.669767252171606,10.51883289425872,452.309814453125
297,3,3,0.007600000000000012,505.64629949122246,11.356606733053923,22.48658043125327,10.51883289425872,452.309814453125
297,3,4,0.007600000000000012,304.3824791175492,7.876000840589404,17.446560667293404,23.80577970805921,452.309814453125
297,3,5,0.007600000000000012,176.35979117084574,6.03965821210295,13.280052378317103,90.461962890625,452.309814453125
