epoch,startPos,prefixLength,learnRate,MSE,MAE,RMSE,meanLoss,totalLoss
354,4,mix,0.008200000000000011,265.8766315531504,7.15433444082737,16.305723889271228,7.97689498098273,151.56100463867188
354,4,4,0.008200000000000011,265.87663165000976,7.154334441572428,16.305723892241332,7.97689498098273,151.56100463867188
354,4,5,0.008200000000000011,317.7321853880765,8.82187945395708,17.825043769597777,30.312200927734374,151.56100463867188
