epoch,startPos,prefixLength,learnRate,MSE,MAE,RMSE,meanLoss,totalLoss
431,4,mix,0.007800000000000013,260.9480598155489,6.9878707692027096,16.153886833067418,7.780750475431743,147.83425903320312
431,4,4,0.007800000000000013,260.9480598155489,6.9878707692027096,16.153886833067418,7.780750475431743,147.83425903320312
431,4,5,0.007800000000000013,106.6582389999449,3.0315827913582325,10.327547579166358,29.566851806640624,147.83425903320312
