epoch,startPos,prefixLength,learnRate,MSE,MAE,RMSE,meanLoss,totalLoss
244,2,mix,0.008100000000000012,332.05122592719,8.181368815313492,18.22227279806748,8.483121559836647,933.1433715820312
244,2,2,0.008100000000000012,332.79451870034643,8.18918118359787,18.242656569160822,8.483121559836647,933.1433715820312
244,2,3,0.008100000000000012,509.8974731328763,11.781650683080608,22.580909484183234,21.701008641442588,933.1433715820312
244,2,4,0.008100000000000012,355.9933622813327,8.738023759424687,18.867786364100393,49.11280903063322,933.1433715820312
244,2,5,0.008100000000000012,172.03337068086714,6.172396574169397,13.116149232181948,186.62867431640626,933.1433715820312
