epoch,startPos,prefixLength,learnRate,MSE,MAE,RMSE,meanLoss,totalLoss
461,2,mix,0.006300000000000009,744.3271755403101,22.898909160319498,27.282360153408835,23.52467105263158,3128.78125
461,2,2,0.006300000000000009,750.3183895265079,23.016089204479666,27.391940229317598,23.52467105263158,3128.78125
461,2,3,0.006300000000000009,844.4206456239777,24.747330303375538,29.058916800596297,62.575625,3128.78125
461,2,4,0.006300000000000009,1162.1797083656832,30.056754112243652,34.09075693447834,164.67269736842104,3128.78125
461,2,5,0.006300000000000009,1844.89780677949,38.35327509045601,42.952273592668995,625.75625,3128.78125
