epoch,startPos,prefixLength,learnRate,MSE,MAE,RMSE,meanLoss,totalLoss
205,3,mix,0.00840000000000001,667.3328632089881,21.31327649263235,25.832786593958232,21.433251953125,1071.66259765625
205,3,3,0.00840000000000001,667.6074589183531,21.316657735751225,25.83810091547661,21.433251953125,1071.66259765625
205,3,4,0.00840000000000001,660.7543436455891,22.139929274717968,25.70514235801057,56.40329461348684,1071.66259765625
205,3,5,0.00840000000000001,936.3155896754733,27.460981965065002,30.59927433249804,214.33251953125,1071.66259765625
