epoch,startPos,prefixLength,learnRate,MSE,MAE,RMSE,meanLoss,totalLoss
221,3,mix,0.008200000000000011,505.567802819763,11.35130695795471,22.484834952024066,10.554942996002907,453.862548828125
221,3,3,0.008200000000000011,508.3363171846088,11.379468391734092,22.54631493580733,10.554942996002907,453.862548828125
221,3,4,0.008200000000000011,304.3400860146507,7.8774145308882,17.445345683438052,23.887502569901315,453.862548828125
221,3,5,0.008200000000000011,178.82441179521686,6.3526404006406665,13.372524510922268,90.772509765625,453.862548828125
