epoch,startPos,prefixLength,learnRate,MSE,MAE,RMSE,meanLoss,totalLoss
343,2,mix,0.007200000000000011,333.88611749513063,9.828324065918828,18.27255093015561,9.27386171597961,1307.614501953125
343,2,2,0.007200000000000011,334.9796885633348,9.848377923610517,18.302450343146262,9.27386171597961,1307.614501953125
343,2,3,0.007200000000000011,346.4259101327465,10.211256989851021,18.612520252043957,13.208227292455808,1307.614501953125
343,2,4,0.007200000000000011,312.496269349066,9.53932849419791,17.677564010605817,16.982006518871753,1307.614501953125
