epoch,startPos,prefixLength,learnRate,MSE,MAE,RMSE,meanLoss,totalLoss
134,2,mix,0.009100000000000006,333.9819729332779,8.256664776376315,18.275173677239785,8.501535311612216,935.1688842773438
134,2,2,0.009100000000000006,331.08128706137455,8.204865668168557,18.19563923200761,8.501535311612216,935.1688842773438
134,2,3,0.009100000000000006,472.346388426828,10.950780857693065,21.73353143018474,21.748113587845204,935.1688842773438
134,2,4,0.009100000000000006,289.5112695568536,7.6272866077721115,17.015030695148734,49.21941496196546,935.1688842773438
134,2,5,0.009100000000000006,129.4899147360696,3.3495399141684175,11.37936354705612,187.03377685546874,935.1688842773438
