epoch,startPos,prefixLength,learnRate,MSE,MAE,RMSE,meanLoss,totalLoss
436,3,mix,0.006400000000000009,658.4163683880123,21.20827829379302,25.659625258136806,21.0850048828125,1054.250244140625
436,3,3,0.006400000000000009,656.9627765862416,21.218027710914612,25.631285113826063,21.0850048828125,1054.250244140625
436,3,4,0.006400000000000009,603.1029737613815,20.086794996261595,24.558154933980312,55.48685495476974,1054.250244140625
