epoch,startPos,prefixLength,learnRate,MSE,MAE,RMSE,meanLoss,totalLoss
445,5,mix,0.0062000000000000085,651.6085064415211,21.503011345863342,25.526623482974028,20.66856994628906,103.34284973144531
445,5,5,0.0062000000000000085,650.5693204113913,21.496211051940918,25.506260416050633,20.66856994628906,103.34284973144531
