epoch,startPos,prefixLength,learnRate,MSE,MAE,RMSE,meanLoss,totalLoss
93,3,mix,0.009600000000000003,472.8847587134932,10.798900542272763,21.745913609538075,10.659021421920421,458.3379211425781
93,3,3,0.009600000000000003,490.3672948544234,11.21226246858185,22.144238412156408,10.659021421920421,458.3379211425781
93,3,4,0.009600000000000003,288.28541047363524,7.072500037401914,16.978969652886338,24.123048481188324,458.3379211425781
93,3,5,0.009600000000000003,73.1624658806719,2.45306234434247,8.553506057791267,76.38965352376302,458.3379211425781
