epoch,startPos,prefixLength,learnRate,MSE,MAE,RMSE,meanLoss,totalLoss
231,2,mix,0.00830000000000001,751.0563417212979,22.948020793059293,27.405407162114887,23.58878274788534,3137.30810546875
231,2,2,0.00830000000000001,756.6452627956138,23.106525352772543,27.507185657489824,23.58878274788534,3137.30810546875
231,2,3,0.00830000000000001,830.8636298239302,24.45956625846716,28.824705199254513,62.746162109375,3137.30810546875
231,2,4,0.00830000000000001,1148.2063917965095,29.929631133874256,33.885194285948984,165.12147923519737,3137.30810546875
231,2,5,0.00830000000000001,1742.1840915219495,37.24610725045204,41.73947881229412,627.46162109375,3137.30810546875
