epoch,startPos,prefixLength,learnRate,MSE,MAE,RMSE,meanLoss,totalLoss
382,2,mix,0.008100000000000012,360.08877349804607,8.580667923722002,18.976005203889624,8.389643488703546,931.2504272460938
382,2,2,0.008100000000000012,356.1241964695777,8.498679794509101,18.87125317697735,8.389643488703546,931.2504272460938
382,2,3,0.008100000000000012,481.4967363708416,11.111175588586114,21.943033891666886,21.656986680141713,931.2504272460938
382,2,4,0.008100000000000012,289.5089162489279,7.377157274633646,17.01496154121213,49.01318038137335,931.2504272460938
382,2,5,0.008100000000000012,73.19308536624477,2.4499397464096546,8.555295749782399,155.20840454101562,931.2504272460938
