epoch,startPos,prefixLength,learnRate,MSE,MAE,RMSE,meanLoss,totalLoss
378,2,mix,0.00690000000000001,343.92753417243813,8.469575991321888,18.545283340311578,8.413923228870738,925.5315551757812
378,2,2,0.00690000000000001,351.8995918117666,8.654271424282342,18.758986961234516,8.413923228870738,925.5315551757812
378,2,3,0.00690000000000001,503.7914789822234,11.297574268145995,22.445299708006203,21.523989655250727,925.5315551757812
378,2,4,0.00690000000000001,303.6839819285768,7.828986730799079,17.426530978039686,48.712187114514805,925.5315551757812
378,2,5,0.00690000000000001,173.36443999705077,5.664721470326185,13.166793079449937,185.10631103515624,925.5315551757812
