epoch,startPos,prefixLength,learnRate,MSE,MAE,RMSE,meanLoss,totalLoss
201,1,mix,0.0003999999999999998,717.9988714334876,21.942103450638907,26.795500955076164,20.45255592401079,2842.9052734375
201,1,1,0.0003999999999999998,717.7538093783197,21.95879157441003,26.790927743889718,20.45255592401079,2842.9052734375
201,1,2,0.0003999999999999998,1044.7656123592549,26.196690925530024,32.32283422534687,101.53233119419643,2842.9052734375
201,1,3,0.0003999999999999998,1111.7884203851197,29.336762368679047,33.34349142464118,947.6350911458334,2842.9052734375
201,1,4,0.0003999999999999998,1278.1155372680666,32.57726126909256,35.75074177227749,2842.9052734375,2842.9052734375
