epoch,startPos,prefixLength,learnRate,MSE,MAE,RMSE,meanLoss,totalLoss
345,2,mix,0.007200000000000011,796.991098491651,23.769245200084917,28.23103077274457,23.12392614837876,3075.482177734375
345,2,2,0.007200000000000011,795.9364211910755,23.672247116312835,28.212345191264685,23.12392614837876,3075.482177734375
345,2,3,0.007200000000000011,710.6123174440685,22.509952829434322,26.657312644827282,61.5096435546875,3075.482177734375
345,2,4,0.007200000000000011,642.3010538032386,21.75402615070343,25.343659045276762,161.86748303865133,3075.482177734375
