epoch,startPos,prefixLength,learnRate,MSE,MAE,RMSE,meanLoss,totalLoss
19,2,mix,0.01,426.3353276282695,17.369972560893405,20.647889180937344,17.59283952067669,2339.84765625
19,2,2,0.01,268.8637029900313,11.646473032422364,16.39706385271556,21.271342329545455,2339.84765625
19,2,3,0.01,399.79936113004607,12.732136166231198,19.994983399094036,54.415061773255815,2339.84765625
19,2,4,0.01,257.9879937014436,9.593524581938983,16.0620046601115,123.14987664473684,2339.84765625
19,2,5,0.01,120.67318096416005,5.225723959505558,10.985134544654429,467.96953125,2339.84765625
