epoch,startPos,prefixLength,learnRate,MSE,MAE,RMSE,meanLoss,totalLoss
35,3,mix,0.009800000000000001,536.2815305716305,12.18185355531221,23.15775314169383,10.344908248546512,444.8310546875
35,3,3,0.009800000000000001,545.2898503012158,12.34660927341743,23.351442146069175,10.344908248546512,444.8310546875
35,3,4,0.009800000000000001,334.45816064640405,8.076195176318288,18.28819730444759,23.412160773026315,444.8310546875
