epoch,startPos,prefixLength,learnRate,MSE,MAE,RMSE,meanLoss,totalLoss
338,3,mix,0.007200000000000011,685.3336568965558,21.188256818514603,26.17887806794928,21.5191845703125,1075.959228515625
338,3,3,0.007200000000000011,668.9733296990411,20.90974072768138,25.864518740913024,21.5191845703125,1075.959228515625
338,3,4,0.007200000000000011,648.4352467623794,21.21696103811264,25.46439174145692,56.62943307976974,1075.959228515625
338,3,5,0.007200000000000011,1265.7884681312912,32.72677654027939,35.577921076579095,215.191845703125,1075.959228515625
