epoch,startPos,prefixLength,learnRate,MSE,MAE,RMSE,meanLoss,totalLoss
149,2,mix,0.008900000000000007,332.17118526065457,8.186287702327329,18.225564058778936,8.460911976207386,930.7003173828125
149,2,2,0.008900000000000007,329.81385175798897,8.144436191102224,18.160777840114363,8.460911976207386,930.7003173828125
149,2,3,0.008900000000000007,497.3746430903286,11.454826545647599,22.301897746387606,21.64419342750727,930.7003173828125
149,2,4,0.008900000000000007,343.19890872947474,8.337871606647969,18.52562843008233,48.98422723067434,930.7003173828125
149,2,5,0.008900000000000007,198.50215621144397,7.375311989337206,14.089079324478373,186.1400634765625,930.7003173828125
