epoch,startPos,prefixLength,learnRate,MSE,MAE,RMSE,meanLoss,totalLoss
338,3,mix,0.007200000000000011,666.1320346502222,21.35379931101432,25.809533793740293,21.46810302734375,1073.4051513671875
338,3,3,0.007200000000000011,665.9051879807109,21.320021262535683,25.80513879018501,21.46810302734375,1073.4051513671875
338,3,4,0.007200000000000011,663.9938830357854,22.31959656874339,25.76807876105212,56.49500796669408,1073.4051513671875
338,3,5,0.007200000000000011,996.7632406241374,28.431924790143967,31.571557462756527,214.6810302734375,1073.4051513671875
