epoch,startPos,prefixLength,learnRate,MSE,MAE,RMSE,meanLoss,totalLoss
306,2,mix,0.00850000000000001,358.1720634841997,8.547723135600487,18.925434301072187,8.413931081960866,933.9463500976562
306,2,2,0.00850000000000001,359.78972129623145,8.566800818951041,18.96812382119622,8.413931081960866,933.9463500976562
306,2,3,0.00850000000000001,474.7886906305408,11.07403222640807,21.789646409029697,21.71968256041061,933.9463500976562
306,2,4,0.00850000000000001,289.70200774212947,7.371356073766947,17.02063476319639,49.15507105777138,933.9463500976562
306,2,5,0.00850000000000001,73.20160510205415,2.449942335486412,8.55579365705217,155.65772501627603,933.9463500976562
