epoch,startPos,prefixLength,learnRate,MSE,MAE,RMSE,meanLoss,totalLoss
125,4,mix,0.009100000000000006,294.2720695960872,7.782933549582959,17.154360075388624,8.097654643811678,153.85543823242188
125,4,4,0.009100000000000006,288.09890716289135,7.571152960509062,16.973476578559012,8.097654643811678,153.85543823242188
125,4,5,0.009100000000000006,130.65092626001737,3.2125078178942204,11.430263612883886,30.771087646484375,153.85543823242188
