epoch,startPos,prefixLength,learnRate,MSE,MAE,RMSE,meanLoss,totalLoss
263,3,mix,0.007800000000000013,453.20313088010556,10.37120003795082,21.288568079608023,10.835133397301963,465.9107360839844
263,3,3,0.007800000000000013,458.161272048841,10.551569145511497,21.404702101380458,10.835133397301963,465.9107360839844
263,3,4,0.007800000000000013,289.9901832375234,7.603571987152099,17.029098133416326,24.521617688630755,465.9107360839844
263,3,5,0.007800000000000013,130.65940084401012,3.211481360718608,11.430634315033007,93.18214721679688,465.9107360839844
