epoch,startPos,prefixLength,learnRate,MSE,MAE,RMSE,meanLoss,totalLoss
250,2,mix,0.008100000000000012,791.1556458471919,23.6777845566923,28.12748914935693,23.140199130639097,3077.646484375
250,2,2,0.008100000000000012,789.8913968690083,23.67798927516648,28.10500661570832,23.140199130639097,3077.646484375
250,2,3,0.008100000000000012,717.3248052704299,22.618342610505913,26.7829200288249,61.5529296875,3077.646484375
250,2,4,0.008100000000000012,679.1111156823733,22.467671370506288,26.059760468630046,161.98139391447367,3077.646484375
