epoch,startPos,prefixLength,learnRate,MSE,MAE,RMSE,meanLoss,totalLoss
158,1,mix,0.0006999999999999999,787.6232172783597,22.255790955697496,28.064625728456804,21.32860819498698,4095.0927734375
158,1,1,0.0006999999999999999,788.7930221049486,22.22746457035343,28.085459264625683,21.32860819498698,4095.0927734375
158,1,2,0.0006999999999999999,1318.9723288666441,29.50536668661869,36.3176586369034,30.790171228853385,4095.0927734375
158,1,3,0.0006999999999999999,1902.3301266344702,37.95092950875942,43.615709631215104,81.90185546875,4095.0927734375
158,1,4,0.0006999999999999999,2087.2369176872944,41.235659539699554,45.68628807079094,215.53119860197367,4095.0927734375
