epoch,startPos,prefixLength,learnRate,MSE,MAE,RMSE,meanLoss,totalLoss
65,5,mix,0.009600000000000003,656.8532289649411,21.643288493156433,25.62914803431712,20.993731689453124,104.96865844726562
65,5,5,0.009600000000000003,657.476450911628,21.643915355205536,25.641303611782845,20.993731689453124,104.96865844726562
