epoch,startPos,prefixLength,learnRate,MSE,MAE,RMSE,meanLoss,totalLoss
442,2,mix,0.006500000000000009,750.332648140273,22.99414937285816,27.39220049832202,23.503300487546994,3125.93896484375
442,2,2,0.006500000000000009,742.0790155196487,22.872219064656427,27.241127280633023,23.503300487546994,3125.93896484375
442,2,3,0.006500000000000009,835.7388524819806,24.503366076029263,28.909148248988256,62.518779296875,3125.93896484375
442,2,4,0.006500000000000009,1190.0905167814287,30.63833525776863,34.49768857157576,164.52310341282896,3125.93896484375
442,2,5,0.006500000000000009,1839.2524968550797,38.29822185635567,42.88650716548364,625.18779296875,3125.93896484375
