epoch,startPos,prefixLength,learnRate,MSE,MAE,RMSE,meanLoss,totalLoss
139,1,mix,0.0009,703.4976084867939,21.3541551399976,26.52352933692637,21.668970743815105,4160.4423828125
139,1,1,0.0009,704.1239911885841,21.35931330981354,26.535334766845963,21.668970743815105,4160.4423828125
139,1,2,0.0009,1309.7481420718416,29.5293528314899,36.19044268963619,31.281521675281954,4160.4423828125
139,1,3,0.0009,1984.1075729049694,38.86111941704383,44.54332242777776,83.20884765625,4160.4423828125
139,1,4,0.0009,2718.0516496981104,47.69980831940969,52.13493693961958,218.97065172697367,4160.4423828125
139,1,5,0.0009,3016.270649852575,50.3055260181427,54.92058493727625,832.0884765625,4160.4423828125
