epoch,startPos,prefixLength,learnRate,MSE,MAE,RMSE,meanLoss,totalLoss
322,3,mix,0.007400000000000012,596.7108929777622,19.77845220382397,24.4276665479485,21.2585888671875,1062.929443359375
322,3,3,0.007400000000000012,599.2349504692329,19.835780024528503,24.479275938418457,21.2585888671875,1062.929443359375
322,3,4,0.007400000000000012,561.2304353783318,18.9351224899292,23.69030255987314,55.943654913651315,1062.929443359375
