epoch,startPos,prefixLength,learnRate,MSE,MAE,RMSE,meanLoss,totalLoss
61,1,mix,0.008,437.369238817036,17.47934187401199,20.913374639618446,17.54495858787594,2333.4794921875
61,1,1,0.008,438.65845250566394,17.507011594815236,20.944174667569595,17.54495858787594,2333.4794921875
61,1,2,0.008,278.55668857600637,11.45781144557585,16.690017632585246,21.408068735665136,2333.4794921875
61,1,3,0.008,392.70304433507505,12.575572582808407,19.81673647034433,54.26696493459303,2333.4794921875
61,1,4,0.008,227.56676964087404,8.701948391646146,15.08531635866063,122.81471011513158,2333.4794921875
61,1,5,0.008,97.75774768686952,4.861872047185898,9.887251776245487,466.6958984375,2333.4794921875
