epoch,startPos,prefixLength,learnRate,MSE,MAE,RMSE,meanLoss,totalLoss
158,1,mix,0.0006999999999999999,788.8191641056401,22.135509997606277,28.08592466175255,21.30848439534505,4091.22900390625
158,1,1,0.0006999999999999999,790.5770090543651,22.174690946936607,28.11720130194976,21.30848439534505,4091.22900390625
158,1,2,0.0006999999999999999,1372.8355862695275,30.25881982200286,37.0517959924958,30.761120330122182,4091.22900390625
158,1,3,0.0006999999999999999,1731.1130395474486,36.34392700287012,41.60664657897159,81.824580078125,4091.22900390625
158,1,4,0.0006999999999999999,2136.9558612614896,42.20047205686569,46.22721991707364,215.32784231085526,4091.22900390625
