epoch,startPos,prefixLength,learnRate,MSE,MAE,RMSE,meanLoss,totalLoss
77,2,mix,0.009700000000000002,357.6888620175827,8.521942191032899,18.912664064525195,8.425553055496904,935.2363891601562
77,2,2,0.009700000000000002,354.5390946377897,8.459270265643243,18.829208550488513,8.425553055496904,935.2363891601562
77,2,3,0.009700000000000002,530.4426952246057,11.972502753477205,23.03134158542671,21.749683468840843,935.2363891601562
77,2,4,0.009700000000000002,264.13139055597094,7.229993296414614,16.252119571181197,49.22296785053454,935.2363891601562
77,2,5,0.009700000000000002,385.9736738501995,10.62956964597106,19.646212710092485,187.04727783203126,935.2363891601562
