epoch,startPos,prefixLength,learnRate,MSE,MAE,RMSE,meanLoss,totalLoss
278,3,mix,0.007700000000000012,37.425533073682246,2.2530885350061,6.117641136392543,1.7319434483846028,5.195830345153809
278,3,3,0.007700000000000012,38.19247267185981,2.091199246577162,6.180005879597512,1.7319434483846028,5.195830345153809
278,3,4,0.007700000000000012,4.417931581315262,0.8765481192240259,2.101887623379343,5.195830345153809,5.195830345153809
