epoch,startPos,prefixLength,learnRate,MSE,MAE,RMSE,meanLoss,totalLoss
58,1,mix,0.008,415.27138704248665,17.22535170163169,20.378208631832354,17.62049716576598,2343.526123046875
58,1,1,0.008,414.38720468810226,17.2104025441363,20.356502761724624,17.62049716576598,2343.526123046875
58,1,2,0.008,288.81608883723175,11.906293598590073,16.99458998732337,21.11284795537725,2343.526123046875
58,1,3,0.008,437.3988087079079,13.386974915184759,20.91408158891774,54.50060751271803,2343.526123046875
58,1,4,0.008,230.4791695730415,8.923153872042894,15.18154042161208,123.34348016036184,2343.526123046875
58,1,5,0.008,288.30849015591986,10.193065548315644,16.97964929425575,468.705224609375,2343.526123046875
