epoch,startPos,prefixLength,learnRate,MSE,MAE,RMSE,meanLoss,totalLoss
297,4,mix,0.007500000000000012,563.7266874111052,18.346764254570008,23.74292920873718,19.82765599300987,376.7254638671875
297,4,4,0.007500000000000012,559.3327334842891,18.25092613697052,23.650216351743783,19.82765599300987,376.7254638671875
297,4,5,0.007500000000000012,725.1763101237643,23.305789411067963,26.92909783345451,75.3450927734375,376.7254638671875
