epoch,startPos,prefixLength,learnRate,MSE,MAE,RMSE,meanLoss,totalLoss
131,3,mix,0.009400000000000004,472.1555762125668,10.947842223061757,21.729141175218288,10.416359834892805,447.9034729003906
131,3,3,0.009400000000000004,458.227162156321,10.669444630938498,21.406241196350212,10.416359834892805,447.9034729003906
131,3,4,0.009400000000000004,260.933974269717,6.987879296764731,16.15345084710128,23.573866994757402,447.9034729003906
131,3,5,0.009400000000000004,106.65450691925336,3.031465942040086,10.327366891868099,89.58069458007813,447.9034729003906
