epoch,startPos,prefixLength,learnRate,MSE,MAE,RMSE,meanLoss,totalLoss
88,4,mix,0.009600000000000003,265.8522706696153,7.153390321135521,16.3049768681104,7.795591655530427,148.11624145507812
88,4,4,0.009600000000000003,265.8522573527604,7.153390074521303,16.3049764597426,7.795591655530427,148.11624145507812
88,4,5,0.009600000000000003,374.1048471717688,10.30503479205072,19.34179017494939,29.623248291015624,148.11624145507812
