epoch,startPos,prefixLength,learnRate,MSE,MAE,RMSE,meanLoss,totalLoss
74,3,mix,0.009600000000000003,765.1663319661922,22.5228319809987,27.66164008091697,20.9273291015625,1046.366455078125
74,3,3,0.009600000000000003,742.0412687043415,22.247959558780376,27.24043444411894,20.9273291015625,1046.366455078125
74,3,4,0.009600000000000003,671.7071448934843,21.159695434570313,25.91731361259273,55.07191868832237,1046.366455078125
74,3,5,0.009600000000000003,754.1071404186964,24.413639843463898,27.46101127815027,174.3944091796875,1046.366455078125
