epoch,startPos,prefixLength,learnRate,MSE,MAE,RMSE,meanLoss,totalLoss
306,2,mix,0.007800000000000013,768.2993800365537,23.206902791472043,27.71821386807876,23.242448161419173,3091.24560546875
306,2,2,0.007800000000000013,765.0401140971957,23.138257819063522,27.659358526495073,23.242448161419173,3091.24560546875
306,2,3,0.007800000000000013,895.436161462356,24.7566902752106,29.923839350296547,61.824912109375,3091.24560546875
306,2,4,0.007800000000000013,970.54408986571,26.19087235927582,31.153556616632233,162.69713712993422,3091.24560546875
306,2,5,0.007800000000000013,987.8759908226081,23.73041221499443,31.430494600349643,515.2076009114584,3091.24560546875
