epoch,startPos,prefixLength,learnRate,MSE,MAE,RMSE,meanLoss,totalLoss
203,4,mix,0.009000000000000006,260.93394820862176,6.987888483703136,16.15345004042857,7.8535108064350325,149.21670532226562
203,4,4,0.009000000000000006,260.93394820862176,6.987888483703136,16.15345004042857,7.8535108064350325,149.21670532226562
203,4,5,0.009000000000000006,106.65200097809364,3.0317646972835064,10.327245565885109,29.843341064453124,149.21670532226562
