epoch,startPos,prefixLength,learnRate,MSE,MAE,RMSE,meanLoss,totalLoss
20,1,mix,0.01,445.86839968223177,17.768927046152598,21.11559612424503,17.559502393679512,2335.413818359375
20,1,1,0.01,443.3962625257912,17.72681574808324,21.05697657608497,17.559502393679512,2335.413818359375
20,1,2,0.01,293.0319236903738,15.21631115315748,17.118175244177568,21.231034712357953,2335.413818359375
20,1,3,0.01,379.39593495179355,16.99557896127755,19.478088585685033,54.31194926417151,2335.413818359375
20,1,4,0.01,267.8045779002003,14.895899766683579,16.364735802945315,122.91651675575658,2335.413818359375
20,1,5,0.01,194.86516519760642,12.848372831940651,13.959411348534953,467.082763671875,2335.413818359375
