epoch,startPos,prefixLength,learnRate,MSE,MAE,RMSE,meanLoss,totalLoss
154,2,mix,0.009300000000000004,376.0502333050781,9.014907811369214,19.392014678858875,8.299967817826705,912.9964599609375
154,2,2,0.009300000000000004,369.55756560522565,8.89287380807634,19.22388008715269,8.299967817826705,912.9964599609375
154,2,3,0.009300000000000004,459.67832365914893,11.119903573935682,21.440110159678493,21.23247581304506,912.9964599609375
154,2,4,0.009300000000000004,251.75211305412304,6.518574078381062,15.866698240469661,48.05244526110197,912.9964599609375
154,2,5,0.009300000000000004,114.24849006990766,4.6557512152940035,10.68870853143202,152.16607666015625,912.9964599609375
