epoch,startPos,prefixLength,learnRate,MSE,MAE,RMSE,meanLoss,totalLoss
225,3,mix,0.008900000000000007,523.1123889301729,11.755874860015782,22.871650332456834,10.46095382335574,449.8210144042969
225,3,3,0.008900000000000007,514.3327360982663,11.544231877746908,22.678905090375643,10.46095382335574,449.8210144042969
225,3,4,0.008900000000000007,265.86162194014685,7.153295972943306,16.305263626821457,23.674790231805098,449.8210144042969
225,3,5,0.008900000000000007,430.5274456377406,11.789238885045052,20.74915529937883,89.96420288085938,449.8210144042969
