epoch,startPos,prefixLength,learnRate,MSE,MAE,RMSE,meanLoss,totalLoss
376,3,mix,0.00690000000000001,339.8732927655018,10.101026977358673,18.43565276212106,9.647458471433081,955.098388671875
376,3,3,0.00690000000000001,345.5933356750777,10.255773154857497,18.590140819129847,9.647458471433081,955.098388671875
376,3,4,0.00690000000000001,315.46937213478475,9.739449587451029,17.76145748903464,12.403875177556818,955.098388671875
