epoch,startPos,prefixLength,learnRate,MSE,MAE,RMSE,meanLoss,totalLoss
39,1,mix,0.008,426.04335902993563,17.276238348992432,20.640817789756674,17.56677616003788,2318.814453125
39,1,1,0.008,425.25079313751166,17.2543275533244,20.621609858047254,17.56677616003788,2318.814453125
39,1,2,0.008,250.21010598306586,11.158447929591473,15.818031040020937,20.890220298423422,2318.814453125
39,1,3,0.008,405.2063606341589,12.80004534362392,20.1297382157384,53.92591751453488,2318.814453125
39,1,4,0.008,286.4243309447881,9.97559294141829,16.924075482719523,122.04286595394737,2318.814453125
