epoch,startPos,prefixLength,learnRate,MSE,MAE,RMSE,meanLoss,totalLoss
11,3,mix,0.01,329.9991679616241,8.131256057747773,18.16587922346794,8.475958806818182,932.35546875
11,3,3,0.01,493.97504623666464,11.403494147075849,22.225549402358194,21.68268531976744,932.35546875
11,3,4,0.01,349.6087184683932,8.5376099742949,18.697826570711186,49.071340460526315,932.35546875
11,3,5,0.01,164.48178434378323,5.828237449750304,12.825045198508395,186.47109375,932.35546875
