epoch,startPos,prefixLength,learnRate,MSE,MAE,RMSE,meanLoss,totalLoss
235,3,mix,0.008100000000000012,602.2330602722884,18.19574862718582,24.54043724696625,21.071273803710938,63.21382141113281
235,3,3,0.008100000000000012,579.5799678319306,17.94923311471939,24.074467134952968,21.071273803710938,63.21382141113281
235,3,4,0.008100000000000012,149.5439968568844,10.378154277801514,12.228818293559048,63.21382141113281,63.21382141113281
