epoch,startPos,prefixLength,learnRate,MSE,MAE,RMSE,meanLoss,totalLoss
91,3,mix,0.009400000000000004,668.92558356039,21.326427450546852,25.86359571986057,21.54044677734375,1077.0223388671875
91,3,3,0.009400000000000004,671.174861186079,21.382687100997337,25.90704269472066,21.54044677734375,1077.0223388671875
91,3,4,0.009400000000000004,660.6870025352964,22.07226773103078,25.70383244839758,56.68538625616776,1077.0223388671875
91,3,5,0.009400000000000004,915.4700379787764,27.09654462337494,30.256735415090247,215.4044677734375,1077.0223388671875
