epoch,startPos,prefixLength,learnRate,MSE,MAE,RMSE,meanLoss,totalLoss
160,4,mix,0.008700000000000008,304.4745956661608,7.8789415959268805,17.449200430568755,7.637948287160773,145.1210174560547
160,4,4,0.008700000000000008,304.47459574365274,7.878941596671939,17.449200432789254,7.637948287160773,145.1210174560547
160,4,5,0.008700000000000008,174.4284643222025,5.793004095554352,13.207136870730253,29.024203491210937,145.1210174560547
