epoch,startPos,prefixLength,learnRate,MSE,MAE,RMSE,meanLoss,totalLoss
106,2,mix,0.009400000000000004,657.9461395138596,20.519559485571726,25.650460805097822,19.355135236467635,541.9437866210938
106,2,2,0.009400000000000004,646.6426758330286,20.271791756153107,25.429169782614387,19.355135236467635,541.9437866210938
106,2,3,0.009400000000000004,616.5951838583626,19.821156680583954,24.83133471761763,180.6479288736979,541.9437866210938
106,2,4,0.009400000000000004,356.15628826128295,18.274249792099,18.872103440297348,541.9437866210938,541.9437866210938
