epoch,startPos,prefixLength,learnRate,MSE,MAE,RMSE,meanLoss,totalLoss
112,3,mix,0.009200000000000005,745.8641278770835,22.262777319321266,27.310513138296827,20.88856689453125,1044.4283447265625
112,3,3,0.009200000000000005,754.5423066616416,22.443862704130318,27.468933482420493,20.88856689453125,1044.4283447265625
112,3,4,0.009200000000000005,672.8227902077151,21.32242910861969,25.938827849533123,54.9699128803454,1044.4283447265625
112,3,5,0.009200000000000005,740.3988812474854,24.189008235931396,27.210271612894374,174.0713907877604,1044.4283447265625
