epoch,startPos,prefixLength,learnRate,MSE,MAE,RMSE,meanLoss,totalLoss
358,3,mix,0.0070000000000000106,543.2665638120349,12.369806775484573,23.308079367722147,10.26972216229106,441.5980529785156
358,3,3,0.0070000000000000106,538.6241911753751,12.281804956665093,23.208278505209627,10.26972216229106,441.5980529785156
358,3,4,0.0070000000000000106,319.5110499017286,7.770281014218926,17.87487202476506,23.242002788342926,441.5980529785156
