epoch,startPos,prefixLength,learnRate,MSE,MAE,RMSE,meanLoss,totalLoss
388,4,mix,0.00670000000000001,305.735518133541,7.971410772204399,17.485294339345305,7.556752255088405,143.5782928466797
388,4,4,0.00670000000000001,304.33243117939236,7.8778488399460915,17.445126287287014,7.556752255088405,143.5782928466797
388,4,5,0.00670000000000001,172.3219936575493,5.541404891759157,13.127147201793287,28.715658569335936,143.5782928466797
