epoch,startPos,prefixLength,learnRate,MSE,MAE,RMSE,meanLoss,totalLoss
151,3,mix,0.008900000000000007,596.2713018308251,19.87998450719393,24.418667077275636,21.32741455078125,1066.3707275390625
151,3,3,0.008900000000000007,599.2601379078648,19.760894793730515,24.47979039754762,21.32741455078125,1066.3707275390625
151,3,4,0.008900000000000007,566.0050555513851,18.814260482788086,23.790860756840747,56.12477513363487,1066.3707275390625
