epoch,startPos,prefixLength,learnRate,MSE,MAE,RMSE,meanLoss,totalLoss
128,3,mix,0.009100000000000006,77.64916295016214,2.3559772067467293,8.811876244600928,2.3728326161702475,28.47399139404297
128,3,3,0.009100000000000006,77.6491647196583,2.3559766358985144,8.811876345004979,2.3728326161702475,28.47399139404297
128,3,4,0.009100000000000006,106.6833632378505,3.0629255549420122,10.328763877533966,9.49133046468099,28.47399139404297
