epoch,startPos,prefixLength,learnRate,MSE,MAE,RMSE,meanLoss,totalLoss
322,3,mix,0.007400000000000012,661.5997036381889,21.34529356773083,25.72158050428062,21.09083740234375,1054.5418701171875
322,3,3,0.007400000000000012,659.1983726509769,21.220338262044468,25.67485876594021,21.09083740234375,1054.5418701171875
322,3,4,0.007400000000000012,571.1300465669149,19.347834062576293,23.898327275500158,55.50220369037829,1054.5418701171875
