epoch,startPos,prefixLength,learnRate,MSE,MAE,RMSE,meanLoss,totalLoss
174,2,mix,0.008700000000000008,769.5287848618461,23.305275934584,27.740381844196847,23.35842964344455,3106.671142578125
174,2,2,0.008700000000000008,766.2659934123694,23.29157055826748,27.681509955426375,23.35842964344455,3106.671142578125
174,2,3,0.008700000000000008,695.7267495932689,22.02743789782891,26.376632643180002,62.1334228515625,3106.671142578125
174,2,4,0.008700000000000008,830.4765166520025,24.66489944458008,28.817989462348038,163.50900750411185,3106.671142578125
