epoch,startPos,prefixLength,learnRate,MSE,MAE,RMSE,meanLoss,totalLoss
193,2,mix,0.008600000000000009,758.7724822821431,23.103996262830847,27.545825133441603,23.54428123531485,3131.389404296875
193,2,2,0.008600000000000009,748.8652945908892,22.951504973804248,27.365403241883524,23.54428123531485,3131.389404296875
193,2,3,0.008600000000000009,837.3128064048494,24.638572229788853,28.936357863505375,62.6277880859375,3131.389404296875
193,2,4,0.008600000000000009,1166.8026462732407,30.353051483631134,34.15849303282042,164.80996864720396,3131.389404296875
193,2,5,0.008600000000000009,1770.1713787375174,37.81979486346245,42.0734046487507,626.277880859375,3131.389404296875
