epoch,startPos,prefixLength,learnRate,MSE,MAE,RMSE,meanLoss,totalLoss
325,2,mix,0.00840000000000001,361.45668839602433,8.606460006148726,19.012014317163352,8.38527150197072,930.76513671875
325,2,2,0.00840000000000001,358.72676443793284,8.552522290704978,18.940083538303966,8.38527150197072,930.76513671875
325,2,3,0.00840000000000001,472.4295528254334,11.044725074686788,21.735444619915953,21.645700853924417,930.76513671875
325,2,4,0.00840000000000001,287.67812866111916,7.441229442507028,16.961076872095095,48.987638774671055,930.76513671875
325,2,5,0.00840000000000001,73.08018717508202,2.4698403794318438,8.548695056854116,155.12752278645834,930.76513671875
