epoch,startPos,prefixLength,learnRate,MSE,MAE,RMSE,meanLoss,totalLoss
77,2,mix,0.009600000000000003,307.7698222010087,7.597423101442733,17.543369750450132,8.6310034399634,958.0413818359375
77,2,2,0.009600000000000003,304.2045635870477,7.533576885637428,17.441461050813594,8.6310034399634,958.0413818359375
77,2,3,0.009600000000000003,476.90416317922643,11.313397079198198,21.838135524335094,22.280032135719477,958.0413818359375
77,2,4,0.009600000000000003,290.0828029406477,7.194419615529478,17.031817370458377,50.42323062294408,958.0413818359375
