epoch,startPos,prefixLength,learnRate,MSE,MAE,RMSE,meanLoss,totalLoss
50,4,mix,0.009600000000000003,566.6457623712355,18.438573169708253,23.80432234639826,20.009776868318255,380.1857604980469
50,4,4,0.009600000000000003,570.6101068590226,18.296591091156007,23.88744663749189,20.009776868318255,380.1857604980469
50,4,5,0.009600000000000003,765.6607898312986,24.248122692108154,27.670576246823966,76.03715209960937,380.1857604980469
