epoch,startPos,prefixLength,learnRate,MSE,MAE,RMSE,meanLoss,totalLoss
307,2,mix,0.007600000000000012,792.6884569767772,23.696864101019774,28.15472352868657,23.13655904898966,3077.162353515625
307,2,2,0.007600000000000012,791.4063562227744,23.617687386996817,28.131945475255964,23.13655904898966,3077.162353515625
307,2,3,0.007600000000000012,720.223524095405,22.702644504033604,26.83698053238115,61.5432470703125,3077.162353515625
307,2,4,0.007600000000000012,663.2569876127303,22.157795357704163,25.753776181615198,161.95591334292763,3077.162353515625
