epoch,startPos,prefixLength,learnRate,MSE,MAE,RMSE,meanLoss,totalLoss
435,3,mix,0.006500000000000009,718.4099961461845,21.719287908994236,26.803171382248493,20.83681396484375,1041.8406982421875
435,3,3,0.006500000000000009,770.7694252944314,22.300314132983868,27.76273447076911,20.83681396484375,1041.8406982421875
435,3,4,0.006500000000000009,666.7518646586492,21.32084903717041,25.821538774028344,54.83372096011513,1041.8406982421875
435,3,5,0.006500000000000009,708.1075864034407,23.54454830288887,26.610290986823887,173.6401163736979,1041.8406982421875
