epoch,startPos,prefixLength,learnRate,MSE,MAE,RMSE,meanLoss,totalLoss
284,3,mix,0.007700000000000012,599.1655681963936,19.841803069298084,24.477858733892422,21.2430810546875,1062.154052734375
284,3,3,0.007700000000000012,593.9946164913732,19.710901131996742,24.372004769640377,21.2430810546875,1062.154052734375
284,3,4,0.007700000000000012,573.8850788807298,19.196930527687073,23.955898623944996,55.90284488075658,1062.154052734375
