epoch,startPos,prefixLength,learnRate,MSE,MAE,RMSE,meanLoss,totalLoss
87,4,mix,0.009400000000000004,294.3706488524281,7.806309652328491,17.157233135107422,8.01139349686472,152.2164764404297
87,4,4,0.009400000000000004,296.59568962354103,7.914091464877129,17.221953710991706,8.01139349686472,152.2164764404297
87,4,5,0.009400000000000004,130.65631285914344,3.211840296164155,11.430499239278372,30.443295288085938,152.2164764404297
