epoch,startPos,prefixLength,learnRate,MSE,MAE,RMSE,meanLoss,totalLoss
239,4,mix,0.008100000000000012,288.2069244399724,7.590436696261167,16.976658223571928,7.9071205540707235,150.23529052734375
239,4,4,0.008100000000000012,303.1724768705914,8.192706904560328,17.411848749360058,7.9071205540707235,150.23529052734375
239,4,5,0.008100000000000012,130.64665685697787,3.212970970198512,11.430076852627801,30.04705810546875,150.23529052734375
