epoch,startPos,prefixLength,learnRate,MSE,MAE,RMSE,meanLoss,totalLoss
392,3,mix,0.00680000000000001,35.14910840419816,1.314257325350809,5.928668349992109,1.6369915008544922,4.910974502563477
392,3,3,0.00680000000000001,36.86955591051119,1.4349823187085349,6.072030624964864,1.6369915008544922,4.910974502563477
392,3,4,0.00680000000000001,5.2625405989063,0.7924284547270872,2.294022798253387,4.910974502563477,4.910974502563477
