epoch,startPos,prefixLength,learnRate,MSE,MAE,RMSE,meanLoss,totalLoss
339,3,mix,0.007100000000000011,541.7468016184154,12.275527314198287,23.275454917539538,10.322523250136264,443.8684997558594
339,3,3,0.007100000000000011,537.9344944499093,12.249949742447246,23.193414894101068,10.322523250136264,443.8684997558594
339,3,4,0.007100000000000011,319.7594763107038,7.827160112187267,17.8818197147467,23.361499987150495,443.8684997558594
