epoch,startPos,prefixLength,learnRate,MSE,MAE,RMSE,meanLoss,totalLoss
58,1,mix,0.007,425.3224495659053,17.258789119169567,20.623347195979253,17.629904840225564,2344.77734375
58,1,1,0.007,423.92802058238783,17.235441277537383,20.589512393021547,17.629904840225564,2344.77734375
58,1,2,0.007,273.07388870375627,11.526385523378849,16.52494746447795,21.316157670454544,2344.77734375
58,1,3,0.007,429.2404248435005,13.235427609898828,20.71811827467689,54.52970566860465,2344.77734375
58,1,4,0.007,269.091425834748,9.54496036618948,16.404006395839644,123.40933388157895,2344.77734375
