epoch,startPos,prefixLength,learnRate,MSE,MAE,RMSE,meanLoss,totalLoss
45,4,mix,0.009700000000000002,343.1898450920561,8.338183465600014,18.5253838041768,7.7888344212582235,147.98785400390625
45,4,4,0.009700000000000002,349.589316108343,8.538166502863168,18.697307723529153,7.7888344212582235,147.98785400390625
45,4,5,0.009700000000000002,156.90697684988137,5.485106099396944,12.526251508327675,29.59757080078125,147.98785400390625
