epoch,startPos,prefixLength,learnRate,MSE,MAE,RMSE,meanLoss,totalLoss
163,4,mix,0.008700000000000008,290.46518431900665,7.687274648994207,17.043039174953705,8.052027652138158,152.988525390625
163,4,4,0.008700000000000008,298.658310410264,7.963106027990579,17.28173343187147,8.052027652138158,152.988525390625
163,4,5,0.008700000000000008,130.67794286812625,3.2130995113402605,11.431445353415562,30.597705078125,152.988525390625
