epoch,startPos,prefixLength,learnRate,MSE,MAE,RMSE,meanLoss,totalLoss
401,2,mix,0.008000000000000012,344.3032412181353,8.325253107617128,18.555410025599954,8.460046050745413,922.14501953125
401,2,2,0.008000000000000012,344.24920338660456,8.33710855701617,18.553953847808412,8.460046050745413,922.14501953125
401,2,3,0.008000000000000012,464.77211875128137,10.806786722926931,21.55857413539405,21.445233012354652,922.14501953125
401,2,4,0.008000000000000012,260.8483758257265,6.9912918649613855,16.150801089287384,48.53394839638158,922.14501953125
401,2,5,0.008000000000000012,106.61558428581152,3.0361785739660263,10.325482278606241,184.42900390625,922.14501953125
