epoch,startPos,prefixLength,learnRate,MSE,MAE,RMSE,meanLoss,totalLoss
493,3,mix,0.005900000000000008,669.6213889841565,21.386340641058407,25.877043667779294,21.016591796875,1050.82958984375
493,3,3,0.005900000000000008,665.9515606337619,21.39027265401987,25.806037290404777,21.016591796875,1050.82958984375
493,3,4,0.005900000000000008,591.4512738240594,19.699915528297424,24.319771253530725,55.3068205180921,1050.82958984375
