epoch,startPos,prefixLength,learnRate,MSE,MAE,RMSE,meanLoss,totalLoss
194,1,mix,0.001,439.6776812622739,17.504888022600703,20.96849258440563,17.539069842575188,2332.6962890625
194,1,1,0.001,441.6343443042451,17.54149471934546,21.015098008437768,17.539069842575188,2332.6962890625
194,1,2,0.001,277.9501210795581,11.418142699475947,16.671836164008994,21.400883385894495,2332.6962890625
194,1,3,0.001,388.66071889716983,12.438620856878432,19.714479929665146,54.24875090843023,2332.6962890625
194,1,4,0.001,227.98388011735543,8.669936394691467,15.099135078452521,122.77348889802632,2332.6962890625
194,1,5,0.001,97.8547594142446,4.824110304936767,9.892156459248135,466.5392578125,2332.6962890625
