epoch,startPos,prefixLength,learnRate,MSE,MAE,RMSE,meanLoss,totalLoss
19,2,mix,0.01,439.8807756838261,17.509724628180265,20.973334872733666,17.567995917528197,2336.54345703125
19,2,2,0.01,280.55716881422313,11.456199182775514,16.74984085937007,21.436178504873855,2336.54345703125
19,2,3,0.01,385.8135879525537,12.365715067495,19.642138069786437,54.338219930959305,2336.54345703125
19,2,4,0.01,227.95611995099654,8.673659455031157,15.098215787005978,122.97597142269737,2336.54345703125
19,2,5,0.01,97.85204933112314,4.827692925930023,9.892019476887576,467.30869140625,2336.54345703125
