epoch,startPos,prefixLength,learnRate,MSE,MAE,RMSE,meanLoss,totalLoss
56,3,mix,0.009700000000000002,671.1488459451004,21.565556448239548,25.9065406016531,21.04456787109375,1052.2283935546875
56,3,3,0.009700000000000002,663.9245961034467,21.412756896935978,25.76673429256115,21.04456787109375,1052.2283935546875
56,3,4,0.009700000000000002,579.5737867539607,19.495049381256102,24.07433876047192,55.380441766036185,1052.2283935546875
