epoch,startPos,prefixLength,learnRate,MSE,MAE,RMSE,meanLoss,totalLoss
72,3,mix,0.009600000000000003,343.6472446051928,10.178245168985226,18.53772490369821,9.651633522727273,955.51171875
72,3,3,0.009600000000000003,341.2146438384993,10.163747527797778,18.471996206108837,9.651633522727273,955.51171875
72,3,4,0.009600000000000003,311.59124877822387,9.657727631895492,17.651947450018763,12.40924310064935,955.51171875
