epoch,startPos,prefixLength,learnRate,MSE,MAE,RMSE,meanLoss,totalLoss
50,4,mix,0.009800000000000001,265.8357985039064,7.153999706357718,16.304471733359115,7.949405067845395,151.0386962890625
50,4,4,0.009800000000000001,265.83579609022155,7.153999661654234,16.30447165934001,7.949405067845395,151.0386962890625
50,4,5,0.009800000000000001,328.93033087447577,9.118592586368322,18.136436553923037,30.2077392578125,151.0386962890625
