epoch,startPos,prefixLength,learnRate,MSE,MAE,RMSE,meanLoss,totalLoss
38,2,mix,0.0099,757.440532513228,23.15697351448676,27.521637533279666,23.467808314732142,3121.218505859375
38,2,2,0.0099,762.341544175131,23.23120056180393,27.6105332106269,23.467808314732142,3121.218505859375
38,2,3,0.0099,833.2575611384171,24.40069426023043,28.866201016732653,62.4243701171875,3121.218505859375
38,2,4,0.0099,1099.4158829954272,28.63982093334198,33.15744083905492,164.274658203125,3121.218505859375
38,2,5,0.0099,2120.7084563065387,43.18647187948227,46.051150434126384,624.243701171875,3121.218505859375
