epoch,startPos,prefixLength,learnRate,MSE,MAE,RMSE,meanLoss,totalLoss
59,2,mix,0.009800000000000001,340.45206995857615,8.245247622951865,18.451343310409033,8.448110597942946,920.8440551757812
59,2,2,0.009800000000000001,343.976867533401,8.300933223410413,18.546613371001214,8.448110597942946,920.8440551757812
59,2,3,0.009800000000000001,451.8149579473975,10.862474880773913,21.25593935697497,21.41497802734375,920.8440551757812
59,2,4,0.009800000000000001,255.85345162013232,7.185165777802467,15.995419707532914,48.46547658819901,920.8440551757812
59,2,5,0.009800000000000001,105.72639002247486,3.1474651489406824,10.282333880130272,184.16881103515624,920.8440551757812
