epoch,startPos,prefixLength,learnRate,MSE,MAE,RMSE,meanLoss,totalLoss
36,2,mix,0.0099,352.3066826537401,8.648824214602687,18.76983438002957,8.415973455255681,925.757080078125
36,2,2,0.0099,350.48850085113264,8.629304302856326,18.721338115934252,8.415973455255681,925.757080078125
36,2,3,0.0099,505.72888641919343,11.350656444037503,22.488416716594198,21.529234420421513,925.757080078125
36,2,4,0.0099,304.4547048491607,7.877695890516042,17.448630457693827,48.7240568462171,925.757080078125
36,2,5,0.0099,172.91255778593612,5.604196910746396,13.149621963613104,185.151416015625,925.757080078125
