epoch,startPos,prefixLength,learnRate,MSE,MAE,RMSE,meanLoss,totalLoss
229,2,mix,0.008200000000000011,327.52281344494986,9.723279036982502,18.097591371366242,9.28058770362367,1308.5628662109375
229,2,2,0.008200000000000011,336.8907241918067,9.906204035039991,18.354583193083048,9.28058770362367,1308.5628662109375
229,2,3,0.008200000000000011,352.55636333080963,10.313235421808294,18.77648431764609,13.217806729403408,1308.5628662109375
229,2,4,0.008200000000000011,313.71316094979784,9.575156620016234,17.7119496654038,16.994322937804384,1308.5628662109375
