epoch,startPos,prefixLength,learnRate,MSE,MAE,RMSE,meanLoss,totalLoss
349,3,mix,0.007100000000000011,576.9175464268415,17.617521047592163,24.01910794402743,20.007129669189453,60.02138900756836
349,3,3,0.007100000000000011,632.45417121059,18.858497083187103,25.148641538074973,20.007129669189453,60.02138900756836
349,3,4,0.007100000000000011,240.83686410143764,12.930333733558655,15.51891955328842,60.02138900756836,60.02138900756836
