epoch,startPos,prefixLength,learnRate,MSE,MAE,RMSE,meanLoss,totalLoss
111,2,mix,0.009200000000000005,328.34110159291976,8.108973173025463,18.120184921598337,8.47784090909091,932.5625
111,2,2,0.009200000000000005,328.31888606304716,8.103384571482561,18.119571906175022,8.47784090909091,932.5625
111,2,3,0.009200000000000005,497.9712607904064,11.502793817526914,22.315269677743228,21.6875,932.5625
111,2,4,0.009200000000000005,359.25397751686376,8.839783992618322,18.95399634686215,49.08223684210526,932.5625
111,2,5,0.009200000000000005,187.1927119058497,6.860872026532888,13.681838761871509,186.5125,932.5625
