epoch,startPos,prefixLength,learnRate,MSE,MAE,RMSE,meanLoss,totalLoss
88,4,mix,0.009300000000000004,561.3841657766767,18.384675693511962,23.693546922668137,19.98363615337171,379.6890869140625
88,4,4,0.009300000000000004,558.6318019901028,18.271763944625853,23.635392994196284,19.98363615337171,379.6890869140625
88,4,5,0.009300000000000004,766.7355316606104,24.32548874616623,27.689989737459463,75.9378173828125,379.6890869140625
