epoch,startPos,prefixLength,learnRate,MSE,MAE,RMSE,meanLoss,totalLoss
247,2,mix,0.008100000000000012,753.4323968169219,23.084813994519852,27.448723045287952,23.435776330474624,3116.958251953125
247,2,2,0.008100000000000012,759.0746674913196,23.203783133450678,27.551309723701333,23.435776330474624,3116.958251953125
247,2,3,0.008100000000000012,834.5967200618809,24.383189600247604,28.889387671978803,62.3391650390625,3116.958251953125
247,2,4,0.008100000000000012,1109.1141929385808,28.858140611648558,33.303366090210474,164.05043431332237,3116.958251953125
247,2,5,0.008100000000000012,2141.422081198728,43.380075335502625,46.27550195512446,623.391650390625,3116.958251953125
