epoch,startPos,prefixLength,learnRate,MSE,MAE,RMSE,meanLoss,totalLoss
472,3,mix,0.007600000000000012,515.5976598631725,11.587112004106695,22.70677563775122,10.411043388898982,447.67486572265625
472,3,3,0.007600000000000012,510.6531803610483,11.503261996263808,22.597636610076027,10.411043388898982,447.67486572265625
472,3,4,0.007600000000000012,265.8455399819028,7.156711763143539,16.304770467010652,23.56183503803454,447.67486572265625
472,3,5,0.007600000000000012,430.45100323423503,11.789934108033776,20.747313156990593,89.53497314453125,447.67486572265625
