epoch,startPos,prefixLength,learnRate,MSE,MAE,RMSE,meanLoss,totalLoss
221,3,mix,0.008200000000000011,78.52555035542984,2.5559951553796054,8.861464346000036,1.827234427134196,5.481703281402588
221,3,3,0.008200000000000011,36.35238259090413,1.355913863250862,6.029293705808677,1.827234427134196,5.481703281402588
221,3,4,0.008200000000000011,0.8689315202556477,0.16568727393405425,0.9321649640785946,5.481703281402588,5.481703281402588
