epoch,startPos,prefixLength,learnRate,MSE,MAE,RMSE,meanLoss,totalLoss
362,2,mix,0.008200000000000011,356.1219321582481,8.475620688801563,18.871193183215738,8.434505978146115,936.2301635742188
362,2,2,0.008200000000000011,355.888765971036,8.44958136782602,18.865014337949386,8.434505978146115,936.2301635742188
362,2,3,0.008200000000000011,509.3857460474517,11.460503454912793,22.569575672738104,21.77279450172602,936.2301635742188
362,2,4,0.008200000000000011,265.8744787222882,7.154153482615948,16.305657874562687,49.27527176706415,936.2301635742188
362,2,5,0.008200000000000011,374.1276292840221,10.305197607725859,19.34237910092815,187.24603271484375,936.2301635742188
