epoch,startPos,prefixLength,learnRate,MSE,MAE,RMSE,meanLoss,totalLoss
321,3,mix,0.007400000000000012,732.3882430105049,21.990588582479038,27.0626725031085,20.74271240234375,1037.1356201171875
321,3,3,0.007400000000000012,713.9230892687799,21.770978331565857,26.719339237128974,20.74271240234375,1037.1356201171875
321,3,4,0.007400000000000012,677.6570680799456,21.54043480157852,26.03184718916323,54.58608526932566,1037.1356201171875
321,3,5,0.007400000000000012,710.2180045632235,23.596522390842438,26.64991565771313,172.8559366861979,1037.1356201171875
