epoch,startPos,prefixLength,learnRate,MSE,MAE,RMSE,meanLoss,totalLoss
34,3,mix,0.0099,668.6529677056468,21.394908538231483,25.85832492072228,21.42814697265625,1071.4073486328125
34,3,3,0.0099,670.494927993426,21.35329075043018,25.89391681444555,21.42814697265625,1071.4073486328125
34,3,4,0.0099,659.9434882611496,22.127258718013763,25.689365275560032,56.389860454358555,1071.4073486328125
34,3,5,0.0099,934.6641878348805,27.491555154323578,30.57227809364033,214.2814697265625,1071.4073486328125
