epoch,startPos,prefixLength,learnRate,MSE,MAE,RMSE,meanLoss,totalLoss
305,2,mix,0.007600000000000012,330.66618065600863,9.747566524272164,18.184228899131483,9.265886455562944,1306.489990234375
305,2,2,0.007600000000000012,333.68237578283276,9.839971478860308,18.266975003618764,9.265886455562944,1306.489990234375
305,2,3,0.007600000000000012,341.15415762259295,10.07110011892823,18.470358892630998,13.19686858822601,1306.489990234375
305,2,4,0.007600000000000012,322.3474612738276,9.806084697334361,17.954037464420853,16.9674024705763,1306.489990234375
