epoch,startPos,prefixLength,learnRate,MSE,MAE,RMSE,meanLoss,totalLoss
444,3,mix,0.0062000000000000085,520.7712657037546,17.149507880210876,22.82041335523427,19.962958017985027,59.88887405395508
444,3,3,0.0062000000000000085,688.0208591142746,19.73392081260681,26.230151717332376,19.962958017985027,59.88887405395508
444,3,4,0.0062000000000000085,492.7073978131966,19.15371596813202,22.197013263346864,59.88887405395508,59.88887405395508
