epoch,startPos,prefixLength,learnRate,MSE,MAE,RMSE,meanLoss,totalLoss
476,2,mix,0.006100000000000008,306.33929331357103,7.554544200122889,17.502551051591624,8.68294215846706,963.8065795898438
476,2,2,0.006100000000000008,305.585363614508,7.559543307404965,17.48100007478142,8.68294215846706,963.8065795898438
476,2,3,0.006100000000000008,481.4568911824574,10.973606010052292,21.9421259494712,22.41410650208939,963.8065795898438
476,2,4,0.006100000000000008,309.98378288182215,7.689354585856199,17.6063563204265,50.72666208367599,963.8065795898438
