epoch,startPos,prefixLength,learnRate,MSE,MAE,RMSE,meanLoss,totalLoss
19,2,mix,0.01,678.2617349299885,21.07295203084747,26.043458582338648,21.484764099121094,4125.07470703125
19,2,2,0.01,1377.4304695176781,30.22204825369751,37.113750410295076,31.015599300986842,4125.07470703125
19,2,3,0.01,2119.280367680224,39.7854662675124,46.03564236198105,82.501494140625,4125.07470703125
19,2,4,0.01,2922.557758567149,48.92189722061157,54.060685886946985,217.1091951069079,4125.07470703125
19,2,5,0.01,2594.3015047356785,45.39297303557396,50.93428614141636,687.512451171875,4125.07470703125
