epoch,startPos,prefixLength,learnRate,MSE,MAE,RMSE,meanLoss,totalLoss
241,4,mix,0.008800000000000007,260.92300454241456,6.988322862237692,16.153111296044937,7.816221538342927,148.50820922851562
241,4,4,0.008800000000000007,260.92300454241456,6.988322862237692,16.153111296044937,7.816221538342927,148.50820922851562
241,4,5,0.008800000000000007,106.64725595357743,3.0323396883904934,10.32701583002454,29.701641845703126,148.50820922851562
