epoch,startPos,prefixLength,learnRate,MSE,MAE,RMSE,meanLoss,totalLoss
302,3,mix,0.00850000000000001,461.7708293169458,10.769290345974945,21.488853606391984,10.420300151026526,448.0729064941406
302,3,3,0.00850000000000001,466.4698695912786,10.88576858795502,21.597913547175768,10.420300151026526,448.0729064941406
302,3,4,0.00850000000000001,260.95502174968226,6.9884521022439,16.154102319524977,23.58278455232319,448.0729064941406
302,3,5,0.00850000000000001,106.66643877059713,3.0329552683979273,10.327944556909527,89.61458129882813,448.0729064941406
