epoch,startPos,prefixLength,learnRate,MSE,MAE,RMSE,meanLoss,totalLoss
33,3,mix,0.0099,77.65605262912668,2.3562742212018293,8.8122671673711,2.372859477996826,28.474313735961914
33,3,3,0.0099,77.65602779995126,2.356272452706662,8.812265758586225,2.372859477996826,28.474313735961914
33,3,4,0.0099,106.75480900054905,3.0945511913314476,10.332221881112941,9.491437911987305,28.474313735961914
