epoch,startPos,prefixLength,learnRate,MSE,MAE,RMSE,meanLoss,totalLoss
412,4,mix,0.007900000000000013,260.9582083656301,6.988539451360703,16.154200951010548,7.821841591282895,148.614990234375
412,4,4,0.007900000000000013,260.9582083656301,6.988539451360703,16.154200951010548,7.821841591282895,148.614990234375
412,4,5,0.007900000000000013,106.66252561158933,3.032286874949932,10.32775510997377,29.722998046875,148.614990234375
