epoch,startPos,prefixLength,learnRate,MSE,MAE,RMSE,meanLoss,totalLoss
111,3,mix,0.009100000000000006,455.2806195015691,10.401297321712429,21.337305816376375,10.774167792741643,463.2892150878906
111,3,3,0.009100000000000006,468.8640050470803,10.735021880743178,21.65326776833188,10.774167792741643,463.2892150878906
111,3,4,0.009100000000000006,298.37816436201166,7.93048790320754,17.273626265553265,24.383642899362666,463.2892150878906
111,3,5,0.009100000000000006,130.63420792945843,3.2144297137856483,11.42953227080874,92.65784301757813,463.2892150878906
