epoch,startPos,prefixLength,learnRate,MSE,MAE,RMSE,meanLoss,totalLoss
134,2,mix,0.009100000000000006,332.9765810890943,9.832248830469325,18.247645905406383,9.276932520223848,1308.0474853515625
134,2,2,0.009100000000000006,333.9686925327842,9.829126964142132,18.274810328230064,9.276932520223848,1308.0474853515625
134,2,3,0.009100000000000006,346.5474408553194,10.193416942251273,18.61578472306014,13.212600862136995,1308.0474853515625
134,2,4,0.009100000000000006,315.69345319976753,9.638833442104183,17.767764440124918,16.98762967989042,1308.0474853515625
