epoch,startPos,prefixLength,learnRate,MSE,MAE,RMSE,meanLoss,totalLoss
381,2,mix,0.00690000000000001,331.72270478611415,8.20731656452907,18.213256292769675,8.507459050958806,935.8204956054688
381,2,2,0.00690000000000001,332.7615487816432,8.228520744613238,18.241752897724584,8.507459050958806,935.8204956054688
381,2,3,0.00690000000000001,447.563236300073,10.309013067660006,21.155690399986312,21.763267339662065,935.8204956054688
381,2,4,0.00690000000000001,292.102772564801,7.6848952025175095,17.09101438080259,49.25371029502467,935.8204956054688
381,2,5,0.00690000000000001,130.64819408137038,3.2127339765429497,11.430144097139387,187.16409912109376,935.8204956054688
