epoch,startPos,prefixLength,learnRate,MSE,MAE,RMSE,meanLoss,totalLoss
101,1,mix,0.003,704.0889798393123,21.369026174147923,26.534675046800785,21.671180725097656,4160.86669921875
101,1,1,0.003,704.0957658363549,21.360622007089358,26.534802916855345,21.671180725097656,4160.86669921875
101,1,2,0.003,1305.1566643143324,29.503170130883944,36.126952048496044,31.284712024201127,4160.86669921875
101,1,3,0.003,2004.6107380226056,39.11403700021597,44.77287949219489,83.217333984375,4160.86669921875
101,1,4,0.003,2727.823973426049,47.820080469051994,52.228574300147706,218.9929841694079,4160.86669921875
101,1,5,0.003,3253.9956728847915,52.08797490596771,57.04380485981621,832.17333984375,4160.86669921875
