epoch,startPos,prefixLength,learnRate,MSE,MAE,RMSE,meanLoss,totalLoss
393,4,mix,0.00670000000000001,681.9187360900148,20.62531523704529,26.11357379008118,19.176699989720394,364.3572998046875
393,4,4,0.00670000000000001,667.5490123220046,20.394061899185182,25.836969875006716,19.176699989720394,364.3572998046875
393,4,5,0.00670000000000001,798.4696295018944,25.513611257076263,28.257204913117192,60.726216634114586,364.3572998046875
