epoch,startPos,prefixLength,learnRate,MSE,MAE,RMSE,meanLoss,totalLoss
210,2,mix,0.00840000000000001,345.18804692536395,8.352882544377021,18.57923698447716,8.418746670809659,926.0621337890625
210,2,2,0.00840000000000001,347.06166547393565,8.406303343496152,18.629591124711666,8.418746670809659,926.0621337890625
210,2,3,0.00840000000000001,546.1602573572125,12.458303306590427,23.37007183038196,21.536328692768894,926.0621337890625
210,2,4,0.00840000000000001,334.52065854726817,8.116691148281097,18.28990591958494,48.7401123046875,926.0621337890625
