epoch,startPos,prefixLength,learnRate,MSE,MAE,RMSE,meanLoss,totalLoss
278,4,mix,0.007700000000000012,557.4360448559016,18.31564853191376,23.610083541908562,19.818532843338815,376.5521240234375
278,4,4,0.007700000000000012,556.0447867988202,18.332590103149414,23.580601917652995,19.818532843338815,376.5521240234375
278,4,5,0.007700000000000012,725.1310604318346,23.48154515028,26.92825765681535,75.3104248046875,376.5521240234375
