epoch,startPos,prefixLength,learnRate,MSE,MAE,RMSE,meanLoss,totalLoss
356,3,mix,0.007100000000000011,77.65622864482656,2.356319252799267,8.81227715433568,2.3948211669921875,28.73785400390625
356,3,3,0.007100000000000011,77.65621298239965,2.3563169339561227,8.812276265664828,2.3948211669921875,28.73785400390625
356,3,4,0.007100000000000011,114.63091051456507,3.594603671940604,10.706582578701996,9.57928466796875,28.73785400390625
