epoch,startPos,prefixLength,learnRate,MSE,MAE,RMSE,meanLoss,totalLoss
77,1,mix,0.007,417.73361551880316,17.285644224534433,20.438532616575074,17.61178520030545,2342.367431640625
77,1,1,0.007,418.12449024501916,17.27606779314352,20.448092582072764,17.61178520030545,2342.367431640625
77,1,2,0.007,286.46078722047224,11.848413898851033,16.925152502133393,21.102409294059683,2342.367431640625
77,1,3,0.007,429.87011344178865,13.274118895557793,20.733309273769798,54.47366120094477,2342.367431640625
77,1,4,0.007,230.4808623959338,8.923011480271816,15.181596174181877,123.28249640213816,2342.367431640625
77,1,5,0.007,337.0294792633134,11.473971860483289,18.35836265202628,468.473486328125,2342.367431640625
