epoch,startPos,prefixLength,learnRate,MSE,MAE,RMSE,meanLoss,totalLoss
467,4,mix,0.006100000000000008,300.96110645607854,8.091771593689918,17.34823064338489,8.2421730443051,156.60128784179688
467,4,4,0.006100000000000008,300.8782715872453,8.075687138736248,17.345843063605912,8.2421730443051,156.60128784179688
467,4,5,0.006100000000000008,130.65277923915227,3.212254462763667,11.430344668432019,31.320257568359374,156.60128784179688
