epoch,startPos,prefixLength,learnRate,MSE,MAE,RMSE,meanLoss,totalLoss
259,3,mix,0.007900000000000013,510.30239439905677,11.430419725789266,22.589873713658886,10.533597014671148,452.9446716308594
259,3,3,0.007900000000000013,505.6974934328078,11.354387133974921,22.48771872451289,10.533597014671148,452.9446716308594
259,3,4,0.007900000000000013,303.72085548685345,7.828858244791627,17.427588917772116,23.83919324372944,452.9446716308594
259,3,5,0.007900000000000013,175.39148586175426,5.914795729331672,13.243545063983218,90.58893432617188,452.9446716308594
