epoch,startPos,prefixLength,learnRate,MSE,MAE,RMSE,meanLoss,totalLoss
312,4,mix,0.007400000000000012,304.3321576403199,7.877352440357209,17.445118447299805,7.619873046875,144.777587890625
312,4,4,0.007400000000000012,305.0355783265169,7.924288488738239,17.465267771394657,7.619873046875,144.777587890625
312,4,5,0.007400000000000012,178.32650538740316,6.291073265019804,13.353894764726999,28.955517578125,144.777587890625
