epoch,startPos,prefixLength,learnRate,MSE,MAE,RMSE,meanLoss,totalLoss
324,2,mix,0.007400000000000012,336.12935214293026,9.839767706127734,18.33383080926979,9.259867783133865,1305.641357421875
324,2,2,0.007400000000000012,337.89752360223684,9.907525982267948,18.381989108968508,9.259867783133865,1305.641357421875
324,2,3,0.007400000000000012,346.00615282631173,10.205684669960577,18.601240625998894,13.1882965396149,1305.641357421875
324,2,4,0.007400000000000012,315.3607483826966,9.620196239645814,17.758399375582716,16.956381265219157,1305.641357421875
