epoch,startPos,prefixLength,learnRate,MSE,MAE,RMSE,meanLoss,totalLoss
172,2,mix,0.008700000000000008,307.268010075305,7.593330643738487,17.52906187094178,8.684618700731981,963.99267578125
172,2,2,0.008700000000000008,307.01909884358014,7.59547008268003,17.521960473747797,8.684618700731981,963.99267578125
172,2,3,0.008700000000000008,479.33909803939156,10.984601235186512,21.893814150106223,22.418434320494185,963.99267578125
172,2,4,0.008700000000000008,294.6828046951395,7.25921306014061,17.16632764149454,50.73645662006579,963.99267578125
