epoch,startPos,prefixLength,learnRate,MSE,MAE,RMSE,meanLoss,totalLoss
296,2,mix,0.007700000000000012,653.180173918924,20.346600311143057,25.557389810364516,19.43326677594866,544.1314697265625
296,2,2,0.007700000000000012,660.8594313284269,20.50980338028499,25.707186375183632,19.43326677594866,544.1314697265625
296,2,3,0.007700000000000012,505.6505392124541,17.210643649101257,22.486674703309383,181.37715657552084,544.1314697265625
296,2,4,0.007700000000000012,396.23503978202325,19.702113270759583,19.90565346282365,544.1314697265625,544.1314697265625
