epoch,startPos,prefixLength,learnRate,MSE,MAE,RMSE,meanLoss,totalLoss
80,1,mix,0.007,441.4988084640772,17.539404685750153,21.011873035597688,17.563050693139097,2335.8857421875
80,1,1,0.007,439.1727412730665,17.486161733892832,20.956448679894848,17.563050693139097,2335.8857421875
80,1,2,0.007,279.2461109960026,11.431755913999574,16.710658604495592,21.430144423738533,2335.8857421875
80,1,3,0.007,389.96258071115807,12.446886850012975,19.747470235732933,54.3229242369186,2335.8857421875
80,1,4,0.007,227.30546114667195,8.690922228619456,15.076652849577453,122.94135485197368,2335.8857421875
80,1,5,0.007,97.63411417937246,4.853103904053569,9.88099763077456,467.1771484375,2335.8857421875
