epoch,startPos,prefixLength,learnRate,MSE,MAE,RMSE,meanLoss,totalLoss
96,2,mix,0.009400000000000004,330.97889732723695,9.746706507129906,18.19282543551817,9.26941264267509,1306.9871826171875
96,2,2,0.009400000000000004,335.95122447075653,9.85586049925122,18.32897226989982,9.26941264267509,1306.9871826171875
96,2,3,0.009400000000000004,350.0036488857058,10.252874894945238,18.708384454188067,13.201890733506945,1306.9871826171875
96,2,4,0.009400000000000004,320.56553073824324,9.719088792756555,17.904343906947364,16.973859514508927,1306.9871826171875
