epoch,startPos,prefixLength,learnRate,MSE,MAE,RMSE,meanLoss,totalLoss
153,2,mix,0.008900000000000007,306.7834535778487,7.5722998009462446,17.515234899305483,8.67238087697072,962.63427734375
153,2,2,0.008900000000000007,305.37349528954974,7.540435951402677,17.474939063972432,8.67238087697072,962.63427734375
153,2,3,0.008900000000000007,482.33451650207155,11.113032056526704,21.962115483306054,22.386843659156977,962.63427734375
153,2,4,0.008900000000000007,309.9168373838926,7.70096339136362,17.604455043649963,50.66496196546053,962.63427734375
