epoch,startPos,prefixLength,learnRate,MSE,MAE,RMSE,meanLoss,totalLoss
496,2,mix,0.007500000000000012,342.8774151572929,8.286596566181759,18.51694940202875,8.446459848946388,920.6641235351562
496,2,2,0.007500000000000012,343.6698050111082,8.318379500110087,18.538333393568802,8.446459848946388,920.6641235351562
496,2,3,0.007500000000000012,460.75926933545594,10.697105494073845,21.46530384912955,21.410793570585028,920.6641235351562
496,2,4,0.007500000000000012,260.90731349365086,6.988950141519308,16.152625591328825,48.45600650185033,920.6641235351562
496,2,5,0.007500000000000012,106.64019846671147,3.033192257396877,10.326674124165605,184.13282470703126,920.6641235351562
