epoch,startPos,prefixLength,learnRate,MSE,MAE,RMSE,meanLoss,totalLoss
52,4,mix,0.009700000000000002,696.5270033322827,20.09289099772771,26.391798031439286,19.296274285567435,366.62921142578125
52,4,4,0.009700000000000002,681.8221783650221,19.830068588256836,26.11172492128818,19.296274285567435,366.62921142578125
52,4,5,0.009700000000000002,851.4250388890687,22.535944938659668,29.179188454942825,73.32584228515626,366.62921142578125
