epoch,startPos,prefixLength,learnRate,MSE,MAE,RMSE,meanLoss,totalLoss
397,3,mix,0.00670000000000001,748.0694473302792,22.18728285569411,27.35085825582589,20.85114013671875,1042.5570068359375
397,3,3,0.00670000000000001,727.5966501920327,21.94196982567127,26.973999521614008,20.85114013671875,1042.5570068359375
397,3,4,0.00670000000000001,661.6761047635522,21.145872986316682,25.723065617526075,54.87142141241776,1042.5570068359375
397,3,5,0.00670000000000001,709.7453170921995,23.62545520067215,26.641045720695715,173.7595011393229,1042.5570068359375
