epoch,startPos,prefixLength,learnRate,MSE,MAE,RMSE,meanLoss,totalLoss
269,2,mix,0.007900000000000013,788.7236043486704,23.641363177335624,28.084223406543938,23.124990821781015,3075.623779296875
269,2,2,0.007900000000000013,791.8091939697747,23.67469133662455,28.139104356211742,23.124990821781015,3075.623779296875
269,2,3,0.007900000000000013,728.9315434207939,22.886525484231804,26.998732255807752,61.5124755859375,3075.623779296875
269,2,4,0.007900000000000013,694.2267656466134,22.769755697250368,26.348183346231167,161.8749357524671,3075.623779296875
