epoch,startPos,prefixLength,learnRate,MSE,MAE,RMSE,meanLoss,totalLoss
489,3,mix,0.005900000000000008,77.65241825272108,2.35551445230557,8.812060953756566,2.3726962407430015,28.472354888916016
489,3,3,0.005900000000000008,77.6524208540971,2.355516358971535,8.81206110135972,2.3726962407430015,28.472354888916016
489,3,4,0.005900000000000008,126.09396126357096,3.8438042873955567,11.229156747662353,9.490784962972006,28.472354888916016
