epoch,startPos,prefixLength,learnRate,MSE,MAE,RMSE,meanLoss,totalLoss
297,3,mix,0.007500000000000012,493.1276540548149,11.357193018225106,22.206477749855217,10.574086743731831,454.68572998046875
297,3,3,0.007500000000000012,497.6063321724323,11.490685150027275,22.3070915220347,10.574086743731831,454.68572998046875
297,3,4,0.007500000000000012,352.71944602585006,8.640120486170053,18.78082655331895,23.93082789370888,454.68572998046875
297,3,5,0.007500000000000012,168.2010009371101,6.002677543088794,12.969232858465844,90.93714599609375,454.68572998046875
