epoch,startPos,prefixLength,learnRate,MSE,MAE,RMSE,meanLoss,totalLoss
362,2,mix,0.007100000000000011,335.4242682616546,8.28655592139278,18.31459167608316,8.509608043323864,936.056884765625
362,2,2,0.007100000000000011,331.68597060990953,8.21626013543989,18.212247818704576,8.509608043323864,936.056884765625
362,2,3,0.007100000000000011,456.61012971276045,10.446713909506798,21.368437699391137,21.768764761991278,936.056884765625
362,2,4,0.007100000000000011,294.1750582624432,7.767453792691231,17.15153224241039,49.26615182976974,936.056884765625
362,2,5,0.007100000000000011,130.63292022859403,3.214523311704397,11.429475938493157,187.211376953125,936.056884765625
