epoch,startPos,prefixLength,learnRate,MSE,MAE,RMSE,meanLoss,totalLoss
40,2,mix,0.0099,760.22434392042,23.017147879390155,27.572166108603437,23.369845512218046,3108.189453125
40,2,2,0.0099,759.2859973997734,23.044631447862177,27.55514466301662,23.369845512218046,3108.189453125
40,2,3,0.0099,906.4514684393242,25.072724773333622,30.10733246967131,62.1637890625,3108.189453125
40,2,4,0.0099,1243.9029933828172,30.267352175712585,35.269008965135626,163.58891858552633,3108.189453125
40,2,5,0.0099,1205.0238031879853,25.422206938266754,34.71345276961059,518.0315755208334,3108.189453125
