epoch,startPos,prefixLength,learnRate,MSE,MAE,RMSE,meanLoss,totalLoss
177,1,mix,0.0005999999999999998,789.0547468870271,22.248724854240816,28.09011831386666,21.318492889404297,4093.150634765625
177,1,1,0.0005999999999999998,792.0182735876455,22.27178544054429,28.14281921889926,21.318492889404297,4093.150634765625
177,1,2,0.0005999999999999998,1316.4818431842477,29.5237680348483,36.283354905304,30.77556868244831,4093.150634765625
177,1,3,0.0005999999999999998,1874.7468434317457,37.596143919688004,43.298346890288386,81.8630126953125,4093.150634765625
177,1,4,0.0005999999999999998,2093.26328058843,41.31938782930374,45.75219427074979,215.42898077713815,4093.150634765625
