epoch,startPos,prefixLength,learnRate,MSE,MAE,RMSE,meanLoss,totalLoss
210,1,mix,0.00019999999999999982,325.6536998491777,9.737662277595941,18.04587764142209,9.553021347313596,1633.566650390625
210,1,1,0.00019999999999999982,325.63067318852274,9.735129194204198,18.045239626796945,9.553021347313596,1633.566650390625
210,1,2,0.00019999999999999982,328.0689274885101,9.798832152814915,18.112673118248175,11.585579080784575,1633.566650390625
210,1,3,0.00019999999999999982,340.5242972997149,10.123952286174664,18.453300444628187,16.500673236268938,1633.566650390625
210,1,4,0.00019999999999999982,322.39424367517887,9.789995990604872,17.95534025506559,21.215151303774352,1633.566650390625
