epoch,startPos,prefixLength,learnRate,MSE,MAE,RMSE,meanLoss,totalLoss
419,2,mix,0.0066000000000000095,334.926634923713,9.859510335928967,18.301000926826735,9.290012224346189,1309.8917236328125
419,2,2,0.0066000000000000095,334.30321209995896,9.836698284023441,18.283960514613867,9.290012224346189,1309.8917236328125
419,2,3,0.0066000000000000095,349.0143610419722,10.241518209777915,18.681926052791564,13.231229531644571,1309.8917236328125
419,2,4,0.0066000000000000095,312.5711932996135,9.580832676296788,17.679683065587277,17.011580826400163,1309.8917236328125
