epoch,startPos,prefixLength,learnRate,MSE,MAE,RMSE,meanLoss,totalLoss
246,3,mix,0.008100000000000012,599.5660870738326,19.87339345766948,24.486038615379023,21.29249755859375,1064.6248779296875
246,3,3,0.008100000000000012,598.1487295285212,19.843111588404728,24.45707933356968,21.29249755859375,1064.6248779296875
246,3,4,0.008100000000000012,557.619110232534,18.86512200832367,23.613960070952395,56.032888312088815,1064.6248779296875
