epoch,startPos,prefixLength,learnRate,MSE,MAE,RMSE,meanLoss,totalLoss
244,3,mix,0.008000000000000012,544.5053238110748,12.362045300785791,23.33463785472307,10.331497547238373,444.25439453125
244,3,3,0.008000000000000012,544.2565541177254,12.32650976255536,23.32930676461959,10.331497547238373,444.25439453125
244,3,4,0.008000000000000012,327.10195147808525,7.962998497486114,18.08596006514681,23.381810238486842,444.25439453125
