epoch,startPos,prefixLength,learnRate,MSE,MAE,RMSE,meanLoss,totalLoss
71,4,mix,0.009600000000000003,693.3578606626756,20.093346536159515,26.331689286156248,19.414586117393092,368.87713623046875
71,4,4,0.009600000000000003,683.9074048822182,19.982933561007183,26.15162336992138,19.414586117393092,368.87713623046875
71,4,5,0.009600000000000003,812.1445100637279,21.78591424226761,28.498149239270397,73.77542724609376,368.87713623046875
