epoch,startPos,prefixLength,learnRate,MSE,MAE,RMSE,meanLoss,totalLoss
457,2,mix,0.0062000000000000085,307.7328988422613,7.607157516958458,17.542317373775372,8.613027211782095,956.0460205078125
457,2,2,0.0062000000000000085,302.8452642519379,7.468098126884017,17.402449949703573,8.613027211782095,956.0460205078125
457,2,3,0.0062000000000000085,482.3230421158665,10.954369003461165,21.961854250401228,22.233628383902616,956.0460205078125
457,2,4,0.0062000000000000085,294.708917527946,7.250986971706152,17.167088207612437,50.31821160567434,956.0460205078125
