epoch,startPos,prefixLength,learnRate,MSE,MAE,RMSE,meanLoss,totalLoss
283,3,mix,0.007700000000000012,756.4684571678624,22.343412390122047,27.50397166170483,20.82882568359375,1041.4412841796875
283,3,3,0.007700000000000012,751.449429779792,22.255398030464466,27.412577948448995,20.82882568359375,1041.4412841796875
283,3,4,0.007700000000000012,662.4612657321825,21.235552167892457,25.738322900534573,54.81269916735197,1041.4412841796875
283,3,5,0.007700000000000012,701.712553199243,23.45233115553856,26.4898575533966,173.57354736328125,1041.4412841796875
