epoch,startPos,prefixLength,learnRate,MSE,MAE,RMSE,meanLoss,totalLoss
476,2,mix,0.006100000000000008,332.47093675588155,9.799234863370657,18.233785584893816,9.276252908909575,1307.95166015625
476,2,2,0.006100000000000008,333.1542714482254,9.789433875341071,18.25251411308112,9.276252908909575,1307.95166015625
476,2,3,0.006100000000000008,343.0726395616705,10.125567520431314,18.52222015746683,13.211632930871213,1307.95166015625
476,2,4,0.006100000000000008,312.9844791690463,9.5606513073047,17.691367362898955,16.986385196834416,1307.95166015625
