epoch,startPos,prefixLength,learnRate,MSE,MAE,RMSE,meanLoss,totalLoss
210,1,mix,0.00019999999999999982,449.59602381056976,17.55104616662544,21.20367948754578,17.505112267974624,2328.179931640625
210,1,1,0.00019999999999999982,447.93689187096913,17.51407376693731,21.164519646591774,17.505112267974624,2328.179931640625
210,1,2,0.00019999999999999982,283.4811946415054,11.540363328265292,16.83689979305886,21.165272105823863,2328.179931640625
210,1,3,0.00019999999999999982,465.86014739956903,13.904783141714605,21.583793628543827,54.14371934047965,2328.179931640625
210,1,4,0.00019999999999999982,275.7351464267128,9.259262434393168,16.605274656768337,122.53578587582237,2328.179931640625
