epoch,startPos,prefixLength,learnRate,MSE,MAE,RMSE,meanLoss,totalLoss
191,1,mix,0.0003999999999999998,327.28672953140193,9.768642943157532,18.091067672511812,9.547387552540204,1632.603271484375
191,1,1,0.0003999999999999998,325.5424540957667,9.729762448236173,18.04279507437156,9.547387552540204,1632.603271484375
191,1,2,0.0003999999999999998,329.34882700239115,9.832757541702854,18.147970327350414,11.578746606272164,1632.603271484375
191,1,3,0.0003999999999999998,342.97630560021634,10.171264139254792,18.519619477738097,16.49094213620581,1632.603271484375
191,1,4,0.0003999999999999998,318.90524803877815,9.722164862656168,17.857918356818026,21.202639889407468,1632.603271484375
