epoch,startPos,prefixLength,learnRate,MSE,MAE,RMSE,meanLoss,totalLoss
173,2,mix,0.009200000000000005,345.34909121200343,8.3537901839691,18.58357046457982,8.43935401286554,919.8895874023438
173,2,2,0.009200000000000005,340.9423408290785,8.245376762323852,18.46462403703575,8.43935401286554,919.8895874023438
173,2,3,0.009200000000000005,464.8468800349483,10.931388261981986,21.560307976347378,21.392781102380088,919.8895874023438
173,2,4,0.009200000000000005,258.5556479084389,7.079538775980472,16.079665665319006,48.41524144222862,919.8895874023438
173,2,5,0.009200000000000005,106.14609991290223,3.094164138659835,10.302722936821228,183.97791748046876,919.8895874023438
