epoch,startPos,prefixLength,learnRate,MSE,MAE,RMSE,meanLoss,totalLoss
439,2,mix,0.007800000000000013,357.66515690760315,8.528487125894538,18.9120373547538,8.40528003589527,932.986083984375
439,2,2,0.007800000000000013,363.14509865861,8.624461895751732,19.05636635506911,8.40528003589527,932.986083984375
439,2,3,0.007800000000000013,480.70104203764424,11.219364442947237,21.924895485215984,21.6973507903343,932.986083984375
439,2,4,0.007800000000000013,288.9503166812975,7.292641708999872,16.99853866311153,49.10453073601974,932.986083984375
439,2,5,0.007800000000000013,73.250220573854,2.453437654301524,8.558634270364285,155.4976806640625,932.986083984375
