epoch,startPos,prefixLength,learnRate,MSE,MAE,RMSE,meanLoss,totalLoss
339,2,mix,0.007200000000000011,328.3150324160377,8.096543254862938,18.119465566512652,8.476320023970171,932.3952026367188
339,2,2,0.007200000000000011,327.9762899219635,8.101560963982982,18.110115679419707,8.476320023970171,932.3952026367188
339,2,3,0.007200000000000011,495.32158486040777,11.419852117245847,22.25582137015859,21.68360936364462,932.3952026367188
339,2,4,0.007200000000000011,349.57575058277325,8.538559125363827,18.69694495319418,49.07343171772204,932.3952026367188
339,2,5,0.007200000000000011,179.5813311234048,6.516590621322393,13.40079591380321,186.47904052734376,932.3952026367188
