epoch,startPos,prefixLength,learnRate,MSE,MAE,RMSE,meanLoss,totalLoss
60,2,mix,0.009700000000000002,772.1824110904232,23.386924301876743,27.78817034441856,23.359103324718046,3106.7607421875
60,2,2,0.009700000000000002,769.5397105066188,23.341970904785043,27.740578770217084,23.359103324718046,3106.7607421875
60,2,3,0.009700000000000002,689.4189094399543,21.921499834610866,26.25678787361383,62.13521484375,3106.7607421875
60,2,4,0.009700000000000002,849.1245453906251,25.06677062511444,29.139741683663313,163.51372327302633,3106.7607421875
