epoch,startPos,prefixLength,learnRate,MSE,MAE,RMSE,meanLoss,totalLoss
372,4,mix,0.00690000000000001,290.4189806708273,7.683674255758524,17.041683621955528,8.125961303710938,154.3932647705078
372,4,4,0.00690000000000001,302.9319636187276,8.139339192956687,17.404940781821914,8.125961303710938,154.3932647705078
372,4,5,0.00690000000000001,130.66572081648772,3.2111959103494883,11.430910760586302,30.87865295410156,154.3932647705078
