epoch,startPos,prefixLength,learnRate,MSE,MAE,RMSE,meanLoss,totalLoss
468,3,mix,0.006000000000000008,498.6739297021508,11.471986336802894,22.33100825538674,10.618506852970567,456.5957946777344
468,3,3,0.006000000000000008,501.89848221426814,11.609716642986644,22.403090907601747,10.618506852970567,456.5957946777344
468,3,4,0.006000000000000008,362.32777897208314,8.939716479927302,19.03490948158365,24.031357614617598,456.5957946777344
468,3,5,0.006000000000000008,187.10686079002966,6.861359633505344,13.67870099059226,91.31915893554688,456.5957946777344
