epoch,startPos,prefixLength,learnRate,MSE,MAE,RMSE,meanLoss,totalLoss
326,2,mix,0.007400000000000012,764.7892866464404,23.22805201656678,27.654823930852288,23.315165354793233,3100.9169921875
326,2,2,0.007400000000000012,765.343967533968,23.270928777316037,27.664850759293245,23.315165354793233,3100.9169921875
326,2,3,0.007400000000000012,689.5668605366646,21.92132160296807,26.25960511006715,62.01833984375,3100.9169921875
326,2,4,0.007400000000000012,757.7766993234673,23.573408043384553,27.527744174259308,163.20615748355263,3100.9169921875
