epoch,startPos,prefixLength,learnRate,MSE,MAE,RMSE,meanLoss,totalLoss
165,4,mix,0.009200000000000005,260.9792746020281,6.990043149888516,16.154852973705086,7.803436279296875,148.26528930664062
165,4,4,0.009200000000000005,260.9792746020281,6.990043149888516,16.154852973705086,7.803436279296875,148.26528930664062
165,4,5,0.009200000000000005,106.67166889823554,3.0337923020124435,10.328197756541822,29.653057861328126,148.26528930664062
