epoch,startPos,prefixLength,learnRate,MSE,MAE,RMSE,meanLoss,totalLoss
31,3,mix,0.0099,59.1088687511926,2.234410659223613,7.688229233782809,1.677357832590739,5.032073497772217
31,3,3,0.0099,58.04644334356114,2.015673831832828,7.618821650594082,1.677357832590739,5.032073497772217
31,3,4,0.0099,1.0605390878595305e-07,0.00019221444017603062,0.00032565919115841495,5.032073497772217,5.032073497772217
