epoch,startPos,prefixLength,learnRate,MSE,MAE,RMSE,meanLoss,totalLoss
35,3,mix,0.009800000000000001,473.32040398622576,10.782816457477482,21.755928019420953,10.79590624432231,464.2239685058594
35,3,3,0.009800000000000001,478.69675651725845,10.875146960331636,21.87913975724956,10.79590624432231,464.2239685058594
35,3,4,0.009800000000000001,300.56298900014565,8.009457040578127,17.336752550582986,24.43284044767681,464.2239685058594
35,3,5,0.009800000000000001,130.66354346549824,3.2109976056963205,11.430815520578497,92.84479370117188,464.2239685058594
