epoch,startPos,prefixLength,learnRate,MSE,MAE,RMSE,meanLoss,totalLoss
210,1,mix,0.00019999999999999982,213.39287132499408,5.120271755809137,14.607972868437088,4.5983400273143795,611.5792236328125
210,1,1,0.00019999999999999982,213.08605261201106,5.117430849244516,14.597467335534992,4.5983400273143795,611.5792236328125
210,1,2,0.00019999999999999982,84.94915947783393,2.550789944992218,9.216786830443347,22.651082356770832,611.5792236328125
210,1,3,0.00019999999999999982,38.859323657443504,1.6406339498985574,6.233724701768879,203.8597412109375,611.5792236328125
210,1,4,0.00019999999999999982,1.5336762142444814e-10,1.1840630207871072e-05,1.238416817652474e-05,611.5792236328125,611.5792236328125
