epoch,startPos,prefixLength,learnRate,MSE,MAE,RMSE,meanLoss,totalLoss
11,4,mix,0.01,525.4345063438467,11.755547348071229,22.92235821951674,10.441988213117732,449.0054931640625
11,4,4,0.01,265.7846158061396,7.157117468118668,16.302902066998367,23.63186806126645,449.0054931640625
11,4,5,0.01,374.0299486281256,10.306203233078122,19.33985389366025,89.8010986328125,449.0054931640625
