epoch,startPos,prefixLength,learnRate,MSE,MAE,RMSE,meanLoss,totalLoss
420,2,mix,0.007900000000000013,361.8340391801213,8.625241292709553,19.02193573693596,8.403332409557995,932.7698974609375
420,2,2,0.007900000000000013,359.60415109202046,8.573835222395482,18.96323155720091,8.403332409557995,932.7698974609375
420,2,3,0.007900000000000013,468.4418867166145,11.18216094425456,21.64351835346126,21.692323196765987,932.7698974609375
420,2,4,0.007900000000000013,285.5716915430146,7.206502473354339,16.89886657569124,49.09315249794408,932.7698974609375
420,2,5,0.007900000000000013,73.18897445975973,2.4490858130156994,8.55505549133141,155.4616495768229,932.7698974609375
