epoch,startPos,prefixLength,learnRate,MSE,MAE,RMSE,meanLoss,totalLoss
107,4,mix,0.009100000000000006,562.7847490398724,18.319514441490174,23.72308472859026,19.923752634148848,378.5513000488281
107,4,4,0.009100000000000006,552.4594215549201,18.10170111656189,23.50445535541975,19.923752634148848,378.5513000488281
107,4,5,0.009100000000000006,744.7052692909547,23.901950120925903,27.289288544975932,75.71026000976562,378.5513000488281
