epoch,startPos,prefixLength,learnRate,MSE,MAE,RMSE,meanLoss,totalLoss
366,2,mix,0.007100000000000011,754.1974629082907,23.079014471348593,27.462655787601655,23.54819849917763,3131.910400390625
366,2,2,0.007100000000000011,748.0877128602118,22.971438828636618,27.35119216524596,23.54819849917763,3131.910400390625
366,2,3,0.007100000000000011,837.2852893003824,24.540698001017937,28.935882383303646,62.6382080078125,3131.910400390625
366,2,4,0.007100000000000011,1185.2925541908687,30.536089340845745,34.428077991529946,164.8373894942434,3131.910400390625
366,2,5,0.007100000000000011,1805.4454391701743,37.9833063185215,42.49053352418835,626.382080078125,3131.910400390625
