epoch,startPos,prefixLength,learnRate,MSE,MAE,RMSE,meanLoss,totalLoss
244,3,mix,0.008800000000000007,511.8726235475215,11.546851814809171,22.624602174348205,10.442713537881541,449.03668212890625
244,3,3,0.008800000000000007,514.2604177217755,11.545441443608565,22.677310636884954,10.442713537881541,449.03668212890625
244,3,4,0.008800000000000007,265.812379652613,7.1548963658511635,16.30375354489306,23.633509585731908,449.03668212890625
244,3,5,0.008800000000000007,362.7680515374927,10.009071625769138,19.046470842061336,89.80733642578124,449.03668212890625
