epoch,startPos,prefixLength,learnRate,MSE,MAE,RMSE,meanLoss,totalLoss
168,2,mix,0.008700000000000008,328.984072159789,8.108459762563664,18.13791807677466,8.478212113813921,932.6033325195312
168,2,2,0.008700000000000008,329.9903121416836,8.16758238883423,18.165635473103702,8.478212113813921,932.6033325195312
168,2,3,0.008700000000000008,497.6208610997666,11.490402607077902,22.307417176799436,21.688449593477472,932.6033325195312
168,2,4,0.008700000000000008,355.93213441391475,8.739721851050854,18.866163743960104,49.08438592208059,932.6033325195312
168,2,5,0.008700000000000008,183.32860208088888,6.689520634710789,13.539889293524112,186.52066650390626,932.6033325195312
