epoch,startPos,prefixLength,learnRate,MSE,MAE,RMSE,meanLoss,totalLoss
215,1,mix,0.00019999999999999982,705.6672909259299,21.378957588846486,26.56439893778758,21.681177775065105,4162.7861328125
215,1,1,0.00019999999999999982,704.7458031032029,21.366884456016123,26.547048858643457,21.681177775065105,4162.7861328125
215,1,2,0.00019999999999999982,1316.044726031196,29.6054286886664,36.277330745676366,31.29914385573308,4162.7861328125
215,1,3,0.00019999999999999982,1997.6554309623716,39.01755718084482,44.695138784462586,83.25572265625,4162.7861328125
215,1,4,0.00019999999999999982,2725.391426895047,47.73535170157751,52.20528159961449,219.0940069901316,4162.7861328125
215,1,5,0.00019999999999999982,3135.199843241761,51.17893621325493,55.992855287453956,832.5572265625,4162.7861328125
