epoch,startPos,prefixLength,learnRate,MSE,MAE,RMSE,meanLoss,totalLoss
453,2,mix,0.0062000000000000085,330.1365299187936,8.16494975598263,18.169659598319214,8.4694580078125,931.640380859375
453,2,2,0.0062000000000000085,327.7943259259286,8.089075799898378,18.10509116038714,8.4694580078125,931.640380859375
453,2,3,0.0062000000000000085,498.0972401453495,11.495388192547994,22.318092215629665,21.666055368822676,931.640380859375
453,2,4,0.0062000000000000085,352.7638923566684,8.638868498802186,18.78200980610617,49.03370425575658,931.640380859375
453,2,5,0.0062000000000000085,168.23186476810645,6.001397995278239,12.970422690417859,186.328076171875,931.640380859375
