epoch,startPos,prefixLength,learnRate,MSE,MAE,RMSE,meanLoss,totalLoss
55,3,mix,0.009700000000000002,728.634828103472,22.039247393608093,26.993236710396033,20.9690673828125,1048.453369140625
55,3,3,0.009700000000000002,735.7416600994341,22.15064369715177,27.12455824708366,20.9690673828125,1048.453369140625
55,3,4,0.009700000000000002,666.7542513875045,20.95807602405548,25.821584989839497,55.18175627055921,1048.453369140625
55,3,5,0.009700000000000002,756.8325311569733,24.419642567634583,27.51058943674187,174.74222819010416,1048.453369140625
