epoch,startPos,prefixLength,learnRate,MSE,MAE,RMSE,meanLoss,totalLoss
235,4,mix,0.008100000000000012,349.61406080589325,8.537598552554845,18.697969430018148,7.7487343236019735,147.2259521484375
235,4,4,0.008100000000000012,349.6140596316584,8.537598477303982,18.697969398618085,7.7487343236019735,147.2259521484375
235,4,5,0.008100000000000012,172.0480044792636,6.1719855684787035,13.116707074539082,29.4451904296875,147.2259521484375
