epoch,startPos,prefixLength,learnRate,MSE,MAE,RMSE,meanLoss,totalLoss
136,2,mix,0.009100000000000006,758.971133327617,23.127526188597958,27.549430726017135,23.55455900493421,3132.75634765625
136,2,2,0.009100000000000006,757.1997094681981,23.080976384527542,27.517262027102152,23.55455900493421,3132.75634765625
136,2,3,0.009100000000000006,837.8807447662361,24.625210927082943,28.946169777126578,62.655126953125,3132.75634765625
136,2,4,0.009100000000000006,1150.6515496283428,29.882170895735424,33.92125513049809,164.88191303453948,3132.75634765625
136,2,5,0.009100000000000006,1782.303465792886,37.636510998010635,42.21733608119875,626.55126953125,3132.75634765625
