epoch,startPos,prefixLength,learnRate,MSE,MAE,RMSE,meanLoss,totalLoss
153,1,mix,0.0006999999999999999,177.75927485027557,4.640187856552844,13.33263945549701,4.855657162873642,1005.1210327148438
153,1,1,0.0006999999999999999,178.27099498266395,4.648901752934565,13.351816167947488,4.855657162873642,1005.1210327148438
153,1,2,0.0006999999999999999,116.48438339805263,2.865975113034879,10.792793123100832,15.229106556285512,1005.1210327148438
153,1,3,0.0006999999999999999,77.65311935147088,2.355635617346536,8.81210073430115,83.76008605957031,1005.1210327148438
153,1,4,0.0006999999999999999,198.12673329570114,5.281415511956084,14.075749830673361,335.04034423828125,1005.1210327148438
