epoch,startPos,prefixLength,learnRate,MSE,MAE,RMSE,meanLoss,totalLoss
411,4,mix,0.007900000000000013,265.8411517865594,7.153808082640171,16.304635898619736,7.825524581106086,148.68496704101562
411,4,4,0.007900000000000013,265.8411511428597,7.153808070719242,16.30463587887996,7.825524581106086,148.68496704101562
411,4,5,0.007900000000000013,464.3348060708876,12.680006124079227,21.548429317954653,29.736993408203126,148.68496704101562
