epoch,startPos,prefixLength,learnRate,MSE,MAE,RMSE,meanLoss,totalLoss
438,2,mix,0.006400000000000009,308.27112031289965,7.599804997843291,17.557651332478944,8.655015550218186,960.7067260742188
438,2,2,0.006400000000000009,305.66065625479894,7.550896939289357,17.483153498576822,8.655015550218186,960.7067260742188
438,2,3,0.006400000000000009,476.27158025762054,10.790829006921161,21.82364727211335,22.34201688544695,960.7067260742188
438,2,4,0.006400000000000009,302.4160580367835,7.46818308532238,17.390113801720318,50.56351189864309,960.7067260742188
