epoch,startPos,prefixLength,learnRate,MSE,MAE,RMSE,meanLoss,totalLoss
467,2,mix,0.006300000000000009,657.6915838664787,20.46955006463187,25.64549831581517,19.378869192940847,542.6083374023438
467,2,2,0.006300000000000009,654.4389037529598,20.346779576369695,25.582003513270024,19.378869192940847,542.6083374023438
467,2,3,0.006300000000000009,538.884687623621,18.057992041110992,23.213889971816894,180.86944580078125,542.6083374023438
467,2,4,0.006300000000000009,314.91112450801756,16.929778814315796,17.745735389327137,542.6083374023438,542.6083374023438
