epoch,startPos,prefixLength,learnRate,MSE,MAE,RMSE,meanLoss,totalLoss
191,2,mix,0.008600000000000009,330.2837531851032,8.205499565627958,18.173710495798684,8.509307306463068,936.0238037109375
191,2,2,0.008600000000000009,335.3294952214964,8.298136469775013,18.31200412902685,8.509307306463068,936.0238037109375
191,2,3,0.008600000000000009,478.19246294526835,10.973104204135863,21.867612191212565,21.767995435138083,936.0238037109375
191,2,4,0.008600000000000009,301.76275166794255,8.120318220183254,17.37131980213198,49.26441072162829,936.0238037109375
191,2,5,0.008600000000000009,129.94242351563707,3.2951696030795574,11.399229075496162,187.2047607421875,936.0238037109375
