epoch,startPos,prefixLength,learnRate,MSE,MAE,RMSE,meanLoss,totalLoss
392,3,mix,0.0066000000000000095,495.9415779307244,11.466766862706704,22.269745798520567,10.593613735465116,455.525390625
392,3,3,0.0066000000000000095,499.6883143269301,11.551994510672309,22.35370918498606,10.593613735465116,455.525390625
392,3,4,0.0066000000000000095,352.77276264862604,8.638607419282199,18.782245942608302,23.975020559210527,455.525390625
392,3,5,0.0066000000000000095,179.57949757064898,6.5166307762265205,13.400727501544422,91.105078125,455.525390625
