epoch,startPos,prefixLength,learnRate,MSE,MAE,RMSE,meanLoss,totalLoss
464,4,mix,0.006100000000000008,305.11161933965184,7.922038070857525,17.46744455665029,7.508991442228618,142.67083740234375
464,4,4,0.006100000000000008,304.4097306264215,7.875163558870554,17.447341649272,7.508991442228618,142.67083740234375
464,4,5,0.006100000000000008,176.88186587628488,6.101653319783509,13.299694202359875,28.53416748046875,142.67083740234375
