epoch,startPos,prefixLength,learnRate,MSE,MAE,RMSE,meanLoss,totalLoss
144,1,mix,0.0009,717.3351702117974,21.916758531970636,26.783113527217058,20.425544135004497,2839.150634765625
144,1,1,0.0009,720.0909156760905,21.985412575730255,26.834509790120826,20.425544135004497,2839.150634765625
144,1,2,0.0009,1051.4160662615184,26.307616940566472,32.425546506751715,101.39823695591518,2839.150634765625
144,1,3,0.0009,1162.547737679489,30.136371195316315,34.09615429457535,946.383544921875,2839.150634765625
144,1,4,0.0009,710.006284305581,20.147235095500946,26.645943111580436,2839.150634765625,2839.150634765625
