epoch,startPos,prefixLength,learnRate,MSE,MAE,RMSE,meanLoss,totalLoss
115,1,mix,0.002,211.8511936782951,5.093494304791475,14.555108851475316,4.592177771087876,610.7596435546875
115,1,1,0.002,211.85119449153504,5.093494251726594,14.555108879411897,4.592177771087876,610.7596435546875
115,1,2,0.002,84.94752738607504,2.551042931113784,9.216698290932335,22.6207275390625,610.7596435546875
115,1,3,0.002,58.67032515429975,2.140859647537127,7.659655681184354,203.5865478515625,610.7596435546875
115,1,4,0.002,1.3183693425543977e-07,0.000359440304691816,0.0003630935612971397,610.7596435546875,610.7596435546875
