epoch,startPos,prefixLength,learnRate,MSE,MAE,RMSE,meanLoss,totalLoss
331,4,mix,0.007200000000000011,305.05438373283374,7.923922359570861,17.465806128914686,7.791384245219984,148.0363006591797
331,4,4,0.007200000000000011,304.3506462488919,7.877004614844918,17.445648347048955,7.791384245219984,148.0363006591797
331,4,5,0.007200000000000011,177.33545807544547,6.165167301893234,13.316736014333447,29.607260131835936,148.0363006591797
