epoch,startPos,prefixLength,learnRate,MSE,MAE,RMSE,meanLoss,totalLoss
120,1,mix,0.002,785.26142671933,22.177971377968788,28.02251642374985,21.309412638346355,4091.4072265625
120,1,1,0.002,785.3567240764842,22.169243803868692,28.024216743318345,21.309412638346355,4091.4072265625
120,1,2,0.002,1314.6372302553102,29.491935740817677,36.25792644726543,30.762460350093985,4091.4072265625
120,1,3,0.002,1866.489806055735,37.44995831067745,43.202891177046645,81.82814453125,4091.4072265625
120,1,4,0.002,2064.8250756076486,40.95050032138825,45.440346341193845,215.3372224506579,4091.4072265625
