epoch,startPos,prefixLength,learnRate,MSE,MAE,RMSE,meanLoss,totalLoss
164,3,mix,0.008700000000000008,48.36142437011884,1.8547954567084162,6.95423787126374,1.6458640098571777,4.937592029571533
164,3,3,0.008700000000000008,48.70166905088612,1.8696219589328393,6.978658112480229,1.6458640098571777,4.937592029571533
164,3,4,0.008700000000000008,1.3679479409849795,0.46695834668935277,1.1695930664059955,4.937592029571533,4.937592029571533
