epoch,startPos,prefixLength,learnRate,MSE,MAE,RMSE,meanLoss,totalLoss
149,3,mix,0.009300000000000004,521.8211968108685,11.71341181952845,22.843405980958018,10.444692212481831,449.12176513671875
149,3,3,0.009300000000000004,510.65398859310477,11.503192763436925,22.59765449317926,10.444692212481831,449.12176513671875
149,3,4,0.009300000000000004,265.8533443184031,7.153389155864716,16.305009792036408,23.63798763877467,449.12176513671875
149,3,5,0.009300000000000004,385.38641147207017,10.601761976256967,19.63126107696778,89.82435302734375,449.12176513671875
