epoch,startPos,prefixLength,learnRate,MSE,MAE,RMSE,meanLoss,totalLoss
265,3,mix,0.007900000000000013,664.0054182613494,21.484055225665752,25.768302587895644,21.03486328125,1051.7431640625
265,3,3,0.007900000000000013,662.6749131601716,21.38662098004268,25.74247294181683,21.03486328125,1051.7431640625
265,3,4,0.007900000000000013,576.7837438405957,19.57157850265503,24.016322446215526,55.35490337171053,1051.7431640625
