epoch,startPos,prefixLength,learnRate,MSE,MAE,RMSE,meanLoss,totalLoss
286,2,mix,0.007700000000000012,333.0326886157337,9.810740919900127,18.24918323146912,9.281578118074025,1308.7025146484375
286,2,2,0.007700000000000012,330.67736381878626,9.79661363764252,18.18453639273727,9.281578118074025,1308.7025146484375
286,2,3,0.007700000000000012,355.20492141030286,10.35433683060826,18.846880946467053,13.219217319681187,1308.7025146484375
286,2,4,0.007700000000000012,315.06491009097476,9.610936692294976,17.75006788975678,16.99613655387581,1308.7025146484375
