epoch,startPos,prefixLength,learnRate,MSE,MAE,RMSE,meanLoss,totalLoss
153,2,mix,0.008900000000000007,116.45330221161508,2.8621825738681603,10.791353122366772,2.34556279037938,154.80714416503906
153,2,2,0.008900000000000007,116.47808496624354,2.8704412485680866,10.792501330379512,2.34556279037938,154.80714416503906
153,2,3,0.008900000000000007,77.64123277486605,2.3572812059264834,8.811426262238484,12.900595347086588,154.80714416503906
153,2,4,0.008900000000000007,141.02732372011621,4.142018043232383,11.87549256747341,51.60238138834635,154.80714416503906
