epoch,startPos,prefixLength,learnRate,MSE,MAE,RMSE,meanLoss,totalLoss
36,3,mix,0.0099,750.4418580018489,22.247195748182442,27.394193873918773,21.04470703125,1052.2353515625
36,3,3,0.0099,714.4732015193302,21.962948620319366,26.729631526067287,21.04470703125,1052.2353515625
36,3,4,0.0099,670.7762789423468,21.13846162557602,25.899349006149688,55.380807976973685,1052.2353515625
36,3,5,0.0099,767.9349324345416,24.55522570014,27.71163893447195,175.37255859375,1052.2353515625
