epoch,startPos,prefixLength,learnRate,MSE,MAE,RMSE,meanLoss,totalLoss
25,1,mix,0.01,770.3704891489319,22.016378205269575,27.75554879927493,21.33717091878255,4096.73681640625
25,1,1,0.01,771.5462935270265,22.038967220733564,27.776722152317152,21.33717091878255,4096.73681640625
25,1,2,0.01,1307.9896288789487,29.62699934314279,36.16613925868987,30.80253245418233,4096.73681640625
25,1,3,0.01,1821.581363268247,37.43816079543187,42.679987854593485,81.934736328125,4096.73681640625
25,1,4,0.01,2313.808541035874,44.11348733901978,48.102063791856935,215.61772717927633,4096.73681640625
