epoch,startPos,prefixLength,learnRate,MSE,MAE,RMSE,meanLoss,totalLoss
170,3,mix,0.008700000000000008,674.0704995779516,21.568103198821728,25.962867707130343,21.0910302734375,1054.551513671875
170,3,3,0.008700000000000008,671.3867126368915,21.546004707996662,25.911131056688582,21.0910302734375,1054.551513671875
170,3,4,0.008700000000000008,580.8368124481203,19.514238405227662,24.100556268437465,55.50271124588816,1054.551513671875
