epoch,startPos,prefixLength,learnRate,MSE,MAE,RMSE,meanLoss,totalLoss
77,2,mix,0.009600000000000003,347.691832873218,8.418278689163603,18.64649653080219,8.428701504794034,927.1571655273438
77,2,2,0.009600000000000003,347.7313097963092,8.410651633316386,18.64755506216054,8.428701504794034,927.1571655273438
77,2,3,0.009600000000000003,541.4595621110261,12.60206854250282,23.269283661321122,21.561794547147528,927.1571655273438
77,2,4,0.009600000000000003,327.3642017333001,7.969595073908567,18.093208718557914,48.79774555407072,927.1571655273438
