epoch,startPos,prefixLength,learnRate,MSE,MAE,RMSE,meanLoss,totalLoss
225,2,mix,0.008200000000000011,329.30628779974353,8.132527267427317,18.146798279579336,8.468219549005681,931.504150390625
225,2,2,0.008200000000000011,330.03055337469226,8.162657035381667,18.166743059081675,8.468219549005681,931.504150390625
225,2,3,0.008200000000000011,497.9757675258446,11.502025119282983,22.315370656250472,21.66288721838663,931.504150390625
225,2,4,0.008200000000000011,352.7847938263182,8.638275369256736,18.782566220469402,49.02653423108553,931.504150390625
225,2,5,0.008200000000000011,164.46567806982557,5.828929619863629,12.824417260438214,186.300830078125,931.504150390625
