epoch,startPos,prefixLength,learnRate,MSE,MAE,RMSE,meanLoss,totalLoss
93,3,mix,0.009600000000000003,471.52364135431344,10.852693334899165,21.714595122965417,10.653785882994185,458.11279296875
93,3,3,0.009600000000000003,471.9409388696964,10.892445954409512,21.724201685440512,10.653785882994185,458.11279296875
93,3,4,0.009600000000000003,282.56417833543026,7.083718770742417,16.809645395885966,24.11119962993421,458.11279296875
93,3,5,0.009600000000000003,119.3121993075897,4.891033064574003,10.923012373314867,76.35213216145833,458.11279296875
