epoch,startPos,prefixLength,learnRate,MSE,MAE,RMSE,meanLoss,totalLoss
101,1,mix,0.003,705.9850964889425,21.665241287400324,26.570380059173836,21.511802673339844,4130.26611328125
101,1,1,0.003,707.7597354471169,21.682909179478884,26.603754160778077,21.511802673339844,4130.26611328125
101,1,2,0.003,1305.037218271673,29.39807117598898,36.12529886757579,31.05463243068609,4130.26611328125
101,1,3,0.003,1987.7470519965568,39.0560520199629,44.58415696182397,82.605322265625,4130.26611328125
101,1,4,0.003,2705.9782977730697,47.798248863220216,52.019018616012644,217.38242701480263,4130.26611328125
101,1,5,0.003,4222.87915430542,61.58845056593418,64.98368375450426,826.05322265625,4130.26611328125
