epoch,startPos,prefixLength,learnRate,MSE,MAE,RMSE,meanLoss,totalLoss
134,1,mix,0.0009,428.3394073435694,17.374143493107773,20.69636217656546,17.583529135338345,2338.609375
134,1,1,0.0009,426.47017148893053,17.374708888995826,20.651154241081308,17.583529135338345,2338.609375
134,1,2,0.0009,269.6676541384343,11.658336705262107,16.421560648684835,21.26008522727273,2338.609375
134,1,3,0.0009,388.9710701710194,12.45073801651597,19.722349509402257,54.38626453488372,2338.609375
134,1,4,0.0009,257.9193934307661,9.597386637330056,16.059869035293097,123.08470394736842,2338.609375
134,1,5,0.0009,120.66621770789769,5.230542194098234,10.984817600119616,467.721875,2338.609375
