epoch,startPos,prefixLength,learnRate,MSE,MAE,RMSE,meanLoss,totalLoss
52,3,mix,0.009700000000000002,77.65336723492996,2.3557096436803704,8.812114799236898,2.3734544118245444,28.48145294189453
52,3,3,0.009700000000000002,77.65340401720124,2.3557151988479177,8.812116886265255,2.3734544118245444,28.48145294189453
52,3,4,0.009700000000000002,114.76708910493701,3.234617780849021,10.71294026422891,9.493817647298178,28.48145294189453
