epoch,startPos,prefixLength,learnRate,MSE,MAE,RMSE,meanLoss,totalLoss
215,1,mix,0.00019999999999999982,790.2977482193228,22.176093744734924,28.11223484924887,21.318026224772137,4093.06103515625
215,1,1,0.00019999999999999982,788.5281764101841,22.152641963213682,28.0807438720947,21.318026224772137,4093.06103515625
215,1,2,0.00019999999999999982,1368.4997930770821,30.171945405357025,36.9932398294213,30.774895001174812,4093.06103515625
215,1,3,0.00019999999999999982,1724.9252429084204,36.20679516058702,41.53221933521517,81.861220703125,4093.06103515625
215,1,4,0.00019999999999999982,2122.7224018959505,42.081077790260316,46.07301164343341,215.42426500822367,4093.06103515625
