epoch,startPos,prefixLength,learnRate,MSE,MAE,RMSE,meanLoss,totalLoss
96,1,mix,0.003,440.038348736016,17.67846613903256,20.97709104561488,17.553877981085527,2334.665771484375
96,1,1,0.003,442.94706907516064,17.731705266763182,21.04630773022101,17.553877981085527,2334.665771484375
96,1,2,0.003,297.7794256377052,15.333414180869502,17.256286554114276,21.22423428622159,2334.665771484375
96,1,3,0.003,381.1558712472593,17.046836345033213,19.523213650607303,54.29455282521803,2334.665771484375
96,1,4,0.003,269.0100453913125,14.969085451960563,16.40152570315678,122.87714586759868,2334.665771484375
96,1,5,0.003,193.77200946924896,12.77792276442051,13.920201488098114,466.933154296875,2334.665771484375
