epoch,startPos,prefixLength,learnRate,MSE,MAE,RMSE,meanLoss,totalLoss
73,3,mix,0.009500000000000003,480.62414793624487,10.920603260736574,21.923141835426893,10.806860635446947,464.69500732421875
73,3,3,0.009500000000000003,466.5736679751881,10.643655627627265,21.600316385997406,10.806860635446947,464.69500732421875
73,3,4,0.009500000000000003,296.2834426328434,7.848718510568142,17.21288594724439,24.457631964432565,464.69500732421875
73,3,5,0.009500000000000003,130.64099875229533,3.213632110506296,11.429829340471157,92.93900146484376,464.69500732421875
