epoch,startPos,prefixLength,learnRate,MSE,MAE,RMSE,meanLoss,totalLoss
336,4,mix,0.007200000000000011,683.1766140995766,20.71702241897583,26.13764744768696,19.2266556589227,365.30645751953125
336,4,4,0.007200000000000011,684.8550490437294,20.7263973236084,26.169735364419132,19.2266556589227,365.30645751953125
336,4,5,0.007200000000000011,793.25875536272,25.42070508003235,28.164849642110998,60.88440958658854,365.30645751953125
