epoch,startPos,prefixLength,learnRate,MSE,MAE,RMSE,meanLoss,totalLoss
266,2,mix,0.007900000000000013,754.5830409655749,23.030683545505298,27.46967493374421,23.38527776961936,3110.241943359375
266,2,2,0.007900000000000013,752.7962474848482,23.05584486968377,27.437132639633614,23.38527776961936,3110.241943359375
266,2,3,0.007900000000000013,842.3882359898847,24.45892162964894,29.023925234018307,62.2048388671875,3110.241943359375
266,2,4,0.007900000000000013,1145.0876413172432,29.26978704929352,33.83914362564814,163.69694438733552,3110.241943359375
266,2,5,0.007900000000000013,2217.2672823454604,44.15412852168083,47.08786767677488,622.048388671875,3110.241943359375
