epoch,startPos,prefixLength,learnRate,MSE,MAE,RMSE,meanLoss,totalLoss
50,3,mix,0.009700000000000002,510.06032466823217,11.471100847321479,22.58451515238333,10.454198083212209,449.530517578125
50,3,3,0.009700000000000002,511.0649366156631,11.469190814955669,22.606745378662165,10.454198083212209,449.530517578125
50,3,4,0.009700000000000002,304.289313462165,7.879108259081841,17.443890433678064,23.659500925164473,449.530517578125
50,3,5,0.009700000000000002,174.79129379258978,5.854374701157212,13.220865848823586,89.906103515625,449.530517578125
