epoch,startPos,prefixLength,learnRate,MSE,MAE,RMSE,meanLoss,totalLoss
317,4,mix,0.00840000000000001,260.96675965726547,6.989149391651154,16.15446562586536,7.9400168971011515,150.86032104492188
317,4,4,0.00840000000000001,260.96675965726547,6.989149391651154,16.15446562586536,7.9400168971011515,150.86032104492188
317,4,5,0.00840000000000001,106.66623617764887,3.032896988093853,10.32793474890546,30.172064208984374,150.86032104492188
