epoch,startPos,prefixLength,learnRate,MSE,MAE,RMSE,meanLoss,totalLoss
262,3,mix,0.007900000000000013,349.05750651355424,10.276664451982539,18.683080755420242,9.650945490056818,955.443603515625
262,3,3,0.007900000000000013,350.3215983261547,10.278781085669134,18.71688003717913,9.650945490056818,955.443603515625
262,3,4,0.007900000000000013,311.43881711897427,9.60788666774031,17.647629220917302,12.408358487215908,955.443603515625
