epoch,startPos,prefixLength,learnRate,MSE,MAE,RMSE,meanLoss,totalLoss
172,1,mix,0.0005999999999999998,448.47141384520654,17.531343639348492,21.17714366587729,17.503865865836467,2328.01416015625
172,1,1,0.0005999999999999998,447.1133401409634,17.503275726272754,21.14505474433593,17.503865865836467,2328.01416015625
172,1,2,0.0005999999999999998,283.9937277126588,11.544588475288558,16.852113449435915,21.163765092329545,2328.01416015625
172,1,3,0.0005999999999999998,462.50111204973075,13.83794853108173,21.505839022222098,54.13986418968023,2328.01416015625
172,1,4,0.0005999999999999998,275.7436999980587,9.259301494807005,16.605532210623622,122.52706106085526,2328.01416015625
