epoch,startPos,prefixLength,learnRate,MSE,MAE,RMSE,meanLoss,totalLoss
406,4,mix,0.0066000000000000095,359.21566902662084,8.837685444951058,18.952985754931092,7.70612937525699,146.4164581298828
406,4,4,0.0066000000000000095,352.81559454907995,8.637685301154852,18.783386131075513,7.70612937525699,146.4164581298828
406,4,5,0.0066000000000000095,187.17433058661757,6.859570616856217,13.681167003827472,29.283291625976563,146.4164581298828
