epoch,startPos,prefixLength,learnRate,MSE,MAE,RMSE,meanLoss,totalLoss
280,4,mix,0.007800000000000013,688.1283931851723,19.97134695450465,26.23220145518047,19.40061388517681,368.6116638183594
280,4,4,0.007800000000000013,696.9926003748938,20.084221700827282,26.40061742412275,19.40061388517681,368.6116638183594
280,4,5,0.007800000000000013,827.3901657521833,21.652964055538177,28.764390585447543,73.72233276367187,368.6116638183594
