epoch,startPos,prefixLength,learnRate,MSE,MAE,RMSE,meanLoss,totalLoss
325,2,mix,0.00840000000000001,374.99865830798984,9.036115078255534,19.364882088667358,8.302736594460228,913.301025390625
325,2,2,0.00840000000000001,369.18466210393177,8.877059529668518,19.21417867367564,8.302736594460228,913.301025390625
325,2,3,0.00840000000000001,464.28869984030666,11.172091160646893,21.547359463291706,21.239558730014537,913.301025390625
325,2,4,0.00840000000000001,266.67455546130475,6.816346258670092,16.33017316078751,48.06847502055921,913.301025390625
325,2,5,0.00840000000000001,112.46279093040097,4.419946942478418,10.604847520374868,152.21683756510416,913.301025390625
