epoch,startPos,prefixLength,learnRate,MSE,MAE,RMSE,meanLoss,totalLoss
382,2,mix,0.008100000000000012,370.5817155117499,8.91965558433107,19.250499097731204,8.299467329545454,912.94140625
382,2,2,0.008100000000000012,368.20971040017747,8.848056732277785,19.188791269910084,8.299467329545454,912.94140625
382,2,3,0.008100000000000012,461.0376728070028,11.099395217204636,21.47178783443528,21.231195494186046,912.94140625
382,2,4,0.008100000000000012,296.77180399293826,7.4361875273287295,17.22706602973757,48.04954769736842,912.94140625
382,2,5,0.008100000000000012,115.79982496740595,4.826640808954835,10.761032709150454,152.15690104166666,912.94140625
