epoch,startPos,prefixLength,learnRate,MSE,MAE,RMSE,meanLoss,totalLoss
20,1,mix,0.01,211.8574792851724,5.093584342658832,14.555324774293853,4.602070514420817,612.0753784179688
20,1,1,0.01,213.0889942203984,5.117731078991373,14.597568092678944,4.602070514420817,612.0753784179688
20,1,2,0.01,79.66865465063047,2.347917404976954,8.925729922568264,22.66945845992477,612.0753784179688
20,1,3,0.01,70.6090321285624,2.4845418800985044,8.402918072227195,204.0251261393229,612.0753784179688
20,1,4,0.01,2.9497850309575152e-08,0.0001524098879599478,0.00017174938226839463,612.0753784179688,612.0753784179688
