epoch,startPos,prefixLength,learnRate,MSE,MAE,RMSE,meanLoss,totalLoss
191,2,mix,0.008600000000000009,82.2980164165932,2.4509203395484747,9.07182541810595,2.4337712040653936,65.71182250976562
191,2,2,0.008600000000000009,83.61793034992574,2.5016985227762234,9.144284026096617,2.4337712040653936,65.71182250976562
191,2,3,0.008600000000000009,81.31530783743732,2.7672385161386046,9.017500088019812,21.903940836588543,65.71182250976562
191,2,4,0.008600000000000009,5.6480215474456235e-06,0.002376091208134312,0.002376556657739433,65.71182250976562,65.71182250976562
