epoch,startPos,prefixLength,learnRate,MSE,MAE,RMSE,meanLoss,totalLoss
267,2,mix,0.007900000000000013,333.8299670686418,8.251462732574769,18.271014396268253,8.511879660866477,936.3067626953125
267,2,2,0.007900000000000013,333.30952980407335,8.246076160310102,18.256766685371026,8.511879660866477,936.3067626953125
267,2,3,0.007900000000000013,472.9578293277767,10.85536337305199,21.747593644534025,21.774575876635176,936.3067626953125
267,2,4,0.007900000000000013,293.93805563382574,7.775640022754669,17.14462176992615,49.27930329975329,936.3067626953125
267,2,5,0.007900000000000013,130.49402755802254,3.2306805476546288,11.42339824912108,187.2613525390625,936.3067626953125
