epoch,startPos,prefixLength,learnRate,MSE,MAE,RMSE,meanLoss,totalLoss
112,2,mix,0.009200000000000005,351.4970488870375,8.631285606883466,18.74825455574565,8.42934403852983,927.2278442382812
112,2,2,0.009200000000000005,348.16697316124726,8.556501546142888,18.65923291995808,8.42934403852983,927.2278442382812
112,2,3,0.009200000000000005,507.39834218382896,11.342463762076063,22.52550426036738,21.563438238099565,927.2278442382812
112,2,4,0.009200000000000005,305.75930156871436,7.9706625387072565,17.485974424341194,48.80146548622533,927.2278442382812
112,2,5,0.009200000000000005,173.34055620544825,5.665578588843346,13.165886077490123,185.44556884765626,927.2278442382812
