epoch,startPos,prefixLength,learnRate,MSE,MAE,RMSE,meanLoss,totalLoss
311,3,mix,0.007400000000000012,607.7847255287897,18.02524244785309,24.65329035907357,20.22302754720052,60.66908264160156
311,3,3,0.007400000000000012,548.3026884474084,17.12914478778839,23.415864033757295,20.22302754720052,60.66908264160156
311,3,4,0.007400000000000012,352.43925193789846,15.998543739318848,18.773365493110138,60.66908264160156,60.66908264160156
