epoch,startPos,prefixLength,learnRate,MSE,MAE,RMSE,meanLoss,totalLoss
188,3,mix,0.009100000000000006,483.09152785966273,11.036241586912762,21.979343208104805,10.535169734511264,453.0122985839844
188,3,3,0.009100000000000006,468.87985393486963,10.762053138491781,21.653633735123297,10.535169734511264,453.0122985839844
188,3,4,0.009100000000000006,289.5332947124315,7.1777633965015415,17.015677909282118,23.84275255705181,453.0122985839844
188,3,5,0.009100000000000006,73.16319291010015,2.4527369774878025,8.553548556599194,75.50204976399739,453.0122985839844
