epoch,startPos,prefixLength,learnRate,MSE,MAE,RMSE,meanLoss,totalLoss
44,1,mix,0.008,789.4902806491309,22.151485501478117,28.097869681688163,21.309885660807293,4091.498046875
44,1,1,0.008,790.2895196852852,22.160821117460728,28.112088497393522,21.309885660807293,4091.498046875
44,1,2,0.008,1341.847837232115,29.98320609331131,36.63124127342827,30.763143209586467,4091.498046875
44,1,3,0.008,1776.7805111654948,36.875985351892616,42.151874349374964,81.8299609375,4091.498046875
44,1,4,0.008,2254.299377887331,43.4936185002327,47.47946269585758,215.34200246710526,4091.498046875
