epoch,startPos,prefixLength,learnRate,MSE,MAE,RMSE,meanLoss,totalLoss
450,4,mix,0.007700000000000012,260.8829185934541,6.990046891570091,16.15187043637529,7.88279242264597,149.77305603027344
450,4,4,0.007700000000000012,260.8829185934541,6.990046891570091,16.15187043637529,7.88279242264597,149.77305603027344
450,4,5,0.007700000000000012,106.62993486303557,3.0344361141324043,10.326177165971712,29.954611206054686,149.77305603027344
