epoch,startPos,prefixLength,learnRate,MSE,MAE,RMSE,meanLoss,totalLoss
212,2,mix,0.00840000000000001,766.8739758315807,23.257500490721533,27.692489520293776,23.352744654605264,3105.9150390625
212,2,2,0.00840000000000001,773.782589621108,23.35945107481059,27.816947884717834,23.352744654605264,3105.9150390625
212,2,3,0.00840000000000001,689.7256523587714,21.89061274895301,26.262628435835804,62.11830078125,3105.9150390625
212,2,4,0.00840000000000001,825.2383980366803,24.66370384693146,28.726962910072487,163.46921258223685,3105.9150390625
