epoch,startPos,prefixLength,learnRate,MSE,MAE,RMSE,meanLoss,totalLoss
130,3,mix,0.009400000000000004,519.3371755742265,11.630048665472053,22.78897048078799,10.51960009197856,452.3428039550781
130,3,3,0.009400000000000004,521.8943617517367,11.715275938537987,22.845007370358555,10.51960009197856,452.3428039550781
130,3,4,0.009400000000000004,265.8966207048384,7.15573400631547,16.30633682667074,23.80751599763569,452.3428039550781
130,3,5,0.009400000000000004,351.60545433407617,9.713562205433846,18.75114541392275,90.46856079101562,452.3428039550781
