epoch,startPos,prefixLength,learnRate,MSE,MAE,RMSE,meanLoss,totalLoss
30,1,mix,0.01,716.8666190989867,21.92283531171935,26.774364961637964,20.513916015625,2851.434326171875
30,1,1,0.01,716.8623647465963,21.935549368177142,26.774285513279274,20.513916015625,2851.434326171875
30,1,2,0.01,1045.6350473863913,26.190171676022665,32.33628066717617,101.83694022042411,2851.434326171875
30,1,3,0.01,1111.8353324770587,28.458651065826416,33.344194884223235,950.4781087239584,2851.434326171875
30,1,4,0.01,1454.6611632727902,36.91385060548782,38.140020493869564,2851.434326171875,2851.434326171875
