epoch,startPos,prefixLength,learnRate,MSE,MAE,RMSE,meanLoss,totalLoss
268,2,mix,0.008100000000000012,764.45144101886,23.13331826732439,27.64871499760631,23.223720923402254,3088.7548828125
268,2,2,0.008100000000000012,767.8064911921346,23.173608708907576,27.70932137732959,23.223720923402254,3088.7548828125
268,2,3,0.008100000000000012,873.5974758107332,24.384974640149338,29.556682422266764,61.77509765625,3088.7548828125
268,2,4,0.008100000000000012,953.6811631612411,25.957995176315308,30.88172862974547,162.56604646381578,3088.7548828125
268,2,5,0.008100000000000012,974.3450005697438,23.499502807855606,31.214499844939752,514.79248046875,3088.7548828125
