epoch,startPos,prefixLength,learnRate,MSE,MAE,RMSE,meanLoss,totalLoss
229,2,mix,0.008200000000000011,116.49830614248076,2.868427511336075,10.793438105741876,2.3452703302556817,154.787841796875
229,2,2,0.008200000000000011,116.7374073370015,2.8941622367931226,10.804508657824357,2.3452703302556817,154.787841796875
229,2,3,0.008200000000000011,77.66469933038584,2.3581046485105617,8.812757759656499,12.89898681640625,154.787841796875
229,2,4,0.008200000000000011,106.84443319796142,3.1120076925726607,10.336558092419422,51.595947265625,154.787841796875
