epoch,startPos,prefixLength,learnRate,MSE,MAE,RMSE,meanLoss,totalLoss
191,2,mix,0.008600000000000009,116.60075742019606,2.882842184874522,10.798183061061525,2.3312260020862925,153.8609161376953
191,2,2,0.008600000000000009,116.33709096547327,2.8488590451109785,10.785967317096471,2.3312260020862925,153.8609161376953
191,2,3,0.008600000000000009,77.64390870004713,2.3568302134722217,8.81157810497343,12.82174301147461,153.8609161376953
191,2,4,0.008600000000000009,223.84052179190107,5.266564631332585,14.961300805474806,51.28697204589844,153.8609161376953
