epoch,startPos,prefixLength,learnRate,MSE,MAE,RMSE,meanLoss,totalLoss
355,4,mix,0.007100000000000011,681.4244766017706,20.62100405693054,26.104108423805066,19.196150930304277,364.72686767578125
355,4,4,0.007100000000000011,658.0875138826334,20.211573696136476,25.653216443218838,19.196150930304277,364.72686767578125
355,4,5,0.007100000000000011,796.6723790239193,25.481677532196045,28.225385365374898,60.787811279296875,364.72686767578125
