epoch,startPos,prefixLength,learnRate,MSE,MAE,RMSE,meanLoss,totalLoss
134,2,mix,0.009100000000000006,348.49579564499084,8.434143312541503,18.668042094579466,8.438645241477273,928.2509765625
134,2,2,0.009100000000000006,349.69691790512104,8.460433745889791,18.700184969810355,8.438645241477273,928.2509765625
134,2,3,0.009100000000000006,534.3596533630963,12.392000018534334,23.11622056831731,21.587232013081394,928.2509765625
134,2,4,0.009100000000000006,319.28787577300795,7.820288015529513,17.868628256612425,48.855314555921055,928.2509765625
