epoch,startPos,prefixLength,learnRate,MSE,MAE,RMSE,meanLoss,totalLoss
210,2,mix,0.009000000000000006,353.1827879167607,8.425095569618323,18.79315800808264,8.427773965371621,935.48291015625
210,2,2,0.009000000000000006,355.62596721104507,8.459818223422324,18.858047810180274,8.427773965371621,935.48291015625
210,2,3,0.009000000000000006,511.9900167046196,11.54757253994996,22.627196395148463,21.75541651526163,935.48291015625
210,2,4,0.009000000000000006,265.77447483317235,7.156459426134825,16.302591046615024,49.23594263980263,935.48291015625
210,2,5,0.009000000000000006,385.39971184691944,10.601693365722895,19.6315998290236,187.09658203125,935.48291015625
