epoch,startPos,prefixLength,learnRate,MSE,MAE,RMSE,meanLoss,totalLoss
148,3,mix,0.008900000000000007,666.0204066931487,21.207594770651596,25.807371169748166,21.4025048828125,1070.125244140625
148,3,3,0.008900000000000007,661.373272699307,21.084239602088928,25.717178552463857,21.4025048828125,1070.125244140625
148,3,4,0.008900000000000007,654.2758648968712,21.988029221693676,25.57881672198445,56.32238127055921,1070.125244140625
148,3,5,0.008900000000000007,966.413550592391,27.99007350206375,31.087192710059732,214.025048828125,1070.125244140625
