epoch,startPos,prefixLength,learnRate,MSE,MAE,RMSE,meanLoss,totalLoss
96,1,mix,0.003,424.6154113675223,17.261033334166687,20.606198372517003,17.554546934185606,2317.2001953125
96,1,1,0.003,423.8505899086669,17.242684522314985,20.587631964572005,17.554546934185606,2317.2001953125
96,1,2,0.003,251.174434824859,11.175996288125004,15.848483675887072,20.87567743524775,2317.2001953125
96,1,3,0.003,401.943523233249,12.719582502814857,20.04852920374083,53.88837663517442,2317.2001953125
96,1,4,0.003,261.40173645117756,9.266555738449096,16.16792307166191,121.95790501644737,2317.2001953125
