epoch,startPos,prefixLength,learnRate,MSE,MAE,RMSE,meanLoss,totalLoss
496,2,mix,0.006100000000000008,768.7665493432287,23.165440418264446,27.72663970522264,23.282009956531954,3096.50732421875
496,2,2,0.006100000000000008,766.3992837117395,23.13396122701028,27.683917419898137,23.282009956531954,3096.50732421875
496,2,3,0.006100000000000008,860.1856324279954,24.186888722273018,29.328921433083682,61.930146484375,3096.50732421875
496,2,4,0.006100000000000008,949.9633814446115,25.55208255648613,30.82147597771092,162.97406969572367,3096.50732421875
496,2,5,0.006100000000000008,972.5443759667501,23.906591087579727,31.185643747832913,516.0845540364584,3096.50732421875
