epoch,startPos,prefixLength,learnRate,MSE,MAE,RMSE,meanLoss,totalLoss
357,3,mix,0.007100000000000011,662.922085760557,21.25137590445005,25.747273365553816,21.42709716796875,1071.3548583984375
357,3,3,0.007100000000000011,670.750254405483,21.435504803290733,25.89884658446169,21.42709716796875,1071.3548583984375
357,3,4,0.007100000000000011,662.6264987677663,22.275433619817097,25.741532564471882,56.38709781044408,1071.3548583984375
357,3,5,0.007100000000000011,994.3736526304115,28.375199377536774,31.53369075497525,214.2709716796875,1071.3548583984375
