epoch,startPos,prefixLength,learnRate,MSE,MAE,RMSE,meanLoss,totalLoss
468,3,mix,0.006100000000000008,34.85800948617311,1.3066507539115264,5.904067198649852,1.6779964764912922,5.033989429473877
468,3,3,0.006100000000000008,56.56663287909537,1.8917092366355064,7.521079236326085,1.6779964764912922,5.033989429473877
468,3,4,0.006100000000000008,12.167380562662444,1.5610396144584229,3.4881772550520487,5.033989429473877,5.033989429473877
