epoch,startPos,prefixLength,learnRate,MSE,MAE,RMSE,meanLoss,totalLoss
172,1,mix,0.002,417.2873636086095,17.26352581923658,20.427612773121815,17.621470056978385,2343.655517578125
172,1,1,0.002,413.61609410123606,17.18537473588279,20.337553788527174,17.621470056978385,2343.655517578125
172,1,2,0.002,286.8547968805015,11.872420740900216,16.93678826934143,21.114013671875,2343.655517578125
172,1,3,0.002,437.6477704938376,13.469044474715536,20.92003275556321,54.50361668786337,2343.655517578125
172,1,4,0.002,230.4503445418095,8.925181752443313,15.180591047182896,123.35029039884868,2343.655517578125
172,1,5,0.002,346.7250044265975,11.73107329569757,18.62055327928248,468.731103515625,2343.655517578125
