epoch,startPos,prefixLength,learnRate,MSE,MAE,RMSE,meanLoss,totalLoss
293,4,mix,0.007600000000000012,305.09001930355106,7.9234157396480445,17.466826251599088,7.578307302374589,143.9878387451172
293,4,4,0.007600000000000012,305.79709094624775,7.969835228659212,17.487054953486243,7.578307302374589,143.9878387451172
293,4,5,0.007600000000000012,175.36439485162924,5.913773958105594,13.242522223943189,28.797567749023436,143.9878387451172
