epoch,startPos,prefixLength,learnRate,MSE,MAE,RMSE,meanLoss,totalLoss
420,2,mix,0.00680000000000001,766.4706873250502,23.10484626713921,27.685207012501284,23.219331899083645,3088.171142578125
420,2,2,0.00680000000000001,765.5399707250368,23.105483687975827,27.668392991372606,23.219331899083645,3088.171142578125
420,2,3,0.00680000000000001,852.7650856505788,24.051574482367588,29.202141799028695,61.7634228515625,3088.171142578125
420,2,4,0.00680000000000001,928.222636037762,25.34947986602783,30.466746397306064,162.53532329358552,3088.171142578125
420,2,5,0.00680000000000001,962.3783375563618,23.42154550552368,31.022223285192855,514.6951904296875,3088.171142578125
