epoch,startPos,prefixLength,learnRate,MSE,MAE,RMSE,meanLoss,totalLoss
164,4,mix,0.009200000000000005,265.832262896516,7.154135120660067,16.304363308529286,7.8138885498046875,148.46388244628906
164,4,4,0.009200000000000005,265.83226267449817,7.154135117679834,16.304363301720745,7.8138885498046875,148.46388244628906
164,4,5,0.009200000000000005,419.19846071412184,11.493023877963424,20.47433663672945,29.692776489257813,148.46388244628906
