epoch,startPos,prefixLength,learnRate,MSE,MAE,RMSE,meanLoss,totalLoss
426,5,mix,0.006400000000000009,657.6519846919082,21.64930260181427,25.64472625496143,20.83068389892578,104.1534194946289
426,5,5,0.006400000000000009,655.9837147778744,21.610501050949097,25.612179032207987,20.83068389892578,104.1534194946289
