epoch,startPos,prefixLength,learnRate,MSE,MAE,RMSE,meanLoss,totalLoss
477,2,mix,0.007600000000000012,369.31783007358746,8.895006643608212,19.217643718041696,8.29698985706676,912.6688842773438
477,2,2,0.007600000000000012,368.8665130182394,8.879999069230896,19.205897870660444,8.29698985706676,912.6688842773438
477,2,3,0.007600000000000012,470.6186868191476,11.333565347912637,21.69374764348354,21.224857773891713,912.6688842773438
477,2,4,0.007600000000000012,266.6081712999995,6.82665551751852,16.328140472815623,48.03520443564967,912.6688842773438
477,2,5,0.007600000000000012,114.8092241397417,4.709566140547395,10.714906632338973,152.11148071289062,912.6688842773438
