epoch,startPos,prefixLength,learnRate,MSE,MAE,RMSE,meanLoss,totalLoss
300,3,mix,0.007600000000000012,684.1999634494398,21.21571356516618,26.157216278676135,21.54770751953125,1077.3853759765625
300,3,3,0.007600000000000012,681.8481393624382,21.180857951824482,26.112222030352726,21.54770751953125,1077.3853759765625
300,3,4,0.007600000000000012,632.7341092855207,20.884178864955903,25.154206592248556,56.70449347245066,1077.3853759765625
300,3,5,0.007600000000000012,1267.3339779081164,32.82948750257492,35.59963451930534,215.4770751953125,1077.3853759765625
