epoch,startPos,prefixLength,learnRate,MSE,MAE,RMSE,meanLoss,totalLoss
77,1,mix,0.005,448.0080412742237,17.52283112292714,21.166200444912725,17.507296684093046,2328.470458984375
77,1,1,0.005,449.0322604299983,17.54961763915013,21.190381318654893,17.507296684093046,2328.470458984375
77,1,2,0.005,284.0255113416105,11.545562862219024,16.853056439162913,21.167913263494317,2328.470458984375
77,1,3,0.005,461.8370026517001,13.811674194918437,21.49039326424019,54.150475790334305,2328.470458984375
77,1,4,0.005,282.32510152828837,9.392052306234836,16.80253259268639,122.55107678865132,2328.470458984375
