epoch,startPos,prefixLength,learnRate,MSE,MAE,RMSE,meanLoss,totalLoss
350,4,mix,0.007100000000000011,304.4062520088992,7.875205681659281,17.447241959945966,7.550128334446957,143.4524383544922
350,4,4,0.007100000000000011,304.4066599090453,7.8752105565741655,17.447253649472895,7.550128334446957,143.4524383544922
350,4,5,0.007100000000000011,174.37814005131838,5.78920739190653,13.205231540996106,28.690487670898438,143.4524383544922
