epoch,startPos,prefixLength,learnRate,MSE,MAE,RMSE,meanLoss,totalLoss
58,2,mix,0.009700000000000002,345.0942351735465,8.349139933141746,18.57671217340535,8.422224010120738,926.4446411132812
58,2,2,0.009700000000000002,348.6529858622363,8.42650657955424,18.672251761965835,8.422224010120738,926.4446411132812
58,2,3,0.009700000000000002,532.3518623653698,12.509766752154313,23.072751512669004,21.545224211936773,926.4446411132812
58,2,4,0.009700000000000002,319.44295923563686,7.841734616458416,17.87296727562709,48.760244269120065,926.4446411132812
