epoch,startPos,prefixLength,learnRate,MSE,MAE,RMSE,meanLoss,totalLoss
497,2,mix,0.005900000000000008,796.3692677971503,23.615843095562674,28.22001537556545,23.11696722274436,3074.556640625
497,2,2,0.005900000000000008,797.5591464166536,23.676583684755094,28.24108968182095,23.11696722274436,3074.556640625
497,2,3,0.005900000000000008,715.0570188852006,22.460120173601005,26.740550085688227,61.4911328125,3074.556640625
497,2,4,0.005900000000000008,624.38092425109,21.17360141277313,24.98761541746411,161.81877055921052,3074.556640625
