epoch,startPos,prefixLength,learnRate,MSE,MAE,RMSE,meanLoss,totalLoss
189,3,mix,0.008600000000000009,607.2412497980389,19.958352739994343,24.642265516750665,21.31115234375,1065.5576171875
189,3,3,0.008600000000000009,594.7462266314816,19.758948197731605,24.38741943362359,21.31115234375,1065.5576171875
189,3,4,0.008600000000000009,558.6565430622574,18.931088352203368,23.635916378728737,56.081979851973685,1065.5576171875
