epoch,startPos,prefixLength,learnRate,MSE,MAE,RMSE,meanLoss,totalLoss
149,3,mix,0.008800000000000007,480.10645741195043,10.873299713839184,21.91133171242566,10.478134510128998,450.5597839355469
149,3,3,0.008800000000000007,480.92758619679967,10.921596955169331,21.930061244711553,10.478134510128998,450.5597839355469
149,3,4,0.008800000000000007,298.6473839779424,7.35775845348835,17.281417302349436,23.713672838712995,450.5597839355469
