epoch,startPos,prefixLength,learnRate,MSE,MAE,RMSE,meanLoss,totalLoss
493,3,mix,0.005900000000000008,594.0907594365713,19.63612894828503,24.373977095184348,21.15563232421875,1057.7816162109375
493,3,3,0.005900000000000008,599.442127046939,19.71950221978701,24.4835072456325,21.15563232421875,1057.7816162109375
493,3,4,0.005900000000000008,569.8295047374149,19.24309298992157,23.871101875225932,55.67271664268092,1057.7816162109375
