epoch,startPos,prefixLength,learnRate,MSE,MAE,RMSE,meanLoss,totalLoss
312,5,mix,0.007400000000000012,650.7656282600328,21.513670086860657,25.51010835453336,20.754495239257814,103.77247619628906
312,5,5,0.007400000000000012,649.9328688541691,21.4677095413208,25.493780983882502,20.754495239257814,103.77247619628906
