epoch,startPos,prefixLength,learnRate,MSE,MAE,RMSE,meanLoss,totalLoss
110,3,mix,0.009200000000000005,666.2615829085715,21.293841265715084,25.81204336949269,21.5732666015625,1078.663330078125
110,3,3,0.009200000000000005,666.7947770443815,21.351409068474403,25.82236970234106,21.5732666015625,1078.663330078125
110,3,4,0.009200000000000005,662.1262763902905,22.247407575448353,25.73181447916743,56.77175421463816,1078.663330078125
110,3,5,0.009200000000000005,968.9970131598959,28.009136080741882,31.128716856945708,215.732666015625,1078.663330078125
