epoch,startPos,prefixLength,learnRate,MSE,MAE,RMSE,meanLoss,totalLoss
51,4,mix,0.009800000000000001,260.9851930507797,6.990465223789215,16.155036151330016,7.814496492084704,148.47543334960938
51,4,4,0.009800000000000001,260.9851930507797,6.990465223789215,16.155036151330016,7.814496492084704,148.47543334960938
51,4,5,0.009800000000000001,106.6742686667946,3.034220749512315,10.328323613578082,29.695086669921874,148.47543334960938
