epoch,startPos,prefixLength,learnRate,MSE,MAE,RMSE,meanLoss,totalLoss
93,2,mix,0.009400000000000004,347.01252654174635,8.535625479250614,18.628272237160008,8.4333984375,927.673828125
93,2,2,0.009400000000000004,346.7970004371219,8.531149550873254,18.622486419302923,8.4333984375,927.673828125
93,2,3,0.009400000000000004,507.3016906938679,11.341319122605704,22.52335877914011,21.573809956395348,927.673828125
93,2,4,0.009400000000000004,303.5881669262743,7.832239857688546,17.423781648260928,48.82493832236842,927.673828125
93,2,5,0.009400000000000004,175.79028877063217,5.979103892110288,13.258593016252975,185.534765625,927.673828125
