epoch,startPos,prefixLength,learnRate,MSE,MAE,RMSE,meanLoss,totalLoss
222,4,mix,0.008200000000000011,673.0104002975693,20.528050446510314,25.94244399237607,19.234100341796875,365.4479064941406
222,4,4,0.008200000000000011,695.696709349083,20.878050446510315,26.376063188980325,19.234100341796875,365.4479064941406
222,4,5,0.008200000000000011,796.2201464547306,25.474363446235657,28.2173731317203,60.9079844156901,365.4479064941406
