epoch,startPos,prefixLength,learnRate,MSE,MAE,RMSE,meanLoss,totalLoss
378,3,mix,0.008100000000000012,461.64877392705716,10.770575660873543,21.486013448917348,10.433618589889171,448.6455993652344
378,3,3,0.008100000000000012,461.6487739345532,10.770575322549451,21.48601344909179,10.433618589889171,448.6455993652344
378,3,4,0.008100000000000012,260.8772412462309,6.9901258304715155,16.15169468650986,23.612926282380755,448.6455993652344
378,3,5,0.008100000000000012,106.66257767652348,3.032300103455782,10.327757630605179,89.72911987304687,448.6455993652344
