epoch,startPos,prefixLength,learnRate,MSE,MAE,RMSE,meanLoss,totalLoss
297,3,mix,0.007600000000000012,47.67336426947763,1.8053611135619576,6.904590086998477,1.6718382835388184,5.015514850616455
297,3,3,0.007600000000000012,37.465868909144774,1.5703863060289223,6.120936930662231,1.6718382835388184,5.015514850616455
297,3,4,0.007600000000000012,2.1730020984037792,0.3682809206957245,1.474110612675921,5.015514850616455,5.015514850616455
