epoch,startPos,prefixLength,learnRate,MSE,MAE,RMSE,meanLoss,totalLoss
381,2,mix,0.00690000000000001,306.1150814950158,7.55908865328612,17.496144760918497,8.632825146924269,958.2435913085938
381,2,2,0.00690000000000001,305.17691048955146,7.535882456826845,17.46931339490913,8.632825146924269,958.2435913085938
381,2,3,0.00690000000000001,479.1065018636425,10.893707230348479,21.88850159018754,22.284734681595204,958.2435913085938
381,2,4,0.00690000000000001,290.940469216227,7.139066221192479,17.056977141809945,50.43387322676809,958.2435913085938
