epoch,startPos,prefixLength,learnRate,MSE,MAE,RMSE,meanLoss,totalLoss
175,1,mix,0.002,440.39535078748185,17.526956245472487,20.985598652110973,17.54694108317669,2333.7431640625
175,1,1,0.002,440.1780952205624,17.516718453868773,20.980421712171623,17.54694108317669,2333.7431640625
175,1,2,0.002,279.6210377770995,11.440374881414504,16.721873034355315,21.41048774369266,2333.7431640625
175,1,3,0.002,396.5303575371893,12.639609281989662,19.91307001788497,54.27309683866279,2333.7431640625
175,1,4,0.002,227.81443223132163,8.682456532120705,15.093522856885388,122.82858758223684,2333.7431640625
175,1,5,0.002,97.82873234794191,4.837766461074352,9.890840831190335,466.7486328125,2333.7431640625
