epoch,startPos,prefixLength,learnRate,MSE,MAE,RMSE,meanLoss,totalLoss
113,3,mix,0.009200000000000005,671.5978537513922,21.5027143405034,25.915205068673338,21.15817138671875,1057.9085693359375
113,3,3,0.009200000000000005,669.094832712689,21.505420258411995,25.86686747004146,21.15817138671875,1057.9085693359375
113,3,4,0.009200000000000005,588.921261164505,19.61383545398712,24.267699956207327,55.67939838610197,1057.9085693359375
