epoch,startPos,prefixLength,learnRate,MSE,MAE,RMSE,meanLoss,totalLoss
150,3,mix,0.008900000000000007,720.5450203538455,21.94188019862542,26.842969663467667,20.8478759765625,1042.393798828125
150,3,3,0.008900000000000007,748.5510386127935,22.355376527859615,27.359660791259703,20.8478759765625,1042.393798828125
150,3,4,0.008900000000000007,679.1828283599658,21.474272966384888,26.061136359720884,54.86283151726974,1042.393798828125
150,3,5,0.008900000000000007,737.6060863087214,24.0880469083786,27.158904365027713,173.7322998046875,1042.393798828125
