epoch,startPos,prefixLength,learnRate,MSE,MAE,RMSE,meanLoss,totalLoss
397,2,mix,0.00670000000000001,349.9708683845867,8.607395978245352,18.707508342496784,8.421394486860795,926.3533935546875
397,2,2,0.00670000000000001,347.588668038404,8.544321633542754,18.643729992638384,8.421394486860795,926.3533935546875
397,2,3,0.00670000000000001,506.53413032463015,11.35958371921019,22.50631312153615,21.543102175690407,926.3533935546875
397,2,4,0.00670000000000001,303.7025498733524,7.828356598317623,17.427063719208476,48.755441766036185,926.3533935546875
397,2,5,0.00670000000000001,177.37743820070014,6.164185109548271,13.318312137831136,185.2706787109375,926.3533935546875
