epoch,startPos,prefixLength,learnRate,MSE,MAE,RMSE,meanLoss,totalLoss
191,2,mix,0.008600000000000009,345.59473945386037,8.361216216680727,18.590178575093365,8.429696932705966,927.2666625976562
191,2,2,0.008600000000000009,349.3756358564843,8.459868268375951,18.69159265168392,8.429696932705966,927.2666625976562
191,2,3,0.008600000000000009,534.8066629614908,12.282840602269227,23.12588729025312,21.564340990643167,927.2666625976562
191,2,4,0.008600000000000009,319.39689017810537,7.7940785374492405,17.871678437631576,48.80350855777138,927.2666625976562
