epoch,startPos,prefixLength,learnRate,MSE,MAE,RMSE,meanLoss,totalLoss
126,3,mix,0.009100000000000006,79.70870489273679,2.626947798357378,8.927973168235711,1.6538222630818684,4.9614667892456055
126,3,3,0.009100000000000006,35.99624854580115,1.3715485276734398,5.999687370672005,1.6538222630818684,4.9614667892456055
126,3,4,0.009100000000000006,0.2290109451656256,0.18386617209125689,0.47855088043553484,4.9614667892456055,4.9614667892456055
