epoch,startPos,prefixLength,learnRate,MSE,MAE,RMSE,meanLoss,totalLoss
115,2,mix,0.009200000000000005,335.7220216702626,8.298421433860701,18.322718730315724,8.492719060724431,934.1990966796875
115,2,2,0.009200000000000005,333.1359791801306,8.235940580056715,18.25201301720253,8.492719060724431,934.1990966796875
115,2,3,0.009200000000000005,456.05993911704195,10.575418904762376,21.35555991111078,21.72556038789971,934.1990966796875
115,2,4,0.009200000000000005,291.8911958778739,7.69487912543118,17.084823554192003,49.16837350945724,934.1990966796875
115,2,5,0.009200000000000005,129.71844514611507,3.3229367258027196,11.389400561316434,186.8398193359375,934.1990966796875
