epoch,startPos,prefixLength,learnRate,MSE,MAE,RMSE,meanLoss,totalLoss
134,1,mix,0.0009,177.8005840511966,4.643975948572422,13.334188541159774,4.843297396305102,1002.5625610351562
134,1,1,0.0009,178.40064119039198,4.65990131939835,13.356670288301347,4.843297396305102,1002.5625610351562
134,1,2,0.0009,116.48299684840757,2.8658659365108425,10.792728887932261,15.190341833866004,1002.5625610351562
134,1,3,0.0009,77.65198721579448,2.3555238571830444,8.812036496508311,83.54688008626302,1002.5625610351562
134,1,4,0.0009,142.32757362824523,3.609419903472997,11.930112054303816,334.18752034505206,1002.5625610351562
