epoch,startPos,prefixLength,learnRate,MSE,MAE,RMSE,meanLoss,totalLoss
78,2,mix,0.009700000000000002,357.52602812756754,8.537037993470827,18.908358684126117,8.37521334811374,929.648681640625
78,2,2,0.009700000000000002,364.3500434830973,8.687439827041494,19.087955455812896,8.37521334811374,929.648681640625
78,2,3,0.009700000000000002,457.97242560178637,11.057277210734107,21.400290315829512,21.619736782340116,929.648681640625
78,2,4,0.009700000000000002,282.42141754530127,7.4343621276319025,16.805398464341785,48.92887798108553,929.648681640625
78,2,5,0.009700000000000002,72.47408181964116,2.5753050316125154,8.513171078960012,154.94144694010416,929.648681640625
