epoch,startPos,prefixLength,learnRate,MSE,MAE,RMSE,meanLoss,totalLoss
286,2,mix,0.008600000000000009,358.225414239061,8.50603242839376,18.926843747414967,8.3970947265625,932.0775146484375
286,2,2,0.008600000000000009,358.99971109331125,8.518763933744696,18.94728769753896,8.3970947265625,932.0775146484375
286,2,3,0.008600000000000009,524.1442565360054,11.713093598796563,22.894197005704424,21.676221270893894,932.0775146484375
286,2,4,0.008600000000000009,265.79376560016783,7.155487617105246,16.303182683150176,49.056711297286185,932.0775146484375
286,2,5,0.008600000000000009,362.77926272197044,10.008896432816982,19.046765151121342,186.4155029296875,932.0775146484375
