epoch,startPos,prefixLength,learnRate,MSE,MAE,RMSE,meanLoss,totalLoss
264,3,mix,0.008700000000000008,482.15515985354284,11.0314039201899,21.958031784600887,10.61630674850109,456.5011901855469
264,3,3,0.008700000000000008,483.25592556877467,11.069755678827113,21.983082713049477,10.61630674850109,456.5011901855469
264,3,4,0.008700000000000008,288.64587451588307,7.103193373978138,16.9895813519899,24.026378430818255,456.5011901855469
264,3,5,0.008700000000000008,73.26604580802362,2.4566290639340878,8.559558739095353,76.08353169759114,456.5011901855469
