epoch,startPos,prefixLength,learnRate,MSE,MAE,RMSE,meanLoss,totalLoss
210,1,mix,0.00019999999999999982,425.7237371364964,17.347436598981872,20.63307386543499,17.58877540531015,2339.30712890625
210,1,1,0.00019999999999999982,424.9385081256984,17.338426686823368,20.61403667712121,17.58877540531015,2339.30712890625
210,1,2,0.00019999999999999982,268.5001133106742,11.612299608066678,16.385973065725274,21.266428444602273,2339.30712890625
210,1,3,0.00019999999999999982,398.3798792031241,12.679187784479423,19.95945588444545,54.40249136991279,2339.30712890625
210,1,4,0.00019999999999999982,259.56404518864093,9.65491333603859,16.110991440275825,123.12142783717105,2339.30712890625
210,1,5,0.00019999999999999982,120.67234451110829,5.226287338882685,10.98509647254444,467.86142578125,2339.30712890625
