epoch,startPos,prefixLength,learnRate,MSE,MAE,RMSE,meanLoss,totalLoss
19,2,mix,0.01,427.63934535474044,17.34704016477746,20.679442578433793,17.55954256924716,2317.859619140625
19,2,2,0.01,250.0263519090629,11.161777980825198,15.812221599416791,20.88161819045608,2317.859619140625
19,2,3,0.01,404.79644077790016,12.795060576363044,20.119553692313858,53.90371207303779,2317.859619140625
19,2,4,0.01,264.4679407511252,9.359298495203257,16.2624703151497,121.99261153371711,2317.859619140625
