epoch,startPos,prefixLength,learnRate,MSE,MAE,RMSE,meanLoss,totalLoss
299,3,mix,0.007600000000000012,77.6580689131324,2.356720062239674,8.812381568743627,2.3733202616373696,28.479843139648438
299,3,3,0.007600000000000012,77.65807421713127,2.356720590751138,8.812381869683772,2.3733202616373696,28.479843139648438
299,3,4,0.007600000000000012,162.16714478722704,4.4699981288467825,12.734486435943424,9.493281046549479,28.479843139648438
