epoch,startPos,prefixLength,learnRate,MSE,MAE,RMSE,meanLoss,totalLoss
267,2,mix,0.007900000000000013,331.9185854623034,9.787933423753,18.218632919687014,9.279468292885639,1308.405029296875
267,2,2,0.007900000000000013,333.37440850525127,9.793939786161193,18.25854343876453,9.279468292885639,1308.405029296875
267,2,3,0.007900000000000013,344.87120965969046,10.177188804588067,18.5707083779723,13.216212417140152,1308.405029296875
267,2,4,0.007900000000000013,317.7458061661771,9.728389850795446,17.825425834076928,16.992273107751622,1308.405029296875
