epoch,startPos,prefixLength,learnRate,MSE,MAE,RMSE,meanLoss,totalLoss
19,2,mix,0.01,213.08599595238826,5.117435287124197,14.597465394800162,4.611383653224859,613.3140258789062
19,2,2,0.01,77.0272672394288,2.2461077459894554,8.776517945029726,22.71533429181134,613.3140258789062
19,2,3,0.01,63.35927560860948,2.5156368783593734,7.959853994176619,204.4380086263021,613.3140258789062
19,2,4,0.01,2.8514667275902024e-10,1.675445264481823e-05,1.688628652957838e-05,613.3140258789062,613.3140258789062
