epoch,startPos,prefixLength,learnRate,MSE,MAE,RMSE,meanLoss,totalLoss
15,3,mix,0.01,345.73037355462844,8.375473333190062,18.59382622148084,8.451996404474432,929.7196044921875
15,3,3,0.01,552.1928197236264,12.503864046016878,23.498783366881494,21.621386150981106,929.7196044921875
15,3,4,0.01,319.6989930869115,7.806709827110171,17.880128441566395,48.93261076274671,929.7196044921875
