epoch,startPos,prefixLength,learnRate,MSE,MAE,RMSE,meanLoss,totalLoss
92,2,mix,0.009400000000000004,328.2115064323283,8.099971183908306,18.116608579762612,8.479560990767045,932.751708984375
92,2,2,0.009400000000000004,326.5493233913132,8.066966751656894,18.070675786790964,8.479560990767045,932.751708984375
92,2,3,0.009400000000000004,501.8894920979707,11.610100225291468,22.40289026215079,21.691900208938954,932.751708984375
92,2,4,0.009400000000000004,346.3042029219085,8.440900626406073,18.609250466418803,49.092195209703945,932.751708984375
92,2,5,0.009400000000000004,187.05926794146808,6.862766192294657,13.676961210059348,186.550341796875,932.751708984375
