epoch,startPos,prefixLength,learnRate,MSE,MAE,RMSE,meanLoss,totalLoss
377,3,mix,0.00680000000000001,541.5207517599171,12.30044595677067,23.270598440089955,10.33544921875,444.42431640625
377,3,3,0.00680000000000001,536.3336690790743,12.201018395749005,23.1588788389912,10.33544921875,444.42431640625
377,3,4,0.00680000000000001,311.94492115204923,7.617022191360593,17.66196255097517,23.39075349506579,444.42431640625
