epoch,startPos,prefixLength,learnRate,MSE,MAE,RMSE,meanLoss,totalLoss
74,3,mix,0.009700000000000002,480.8150413430532,10.979686597870154,21.927495099601625,10.585012746411701,455.1555480957031
74,3,3,0.009700000000000002,484.5039188426299,11.084855033254081,22.01144972151153,10.585012746411701,455.1555480957031
74,3,4,0.009700000000000002,291.360693300021,7.329933957755566,17.069290943094884,23.955555162931745,455.1555480957031
74,3,5,0.009700000000000002,73.12829052576441,2.4583057146519423,8.55150808487979,75.85925801595052,455.1555480957031
