epoch,startPos,prefixLength,learnRate,MSE,MAE,RMSE,meanLoss,totalLoss
146,4,mix,0.008900000000000007,663.908246407453,20.39050645828247,25.766417026964636,19.203675922594574,364.8698425292969
146,4,4,0.008900000000000007,644.3981047009863,19.97488145828247,25.384997630509766,19.203675922594574,364.8698425292969
146,4,5,0.008900000000000007,797.1309447899584,25.483505964279175,28.23350748295292,60.81164042154948,364.8698425292969
