epoch,startPos,prefixLength,learnRate,MSE,MAE,RMSE,meanLoss,totalLoss
478,2,mix,0.006100000000000008,770.1085410070976,23.367701272754108,27.75082955529614,23.29425553630169,3098.135986328125
478,2,2,0.006100000000000008,773.3970634307018,23.381423965973013,27.81001732165411,23.29425553630169,3098.135986328125
478,2,3,0.006100000000000008,675.6917300217051,21.54826259613037,25.9940710551792,61.9627197265625,3098.135986328125
478,2,4,0.006100000000000008,695.7870308625797,22.435706734657288,26.377775320572045,163.05978875411185,3098.135986328125
