epoch,startPos,prefixLength,learnRate,MSE,MAE,RMSE,meanLoss,totalLoss
64,1,mix,0.008,684.7266945382838,21.132335868974526,26.16728290324167,21.492327372233074,4126.52685546875
64,1,1,0.008,681.9478698156986,21.089175848290324,26.11413161136511,21.492327372233074,4126.52685546875
64,1,2,0.008,1425.3321755749057,30.72687226358582,37.75357169295252,31.026517710291355,4126.52685546875
64,1,3,0.008,2183.2641896391106,40.69129955997834,46.72541267489363,82.530537109375,4126.52685546875
64,1,4,0.008,2941.608546253977,49.04262029528618,54.236597849182765,217.18562397203948,4126.52685546875
64,1,5,0.008,2636.2432813826567,45.9427942186594,51.34435978160266,687.7544759114584,4126.52685546875
