epoch,startPos,prefixLength,learnRate,MSE,MAE,RMSE,meanLoss,totalLoss
454,3,mix,0.007700000000000012,482.2556952175248,11.114635306325825,21.960320927015726,10.724972747093023,461.173828125
454,3,3,0.007700000000000012,471.4074468142484,10.85897981646386,21.71191946406969,10.724972747093023,461.173828125
454,3,4,0.007700000000000012,297.37847604538234,7.37456275075674,17.244665147383476,24.27230674342105,461.173828125
454,3,5,0.007700000000000012,117.2395470074195,4.633179061114788,10.827721228745203,76.8623046875,461.173828125
