epoch,startPos,prefixLength,learnRate,MSE,MAE,RMSE,meanLoss,totalLoss
387,4,mix,0.00670000000000001,362.44887786887534,8.93953961879015,19.038090184387595,7.665924875359786,145.65257263183594
387,4,4,0.00670000000000001,352.84765093367184,8.63953951895237,18.784239429204256,7.665924875359786,145.65257263183594
387,4,5,0.00670000000000001,179.63589348135116,6.517673220485449,13.402831547152681,29.130514526367186,145.65257263183594
