epoch,startPos,prefixLength,learnRate,MSE,MAE,RMSE,meanLoss,totalLoss
248,2,mix,0.008800000000000007,353.0789890679475,8.41597801571091,18.79039619241562,8.408954242328265,933.3939208984375
248,2,2,0.008800000000000007,358.5235924111672,8.524186575164398,18.934719232435615,8.408954242328265,933.3939208984375
248,2,3,0.008800000000000007,510.63603219313717,11.503698773004793,22.597257182966636,21.706835369731106,933.3939208984375
248,2,4,0.008800000000000007,265.80757338401474,7.154927434027195,16.30360614661722,49.12599583675987,933.3939208984375
248,2,5,0.008800000000000007,362.80454442457176,10.008414801210165,19.047428814004576,186.6787841796875,933.3939208984375
