epoch,startPos,prefixLength,learnRate,MSE,MAE,RMSE,meanLoss,totalLoss
326,2,mix,0.007400000000000012,787.9339301015697,23.62311695200024,28.070160849228664,23.111223493303573,3073.792724609375
326,2,2,0.007400000000000012,792.342233441119,23.623780420332245,28.148574270131675,23.111223493303573,3073.792724609375
326,2,3,0.007400000000000012,746.5185382662622,23.08211759879039,27.32249143592623,61.4758544921875,3073.792724609375
326,2,4,0.007400000000000012,654.6236798754851,21.965990805625914,25.585614705835876,161.778564453125,3073.792724609375
