epoch,startPos,prefixLength,learnRate,MSE,MAE,RMSE,meanLoss,totalLoss
36,3,mix,0.0099,469.3905129954028,10.824911154129289,21.66542205901844,10.579936182776162,454.937255859375
36,3,3,0.0099,469.9597762776166,10.85755605995655,21.678555677849403,10.579936182776162,454.937255859375
36,3,4,0.0099,260.0319189819415,6.625382633507252,16.12550523183511,23.944066097861842,454.937255859375
36,3,5,0.0099,115.74409190801848,4.447105318307877,10.758442819851695,75.8228759765625,454.937255859375
