epoch,startPos,prefixLength,learnRate,MSE,MAE,RMSE,meanLoss,totalLoss
97,2,mix,0.009500000000000003,760.0589363769694,23.105160301222522,27.569166407002033,23.326526154252818,3102.427978515625
97,2,2,0.009500000000000003,761.1241345327596,23.11484776174321,27.58847829317086,23.326526154252818,3102.427978515625
97,2,3,0.009500000000000003,905.2617062526115,25.234146315317886,30.08756730366567,62.0485595703125,3102.427978515625
97,2,4,0.009500000000000003,1209.266406398912,29.90639864206314,34.77450799650388,163.28568307976974,3102.427978515625
97,2,5,0.009500000000000003,1153.7528172260586,24.33814823627472,33.96693711870498,517.0713297526041,3102.427978515625
