epoch,startPos,prefixLength,learnRate,MSE,MAE,RMSE,meanLoss,totalLoss
279,4,mix,0.008600000000000009,260.96716290806364,6.989177195727825,16.154478106954233,7.866666291889391,149.46665954589844
279,4,4,0.008600000000000009,260.96716290806364,6.989177195727825,16.154478106954233,7.866666291889391,149.46665954589844
279,4,5,0.008600000000000009,106.66641116784623,3.0329256616532803,10.327943220595582,29.893331909179686,149.46665954589844
