epoch,startPos,prefixLength,learnRate,MSE,MAE,RMSE,meanLoss,totalLoss
319,3,mix,0.007400000000000012,337.6091193579245,10.056628791472086,18.37414268361723,9.653909702493687,955.737060546875
319,3,3,0.007400000000000012,346.0986019868272,10.234422330081893,18.603725486762784,9.653909702493687,955.737060546875
319,3,4,0.007400000000000012,307.71647513165055,9.530564619627382,17.541849250624935,12.412169617491884,955.737060546875
