epoch,startPos,prefixLength,learnRate,MSE,MAE,RMSE,meanLoss,totalLoss
53,3,mix,0.009700000000000002,671.5148086958238,21.01361315525495,25.91360277336642,21.57614013671875,1078.8070068359375
53,3,3,0.009700000000000002,674.436092953977,21.13729732311689,25.9699074498539,21.57614013671875,1078.8070068359375
53,3,4,0.009700000000000002,646.455808577051,21.299583327770232,25.42549524742932,56.77931614925987,1078.8070068359375
53,3,5,0.009700000000000002,1267.26597618828,32.819322526454926,35.59867941635307,215.7614013671875,1078.8070068359375
