epoch,startPos,prefixLength,learnRate,MSE,MAE,RMSE,meanLoss,totalLoss
402,2,mix,0.00670000000000001,793.6464928124498,23.63689530708573,28.17173215853881,23.10195899906015,3072.560546875
402,2,2,0.00670000000000001,789.3442767006372,23.590176112724073,28.095271429559766,23.10195899906015,3072.560546875
402,2,3,0.00670000000000001,704.368588000199,22.41429388981599,26.539943255406538,61.4512109375,3072.560546875
402,2,4,0.00670000000000001,640.1715052983798,21.49920337200165,25.301610725374378,161.71371299342104,3072.560546875
