epoch,startPos,prefixLength,learnRate,MSE,MAE,RMSE,meanLoss,totalLoss
148,3,mix,0.008900000000000007,346.8102116348546,10.287259643700404,18.622841126822046,9.65216064453125,955.5639038085938
148,3,3,0.008900000000000007,351.0757529291177,10.340893241200739,18.73701558224035,9.65216064453125,955.5639038085938
148,3,4,0.008900000000000007,308.49065026420885,9.610241239424795,17.563901908864352,12.409920828683036,955.5639038085938
