epoch,startPos,prefixLength,learnRate,MSE,MAE,RMSE,meanLoss,totalLoss
395,3,mix,0.00670000000000001,347.91058560475125,10.239347554600009,18.652361394867707,9.650983097577337,955.4473266601562
395,3,3,0.00670000000000001,343.4463173163831,10.192491085626758,18.53230469521757,9.650983097577337,955.4473266601562
395,3,4,0.00670000000000001,309.36851784055426,9.588859230390794,17.588874831567658,12.40840683974229,955.4473266601562
