epoch,startPos,prefixLength,learnRate,MSE,MAE,RMSE,meanLoss,totalLoss
178,3,mix,0.008600000000000009,548.1155312958499,17.68112576007843,23.411867317577425,20.33298619588216,60.998958587646484
178,3,3,0.008600000000000009,567.6988841006732,16.952014207839966,23.82643246691945,20.33298619588216,60.998958587646484
178,3,4,0.008600000000000009,297.41208978630766,15.227678656578064,17.245639732590604,60.998958587646484,60.998958587646484
