epoch,startPos,prefixLength,learnRate,MSE,MAE,RMSE,meanLoss,totalLoss
208,3,mix,0.00840000000000001,603.0786489940339,19.971087836302242,24.557659680719453,21.31082275390625,1065.5411376953125
208,3,3,0.00840000000000001,601.5544214634662,19.913619875907898,24.5266063992446,21.31082275390625,1065.5411376953125
208,3,4,0.00840000000000001,561.2451558972068,19.000083351135252,23.690613244430942,56.0811125102796,1065.5411376953125
