epoch,startPos,prefixLength,learnRate,MSE,MAE,RMSE,meanLoss,totalLoss
241,4,mix,0.008100000000000012,681.2855443524819,20.60743851661682,26.101447169696968,19.20598722759046,364.91375732421875
241,4,4,0.008100000000000012,669.6229583847144,20.413688516616823,25.87707399194728,19.20598722759046,364.91375732421875
241,4,5,0.008100000000000012,798.2895573897026,25.49803787469864,28.254018429060718,60.81895955403646,364.91375732421875
