epoch,startPos,prefixLength,learnRate,MSE,MAE,RMSE,meanLoss,totalLoss
229,2,mix,0.008200000000000011,343.5128026583129,8.471438155443009,18.534098377269743,8.504091020063921,935.4500122070312
229,2,2,0.008200000000000011,335.5131697834685,8.307819398186568,18.317018583368544,8.504091020063921,935.4500122070312
229,2,3,0.008200000000000011,462.8076563296391,10.568734721195968,21.512964842848582,21.754651446675144,935.4500122070312
229,2,4,0.008200000000000011,293.67506570676653,7.783337526768446,17.136950303562372,49.23421116879112,935.4500122070312
229,2,5,0.008200000000000011,130.35824943978406,3.246158388443291,11.417453719625232,187.09000244140626,935.4500122070312
