epoch,startPos,prefixLength,learnRate,MSE,MAE,RMSE,meanLoss,totalLoss
290,2,mix,0.007800000000000013,750.156329891161,22.90713362834033,27.388981906802616,23.411121798637218,3113.67919921875
290,2,2,0.007800000000000013,748.2889830291349,22.921008569352768,27.354871285186757,23.411121798637218,3113.67919921875
290,2,3,0.007800000000000013,798.9008972244117,23.879646814786472,28.264834993758793,62.273583984375,3113.67919921875
290,2,4,0.007800000000000013,979.6721177642092,27.546643406152725,31.299714339977758,163.87785259046052,3113.67919921875
290,2,5,0.007800000000000013,1610.5474765932058,35.69941854476929,40.13162688694798,622.73583984375,3113.67919921875
