epoch,startPos,prefixLength,learnRate,MSE,MAE,RMSE,meanLoss,totalLoss
415,2,mix,0.0066000000000000095,334.60917747728485,8.232337236271373,18.292325644304633,8.469367009943182,931.63037109375
415,2,2,0.0066000000000000095,329.70177693202055,8.137471175885626,18.15769194947476,8.469367009943182,931.63037109375
415,2,3,0.0066000000000000095,506.957612365683,11.694795633920215,22.51571922825658,21.665822583575583,931.63037109375
415,2,4,0.0066000000000000095,359.2158900567784,8.837695616483689,18.95299158594174,49.03317742598684,931.63037109375
415,2,5,0.0066000000000000095,179.61188655979797,6.515826866030693,13.401935925820492,186.32607421875,931.63037109375
