epoch,startPos,prefixLength,learnRate,MSE,MAE,RMSE,meanLoss,totalLoss
210,1,mix,0.00019999999999999982,177.86696557013724,4.648450762095442,13.336677456178403,4.844361530985809,1002.7828369140625
210,1,1,0.00019999999999999982,177.7056082209638,4.636131121355691,13.330626700232957,4.844361530985809,1002.7828369140625
210,1,2,0.00019999999999999982,116.4998702981859,2.8713400007827925,10.793510564139265,15.193679347182766,1002.7828369140625
210,1,3,0.00019999999999999982,77.65224185803936,2.3554847405095956,8.812050945043348,83.5652364095052,1002.7828369140625
210,1,4,0.00019999999999999982,121.26546631488567,3.6093874447471137,11.012060039560522,334.2609456380208,1002.7828369140625
