epoch,startPos,prefixLength,learnRate,MSE,MAE,RMSE,meanLoss,totalLoss
108,4,mix,0.009500000000000003,260.9014375465894,6.989184180647134,16.152443702009595,7.855341058028372,149.25148010253906
108,4,4,0.009500000000000003,260.9014375465894,6.989184180647134,16.152443702009595,7.855341058028372,149.25148010253906
108,4,5,0.009500000000000003,106.63790242750684,3.033473577350378,10.326562953253461,29.850296020507812,149.25148010253906
