epoch,startPos,prefixLength,learnRate,MSE,MAE,RMSE,meanLoss,totalLoss
255,5,mix,0.007900000000000013,652.5226640947685,21.519694209098816,25.54452317219424,20.873048400878908,104.36524200439453
255,5,5,0.007900000000000013,655.9528361335824,21.57617199420929,25.611576213376296,20.873048400878908,104.36524200439453
