epoch,startPos,prefixLength,learnRate,MSE,MAE,RMSE,meanLoss,totalLoss
69,4,mix,0.009700000000000002,265.75748192833015,7.156953439116478,16.302069866379856,7.9300280119243425,150.6705322265625
69,4,4,0.009700000000000002,265.75748180766357,7.156953436881304,16.3020698626789,7.9300280119243425,150.6705322265625
69,4,5,0.009700000000000002,317.5813352734673,8.82360115647316,17.820811857866275,30.1341064453125,150.6705322265625
