epoch,startPos,prefixLength,learnRate,MSE,MAE,RMSE,meanLoss,totalLoss
186,3,mix,0.008600000000000009,340.51510539327296,10.120400299783796,18.453051384344892,9.650491117226958,955.3986206054688
186,3,3,0.008600000000000009,354.7075064330645,10.38771814843998,18.83368010859971,9.650491117226958,955.3986206054688
186,3,4,0.008600000000000009,311.7042667385858,9.640297273018708,17.65514844850039,12.407774293577516,955.3986206054688
