epoch,startPos,prefixLength,learnRate,MSE,MAE,RMSE,meanLoss,totalLoss
280,3,mix,0.007700000000000012,77.65290742480087,2.355625742145179,8.812088709539916,2.409666379292806,28.915996551513672
280,3,3,0.007700000000000012,77.65288465957275,2.355622424662272,8.812087417835388,2.409666379292806,28.915996551513672
280,3,4,0.007700000000000012,160.61053657675325,4.359536843315141,12.673221239162254,9.638665517171225,28.915996551513672
