epoch,startPos,prefixLength,learnRate,MSE,MAE,RMSE,meanLoss,totalLoss
59,2,mix,0.009800000000000001,362.09662999656297,8.604996406162778,19.02883680093355,8.399703292159346,932.3670654296875
59,2,2,0.009800000000000001,359.7168207785962,8.567040939642876,18.966202065215803,8.399703292159346,932.3670654296875
59,2,3,0.009800000000000001,464.51724292574096,11.174905656921593,21.552662084432654,21.68295500999273,932.3670654296875
59,2,4,0.009800000000000001,285.1406682946932,7.382832995429635,16.886108737500575,49.071950812088815,932.3670654296875
59,2,5,0.009800000000000001,73.24800757835172,2.464223020710051,8.558504985004783,155.3945109049479,932.3670654296875
