epoch,startPos,prefixLength,learnRate,MSE,MAE,RMSE,meanLoss,totalLoss
73,3,mix,0.009500000000000003,485.0174829268513,11.029008358208971,22.023112471375413,10.470124710437863,450.2153625488281
73,3,3,0.009500000000000003,477.63378849383474,10.861396686597304,21.854834442151116,10.470124710437863,450.2153625488281
73,3,4,0.009500000000000003,298.64647443150943,7.357721361145377,17.281390986593337,23.695545397306745,450.2153625488281
