epoch,startPos,prefixLength,learnRate,MSE,MAE,RMSE,meanLoss,totalLoss
435,3,mix,0.007800000000000013,469.90757846104503,10.849108149382202,21.67735174003146,10.697789391805959,460.00494384765625
435,3,3,0.007800000000000013,476.21571001062676,10.968460356647318,21.822367195394424,10.697789391805959,460.00494384765625
435,3,4,0.007800000000000013,274.8133261606988,6.9152414605021475,16.57749456826027,24.2107865182977,460.00494384765625
435,3,5,0.007800000000000013,117.20210045672414,4.634263273328543,10.825991892511473,76.66749064127605,460.00494384765625
