epoch,startPos,prefixLength,learnRate,MSE,MAE,RMSE,meanLoss,totalLoss
177,1,mix,0.002,453.3016850323812,17.764154004261773,21.290882673867262,17.463740528078006,2322.677490234375
177,1,1,0.002,454.15436913065406,17.768514097832583,21.310897895927663,17.463740528078006,2322.677490234375
177,1,2,0.002,298.4884624619323,11.979356567242316,17.27681864412347,21.11524991122159,2322.677490234375
177,1,3,0.002,399.8549918468916,12.631401602178812,19.996374467560152,54.01575558684593,2322.677490234375
177,1,4,0.002,241.60718611221643,8.816691218316555,15.543718541977542,122.24618369654605,2322.677490234375
177,1,5,0.002,95.91065029129219,6.309246767312288,9.793398301472894,387.1129150390625,2322.677490234375
