epoch,startPos,prefixLength,learnRate,MSE,MAE,RMSE,meanLoss,totalLoss
230,2,mix,0.008900000000000007,346.24416000237255,8.3924880845408,18.607637141839707,8.44844881110235,920.8809204101562
230,2,2,0.008900000000000007,342.385749906638,8.293843234279032,18.50366855265836,8.44844881110235,920.8809204101562
230,2,3,0.008900000000000007,458.43987175905386,10.677957604385234,21.411209021422724,21.415835358375727,920.8809204101562
230,2,4,0.008900000000000007,260.98985294241595,6.990924653038382,16.155180374802875,48.467416863692435,920.8809204101562
230,2,5,0.008900000000000007,106.69380791743427,3.037445289082825,10.329269476465132,184.17618408203126,920.8809204101562
