epoch,startPos,prefixLength,learnRate,MSE,MAE,RMSE,meanLoss,totalLoss
328,2,mix,0.007500000000000012,740.40210196864,22.688266640200336,27.210330794913904,23.390830592105264,3110.98046875
328,2,2,0.007500000000000012,746.2270822518307,22.85187552956974,27.317157287167174,23.390830592105264,3110.98046875
328,2,3,0.007500000000000012,792.8889346396002,23.80404818516511,28.158283588308436,62.219609375,3110.98046875
328,2,4,0.007500000000000012,994.0617356088723,27.891003340482712,31.528744592972178,163.73581414473685,3110.98046875
328,2,5,0.007500000000000012,1595.5283435657811,35.55355927348137,39.94406518577924,622.19609375,3110.98046875
