epoch,startPos,prefixLength,learnRate,MSE,MAE,RMSE,meanLoss,totalLoss
55,3,mix,0.009800000000000001,459.67492842990396,10.715009766884826,21.440030980152617,10.43286984465843,448.6134033203125
55,3,3,0.009800000000000001,458.2205038195764,10.669557601044124,21.40608567252725,10.43286984465843,448.6134033203125
55,3,4,0.009800000000000001,260.93266083184153,6.987948998436332,16.153410192025756,23.611231753700658,448.6134033203125
55,3,5,0.009800000000000001,106.6513876768839,3.031847506761551,10.327215872483924,89.7226806640625,448.6134033203125
