epoch,startPos,prefixLength,learnRate,MSE,MAE,RMSE,meanLoss,totalLoss
334,4,mix,0.007200000000000011,298.7623423301904,7.996484547108412,17.284743050742478,7.92839210911801,150.6394500732422
334,4,4,0.007200000000000011,288.2073016534303,7.590794512629509,16.97666933333598,7.92839210911801,150.6394500732422
334,4,5,0.007200000000000011,130.64552926380833,3.213101450353861,11.43002752681761,30.127890014648436,150.6394500732422
