epoch,startPos,prefixLength,learnRate,MSE,MAE,RMSE,meanLoss,totalLoss
400,2,mix,0.00670000000000001,306.5157909316757,7.5875794974687905,17.507592379641345,8.64786398947776,959.9129028320312
400,2,2,0.00670000000000001,306.31835510739523,7.562925550354911,17.501952894102853,8.64786398947776,959.9129028320312
400,2,3,0.00670000000000001,480.5685198075155,10.926626105369492,21.921873090762922,22.32355587981468,959.9129028320312
400,2,4,0.00670000000000001,302.3174776045426,7.47147883810103,17.38727918923897,50.52173172800165,959.9129028320312
