epoch,startPos,prefixLength,learnRate,MSE,MAE,RMSE,meanLoss,totalLoss
433,3,mix,0.006400000000000009,664.0534149360302,21.260918493454273,25.769233883373992,21.4655712890625,1073.278564453125
433,3,3,0.006400000000000009,668.4178971895641,21.380812887962048,25.85377916648868,21.4655712890625,1073.278564453125
433,3,4,0.006400000000000009,662.6999442250298,22.285948077837627,25.74295911943749,56.4883454975329,1073.278564453125
433,3,5,0.006400000000000009,998.8601230024266,28.46129134297371,31.604748424919105,214.655712890625,1073.278564453125
