epoch,startPos,prefixLength,learnRate,MSE,MAE,RMSE,meanLoss,totalLoss
192,2,mix,0.009100000000000006,361.3484306988189,8.580757083992163,19.009167017489716,8.37149295291385,929.2357177734375
192,2,2,0.009100000000000006,359.5023676507018,8.573767463918086,18.960547662203794,8.37149295291385,929.2357177734375
192,2,3,0.009100000000000006,477.77406749492906,11.345572579144077,21.858043542250734,21.61013297147529,929.2357177734375
192,2,4,0.009100000000000006,288.29957186314743,7.36915431395173,16.979386675117198,48.90714304070724,929.2357177734375
192,2,5,0.009100000000000006,73.02959924496861,2.476149659603834,8.545735734561923,154.87261962890625,929.2357177734375
