epoch,startPos,prefixLength,learnRate,MSE,MAE,RMSE,meanLoss,totalLoss
164,3,mix,0.008600000000000009,499.5281862487176,11.512095540084623,22.350127208781554,10.674092137536338,458.9859619140625
164,3,3,0.008600000000000009,501.47315293114514,11.564652320674874,22.393596248283686,10.674092137536338,458.9859619140625
164,3,4,0.008600000000000009,343.2720345747571,8.341078825294971,18.527601965034684,24.157155890213815,458.9859619140625
164,3,5,0.008600000000000009,179.6559041166313,6.519220504909754,13.403578034115789,91.7971923828125,458.9859619140625
