epoch,startPos,prefixLength,learnRate,MSE,MAE,RMSE,meanLoss,totalLoss
92,3,mix,0.009300000000000004,541.3175376736044,12.284266403622247,23.26623170334217,10.286485538926236,442.3188781738281
92,3,3,0.009300000000000004,544.863138862474,12.335444515063005,23.342303632299746,10.286485538926236,442.3188781738281
92,3,4,0.009300000000000004,319.50095769353015,7.769604332745075,17.874589720984652,23.27994095651727,442.3188781738281
