epoch,startPos,prefixLength,learnRate,MSE,MAE,RMSE,meanLoss,totalLoss
17,3,mix,0.01,766.8899485789162,23.25454916848856,27.69277791372538,23.314034598214285,3100.7666015625
17,3,3,0.01,665.884263974198,21.2898961351468,25.804733363749335,62.01533203125,3100.7666015625
17,3,4,0.01,703.258202859715,22.553054904937746,26.519015872760342,163.1982421875,3100.7666015625
