epoch,startPos,prefixLength,learnRate,MSE,MAE,RMSE,meanLoss,totalLoss
217,4,mix,0.008200000000000011,304.3503678483742,7.877071590349078,17.445640367965122,7.440375077097039,141.36712646484375
217,4,4,0.008200000000000011,305.0531229214611,7.923921928741038,17.46577003517054,7.440375077097039,141.36712646484375
217,4,5,0.008200000000000011,176.33516915253114,6.040295589715242,13.279125315792871,28.27342529296875,141.36712646484375
