epoch,startPos,prefixLength,learnRate,MSE,MAE,RMSE,meanLoss,totalLoss
139,1,mix,0.0009,788.5441853707592,22.253039677937824,28.08102892293584,21.321524302164715,4093.732666015625
139,1,1,0.0009,786.9801829004133,22.205523489043117,28.053167074332503,21.321524302164715,4093.732666015625
139,1,2,0.0009,1311.786986237386,29.476074056191877,36.21860000382933,30.77994485726034,4093.732666015625
139,1,3,0.0009,1866.2597552310212,37.44770329273664,43.2002286479021,81.8746533203125,4093.732666015625
139,1,4,0.0009,2076.9884315805743,41.13599548339844,45.57398854149782,215.45961400082237,4093.732666015625
