epoch,startPos,prefixLength,learnRate,MSE,MAE,RMSE,meanLoss,totalLoss
41,2,mix,0.0099,797.7322755046479,23.84608794703628,28.244154713934137,23.199180201480264,3085.490966796875
41,2,2,0.0099,799.5334269310451,23.869836604956426,28.276022120005585,23.199180201480264,3085.490966796875
41,2,3,0.0099,811.6532010620364,24.403409586502956,28.489527919255462,61.7098193359375,3085.490966796875
41,2,4,0.0099,917.2613433331401,26.779267597198487,30.286322710641848,162.39426141036185,3085.490966796875
