epoch,startPos,prefixLength,learnRate,MSE,MAE,RMSE,meanLoss,totalLoss
354,3,mix,0.0070000000000000106,497.7328071350019,11.498887407847427,22.30992620191743,10.674121235692224,458.9872131347656
354,3,3,0.0070000000000000106,503.2630315217229,11.613943311301144,22.433524723540945,10.674121235692224,458.9872131347656
354,3,4,0.0070000000000000106,349.64194073378184,8.539236445724963,18.698714948727943,24.157221743935033,458.9872131347656
354,3,5,0.0070000000000000106,156.9407866597659,5.486133797094226,12.527600993796295,91.79744262695313,458.9872131347656
