epoch,startPos,prefixLength,learnRate,MSE,MAE,RMSE,meanLoss,totalLoss
482,3,mix,0.005900000000000008,497.2041398720369,16.022750198841095,22.298074801920386,20.088850657145183,60.26655197143555
482,3,3,0.005900000000000008,565.6213723805968,17.94993269443512,23.78279572255114,20.088850657145183,60.26655197143555
482,3,4,0.005900000000000008,137.74563521999926,9.766225695610046,11.73650864695286,60.26655197143555,60.26655197143555
