epoch,startPos,prefixLength,learnRate,MSE,MAE,RMSE,meanLoss,totalLoss
282,3,mix,0.007600000000000012,536.4318163259687,12.182525766674768,23.160997740295404,10.2572206009266,441.06048583984375
282,3,3,0.007600000000000012,544.502984306711,12.381539246406067,23.334587725235494,10.2572206009266,441.06048583984375
282,3,4,0.007600000000000012,327.2553386970683,7.961850529536605,18.09020007343944,23.213709781044408,441.06048583984375
