epoch,startPos,prefixLength,learnRate,MSE,MAE,RMSE,meanLoss,totalLoss
77,1,mix,0.005,178.32338483090996,4.659651053206886,13.35377792352823,4.85438427026721,1004.8575439453125
77,1,1,0.005,178.1776545613667,4.647932786108419,13.348320289885416,4.85438427026721,1004.8575439453125
77,1,2,0.005,116.35459617372996,2.8503092850904146,10.786778767256235,15.225114302201705,1004.8575439453125
77,1,3,0.005,77.65153115330017,2.355588069575191,8.81201061922307,83.73812866210938,1004.8575439453125
77,1,4,0.005,142.26437178649996,3.578228414475234,11.927462923291774,334.9525146484375,1004.8575439453125
