epoch,startPos,prefixLength,learnRate,MSE,MAE,RMSE,meanLoss,totalLoss
93,3,mix,0.009600000000000003,459.99307749695686,10.744261569936167,21.44744920723574,10.404024345930232,447.373046875
93,3,3,0.009600000000000003,465.54013654967343,10.813859890807759,21.576379134360646,10.404024345930232,447.373046875
93,3,4,0.009600000000000003,260.9665886372947,6.989140534028411,16.154460332592194,23.545949835526315,447.373046875
93,3,5,0.009600000000000003,106.6680671352513,3.033193174749613,10.32802338955772,89.474609375,447.373046875
