epoch,startPos,prefixLength,learnRate,MSE,MAE,RMSE,meanLoss,totalLoss
139,1,mix,0.004,449.66297024423903,17.710328276981326,21.205258080113975,17.473630976856203,2323.992919921875
139,1,1,0.004,451.26880904618696,17.72962646011044,21.24308850064385,17.473630976856203,2323.992919921875
139,1,2,0.004,297.5063175288169,11.98714810051024,17.248371445699355,21.127208362926137,2323.992919921875
139,1,3,0.004,400.2298709435761,12.659807955338197,20.005745948191386,54.046346974927324,2323.992919921875
139,1,4,0.004,254.735509879091,9.116954831033945,15.96043576720545,122.31541683799342,2323.992919921875
139,1,5,0.004,95.14144291324601,6.237315407022834,9.754047514403752,387.3321533203125,2323.992919921875
