epoch,startPos,prefixLength,learnRate,MSE,MAE,RMSE,meanLoss,totalLoss
401,2,mix,0.008000000000000012,364.1757514852422,8.651010802084649,19.08338941292249,8.3929223412866,931.6143798828125
401,2,2,0.008000000000000012,361.33659109723664,8.620427492178148,19.008855596727454,8.3929223412866,931.6143798828125
401,2,3,0.008000000000000012,457.5170619566957,10.930612557990985,21.389648476697687,21.66545069494913,931.6143798828125
401,2,4,0.008000000000000012,286.69921926600716,7.270156455039978,16.932194756321675,49.03233578330592,931.6143798828125
401,2,5,0.008000000000000012,73.14580294306917,2.4591202419251204,8.552531960949878,155.2690633138021,931.6143798828125
