epoch,startPos,prefixLength,learnRate,MSE,MAE,RMSE,meanLoss,totalLoss
207,2,mix,0.00840000000000001,350.61835963545315,8.628942020437014,18.724805997271456,8.428473455255682,927.132080078125
207,2,2,0.00840000000000001,348.89216592081146,8.572614463112716,18.678655356336854,8.428473455255682,927.132080078125
207,2,3,0.00840000000000001,507.5216151357949,11.342624770985408,22.528240391468547,21.56121116460756,927.132080078125
207,2,4,0.00840000000000001,303.7360611399232,7.829829334840179,17.42802516465716,48.79642526726974,927.132080078125
207,2,5,0.00840000000000001,174.40254836807793,5.790766842663288,13.20615569982718,185.426416015625,927.132080078125
