epoch,startPos,prefixLength,learnRate,MSE,MAE,RMSE,meanLoss,totalLoss
15,3,mix,0.01,305.3932074242502,7.539592551732702,17.475503066414145,8.630251772768863,957.9579467773438
15,3,3,0.01,477.0479320434287,10.83981367082081,21.841426969029033,22.27809178551962,957.9579467773438
15,3,4,0.01,298.5369497960495,7.361330424621701,17.27822183547976,50.41883930407072,957.9579467773438
