epoch,startPos,prefixLength,learnRate,MSE,MAE,RMSE,meanLoss,totalLoss
470,4,mix,0.006100000000000008,672.5417851246024,19.690989931424458,25.933410595689153,19.396113345497533,368.5261535644531
470,4,4,0.006100000000000008,683.9111725111502,19.9303102294604,26.151695404144455,19.396113345497533,368.5261535644531
470,4,5,0.006100000000000008,859.1789700054528,22.968651711940765,29.311754809384116,73.70523071289062,368.5261535644531
