epoch,startPos,prefixLength,learnRate,MSE,MAE,RMSE,meanLoss,totalLoss
335,4,mix,0.007200000000000011,550.8112934315348,18.123439216613768,23.469369259345996,19.81443385074013,376.4742431640625
335,4,4,0.007200000000000011,563.5811517872107,18.423260712623595,23.739864190580594,19.81443385074013,376.4742431640625
335,4,5,0.007200000000000011,726.0000851786408,23.374218225479126,26.944388751252845,75.2948486328125,376.4742431640625
