epoch,startPos,prefixLength,learnRate,MSE,MAE,RMSE,meanLoss,totalLoss
160,5,mix,0.008700000000000008,652.0367464147121,21.52908682823181,25.535010209802387,20.856085205078124,104.28042602539062
160,5,5,0.008700000000000008,652.3130663053826,21.529870867729187,25.540420245277534,20.856085205078124,104.28042602539062
