epoch,startPos,prefixLength,learnRate,MSE,MAE,RMSE,meanLoss,totalLoss
320,3,mix,0.007300000000000011,546.4309000764639,12.424694799056107,23.37586148308686,10.262792542923329,441.3000793457031
320,3,3,0.007300000000000011,537.2491215128821,12.238645000552589,23.178635022642773,10.262792542923329,441.3000793457031
320,3,4,0.007300000000000011,319.7563196278691,7.827266474068165,17.881731449383448,23.226319965563324,441.3000793457031
