epoch,startPos,prefixLength,learnRate,MSE,MAE,RMSE,meanLoss,totalLoss
335,3,mix,0.007200000000000011,35.33165744793373,1.3623687698077447,5.9440438632242385,1.6162160237630208,4.8486480712890625
335,3,3,0.007200000000000011,47.60449183538141,1.8260223379083982,6.899600846091128,1.6162160237630208,4.8486480712890625
335,3,4,0.007200000000000011,7.75698944759632,1.1513610780530144,2.7851372403521375,4.8486480712890625,4.8486480712890625
