epoch,startPos,prefixLength,learnRate,MSE,MAE,RMSE,meanLoss,totalLoss
438,2,mix,0.006400000000000009,332.5892268903273,9.835169972450887,18.237029003933927,9.287052235704786,1309.474365234375
438,2,2,0.006400000000000009,330.7354889835969,9.770802912108289,18.186134525610353,9.287052235704786,1309.474365234375
438,2,3,0.006400000000000009,346.4749582190917,10.190205499494018,18.613837815428923,13.227013790246213,1309.474365234375
438,2,4,0.006400000000000009,316.22405543022006,9.687617832861308,17.78268976927338,17.006160587459416,1309.474365234375
