epoch,startPos,prefixLength,learnRate,MSE,MAE,RMSE,meanLoss,totalLoss
153,1,mix,0.0006999999999999999,212.8193883948176,5.121820906887658,14.58833055544114,4.614831910097509,613.7726440429688
153,1,1,0.0006999999999999999,211.85254389007125,5.093412167376927,14.555155234145435,4.614831910097509,613.7726440429688
153,1,2,0.0006999999999999999,80.98730640888186,2.3986010257300734,8.999294772863141,22.732320149739582,613.7726440429688
153,1,3,0.0006999999999999999,36.40568031245671,1.3751693487593002,6.033711984546222,204.59088134765625,613.7726440429688
153,1,4,0.0006999999999999999,4.350723605633197e-08,0.0002082402943415218,0.00020858388254208897,613.7726440429688,613.7726440429688
