epoch,startPos,prefixLength,learnRate,MSE,MAE,RMSE,meanLoss,totalLoss
65,4,mix,0.009600000000000003,304.4222373168694,7.875618217885494,17.447700058084145,7.644236514442845,145.24049377441406
65,4,4,0.009600000000000003,304.4222373373549,7.875618214905262,17.447700058671195,7.644236514442845,145.24049377441406
65,4,5,0.009600000000000003,177.89051164535704,6.22718071937561,13.337560183382756,29.048098754882812,145.24049377441406
