epoch,startPos,prefixLength,learnRate,MSE,MAE,RMSE,meanLoss,totalLoss
278,4,mix,0.008600000000000009,265.8683480049281,7.153755397349596,16.30546987991846,7.892291420384457,149.9535369873047
278,4,4,0.008600000000000009,265.86834816586435,7.153755400329828,16.305469884853498,7.892291420384457,149.9535369873047
278,4,5,0.008600000000000009,385.41157143944815,10.602205742150545,19.631901880343843,29.990707397460938,149.9535369873047
