epoch,startPos,prefixLength,learnRate,MSE,MAE,RMSE,meanLoss,totalLoss
178,4,mix,0.008600000000000009,349.54147782986087,8.53954109698534,18.69602839722546,7.719213385331003,146.66505432128906
178,4,4,0.008600000000000009,352.74064637156243,8.639515195041895,18.781390959446068,7.719213385331003,146.66505432128906
178,4,5,0.008600000000000009,160.65607782231595,5.6584253162145615,12.675017862800665,29.333010864257812,146.66505432128906
