epoch,startPos,prefixLength,learnRate,MSE,MAE,RMSE,meanLoss,totalLoss
301,3,mix,0.007500000000000012,454.39700448878244,10.421733598478816,21.316589888834997,10.778378508811773,463.47027587890625
301,3,3,0.007500000000000012,475.72737771835233,10.810811407864094,21.811175523532707,10.778378508811773,463.47027587890625
301,3,4,0.007500000000000012,298.35973026773297,7.931077124923467,17.27309266656475,24.393172414679277,463.47027587890625
301,3,5,0.007500000000000012,130.62694854677437,3.2152755726128817,11.4292146951037,92.69405517578124,463.47027587890625
