epoch,startPos,prefixLength,learnRate,MSE,MAE,RMSE,meanLoss,totalLoss
172,2,mix,0.008700000000000008,346.6824317779461,8.392215261036265,18.61941008136257,8.435942493785511,927.9536743164062
172,2,2,0.008700000000000008,346.3068780955527,8.3800927247586,18.609322343802653,8.435942493785511,927.9536743164062
172,2,3,0.008700000000000008,541.5855375742206,12.384411544793032,23.271990408519436,21.580318007358287,927.9536743164062
172,2,4,0.008700000000000008,327.0335765851376,7.965152973681688,18.084069690894736,48.83966706928454,927.9536743164062
