epoch,startPos,prefixLength,learnRate,MSE,MAE,RMSE,meanLoss,totalLoss
126,4,mix,0.009000000000000006,564.5021622608481,18.395895528793336,23.759254244627463,19.918264288651315,378.447021484375
126,4,4,0.009000000000000006,559.3915145219819,18.236418843269348,23.651459035796965,19.918264288651315,378.447021484375
126,4,5,0.009000000000000006,756.8295607843452,24.075378715991974,27.51053545070225,75.689404296875,378.447021484375
