epoch,startPos,prefixLength,learnRate,MSE,MAE,RMSE,meanLoss,totalLoss
451,3,mix,0.0062000000000000085,77.66537710197282,2.3582514536738017,8.812796213573353,2.375434239705404,28.505210876464844
451,3,3,0.0062000000000000085,77.66538907557536,2.3582526210511787,8.812796892903828,2.375434239705404,28.505210876464844
451,3,4,0.0062000000000000085,178.7127897827281,4.565290005852148,13.368350301466823,9.501736958821615,28.505210876464844
