epoch,startPos,prefixLength,learnRate,MSE,MAE,RMSE,meanLoss,totalLoss
39,1,mix,0.008,424.84513575887416,17.25606509128755,20.61177177631448,17.625368964403197,2344.174072265625
39,1,1,0.008,425.4420106700468,17.269869194902252,20.6262456755961,17.625368964403197,2344.174072265625
39,1,2,0.008,273.6847196618174,11.540836720727384,16.543419225233258,21.310673384232956,2344.174072265625
39,1,3,0.008,421.12043177439153,13.082610672170466,20.521219061605272,54.51567609920058,2344.174072265625
39,1,4,0.008,271.9789705574414,9.646609664708375,16.491784941522898,123.37758275082237,2344.174072265625
