epoch,startPos,prefixLength,learnRate,MSE,MAE,RMSE,meanLoss,totalLoss
476,2,mix,0.006100000000000008,116.24670837469387,2.8436483666576295,10.781776679874884,2.3309016372218276,153.83950805664062
476,2,2,0.006100000000000008,116.27150340981221,2.8519139092783434,10.782926477066058,2.3309016372218276,153.83950805664062
476,2,3,0.006100000000000008,77.64753347063998,2.356240968262,8.81178378483267,12.819959004720053,153.83950805664062
476,2,4,0.006100000000000008,114.11794602631403,3.406875722622317,10.682600152880104,51.27983601888021,153.83950805664062
