epoch,startPos,prefixLength,learnRate,MSE,MAE,RMSE,meanLoss,totalLoss
35,2,mix,0.0099,332.8314490986612,8.211197010108403,18.243668740104365,8.48093095259233,932.9024047851562
35,2,2,0.0099,331.7278322099615,8.16783322260848,18.213397052992654,8.48093095259233,932.9024047851562
35,2,3,0.0099,493.831642073998,11.396867754107172,22.222323057547293,21.695404762445495,932.9024047851562
35,2,4,0.0099,356.07114427799695,8.74084979109466,18.869847489526695,49.100126567639805,932.9024047851562
35,2,5,0.0099,175.82874430070757,6.344900998286903,13.260043148523597,186.58048095703126,932.9024047851562
