epoch,startPos,prefixLength,learnRate,MSE,MAE,RMSE,meanLoss,totalLoss
230,2,mix,0.008900000000000007,371.54575203208685,8.941039146855474,19.27552209492876,8.291164883700285,912.0281372070312
230,2,2,0.008900000000000007,369.02121853400257,8.91475823149085,19.209925000738618,8.291164883700285,912.0281372070312
230,2,3,0.008900000000000007,459.5478945302568,11.088196342641657,21.43706823542475,21.209956679233287,912.0281372070312
230,2,4,0.008900000000000007,289.0494365761177,7.286033011227846,17.001453954768625,48.00148090563322,912.0281372070312
230,2,5,0.008900000000000007,112.375933613883,4.42399886995554,10.600751558917086,152.00468953450522,912.0281372070312
