epoch,startPos,prefixLength,learnRate,MSE,MAE,RMSE,meanLoss,totalLoss
495,2,mix,0.005900000000000008,331.2864288126971,9.767300800782525,18.20127547213923,9.269016996343085,1306.931396484375
495,2,2,0.005900000000000008,331.312945094989,9.767870331739282,18.202003875809634,9.269016996343085,1306.931396484375
495,2,3,0.005900000000000008,346.82284446848337,10.18000635649794,18.623180299521437,13.201327237215908,1306.931396484375
495,2,4,0.005900000000000008,315.83627886872586,9.644632729723872,17.771783221408196,16.9731350192776,1306.931396484375
