epoch,startPos,prefixLength,learnRate,MSE,MAE,RMSE,meanLoss,totalLoss
250,2,mix,0.008100000000000012,754.2293184782835,23.032718285041696,27.463235761255145,23.531534524788533,3129.694091796875
250,2,2,0.008100000000000012,753.421737927608,23.03065594680169,27.448528884579734,23.531534524788533,3129.694091796875
250,2,3,0.008100000000000012,844.1465477277256,24.764486335791073,29.05420017360185,62.5938818359375,3129.694091796875
250,2,4,0.008100000000000012,1139.130401574819,29.46813639005025,33.75100593426541,164.72074167351974,3129.694091796875
250,2,5,0.008100000000000012,1767.4678905671922,37.779030084609985,42.04126414092697,625.938818359375,3129.694091796875
