epoch,startPos,prefixLength,learnRate,MSE,MAE,RMSE,meanLoss,totalLoss
231,2,mix,0.008200000000000011,759.199208995869,23.097097586182986,27.55356980494304,23.381516535479324,3109.74169921875
231,2,2,0.008200000000000011,771.8137869528707,23.36659406388507,27.781536799696138,23.381516535479324,3109.74169921875
231,2,3,0.008200000000000011,705.1763099765485,22.217631028248714,26.555155996087624,62.194833984375,3109.74169921875
231,2,4,0.008200000000000011,834.2578305942332,24.831458973884583,28.883521783089975,163.67061574835526,3109.74169921875
