epoch,startPos,prefixLength,learnRate,MSE,MAE,RMSE,meanLoss,totalLoss
381,2,mix,0.00690000000000001,332.5470175270796,9.802616823141257,18.235871723805243,9.28764613807624,1309.55810546875
381,2,2,0.00690000000000001,330.2994139547864,9.787454039725061,18.174141353989366,9.28764613807624,1309.55810546875
381,2,3,0.00690000000000001,348.75425650026466,10.206599650026943,18.674963360078237,13.227859651199495,1309.55810546875
381,2,4,0.00690000000000001,317.01818664412707,9.648967944440388,17.80500453928971,17.00724812297078,1309.55810546875
