epoch,startPos,prefixLength,learnRate,MSE,MAE,RMSE,meanLoss,totalLoss
305,2,mix,0.007600000000000012,345.5395411821582,8.357603131261255,18.588693907377092,8.410347678444602,925.1382446289062
305,2,2,0.007600000000000012,345.1375413728855,8.350636672494668,18.57787774135909,8.410347678444602,925.1382446289062
305,2,3,0.007600000000000012,545.8821417970058,12.392486643384803,23.36412082225663,21.514842898346657,925.1382446289062
305,2,4,0.007600000000000012,319.6191722836297,7.809295567497611,17.877896192886617,48.69148655941612,925.1382446289062
