epoch,startPos,prefixLength,learnRate,MSE,MAE,RMSE,meanLoss,totalLoss
25,1,mix,0.01,817.5338635406206,22.48752025018136,28.592549091338824,21.3413823445638,4097.54541015625
25,1,1,0.01,813.9737847018299,22.40130725254615,28.53022580881248,21.3413823445638,4097.54541015625
25,1,2,0.01,1314.6008319064094,29.555822349859007,36.2574245073531,30.80861210643797,4097.54541015625
25,1,3,0.01,1938.3670333285545,38.257766196360954,44.02688988934552,81.950908203125,4097.54541015625
25,1,4,0.01,2268.886331679354,43.277394032478334,47.63282829813231,215.66028474506578,4097.54541015625
