epoch,startPos,prefixLength,learnRate,MSE,MAE,RMSE,meanLoss,totalLoss
359,3,mix,0.008200000000000011,458.1764767796332,10.67046992988749,21.405057271113133,10.398415498955305,447.1318664550781
359,3,3,0.008200000000000011,460.1436814481378,10.688936969434673,21.45095991903714,10.398415498955305,447.1318664550781
359,3,4,0.008200000000000011,260.89707313852523,6.989382324367762,16.15230860089434,23.53325612921464,447.1318664550781
359,3,5,0.008200000000000011,106.64496909273512,3.0326049514114857,10.326905107181682,89.42637329101562,447.1318664550781
