epoch,startPos,prefixLength,learnRate,MSE,MAE,RMSE,meanLoss,totalLoss
15,3,mix,0.01,329.79404933031077,8.18146996492786,18.16023263425639,8.503632701526989,935.3995971679688
15,3,3,0.01,447.1007492823503,10.277538090605628,21.144757016394166,21.75347900390625,935.3995971679688
15,3,4,0.01,300.5008487010213,8.011422227323056,17.334960302839498,49.231557745682565,935.3995971679688
15,3,5,0.01,130.6344279381723,3.2143867928534746,11.429541895376747,187.07991943359374,935.3995971679688
