epoch,startPos,prefixLength,learnRate,MSE,MAE,RMSE,meanLoss,totalLoss
202,4,mix,0.00830000000000001,561.5902350934023,18.21156277656555,23.697895161667887,19.78707564504523,375.9544372558594
202,4,4,0.00830000000000001,555.1636272646847,18.2620943069458,23.56191051813678,19.78707564504523,375.9544372558594
202,4,5,0.00830000000000001,731.6427294521313,23.55928486585617,27.04889516139488,75.19088745117188,375.9544372558594
