epoch,startPos,prefixLength,learnRate,MSE,MAE,RMSE,meanLoss,totalLoss
49,1,mix,0.008,717.5295378982877,21.96993577820914,26.786741830582674,20.453794191209532,2843.077392578125
49,1,1,0.008,717.151664196905,21.99075631073543,26.779687529859363,20.453794191209532,2843.077392578125
49,1,2,0.008,1034.6668741849185,26.054410219192505,32.166238110554964,101.53847830636161,2843.077392578125
49,1,3,0.008,1120.916232184985,28.957995057106018,33.480087099423514,947.6924641927084,2843.077392578125
49,1,4,0.008,1340.004505133513,33.7633381485939,36.60607197082901,2843.077392578125,2843.077392578125
