epoch,startPos,prefixLength,learnRate,MSE,MAE,RMSE,meanLoss,totalLoss
362,2,mix,0.007100000000000011,116.59116289506902,2.876378978546387,10.797738786202833,2.3307976000236743,153.8326416015625
362,2,2,0.007100000000000011,116.56636642525818,2.868110916740293,10.796590500026301,2.3307976000236743,153.8326416015625
362,2,3,0.007100000000000011,77.64960045038414,2.3559065296385597,8.811901069030686,12.819386800130209,153.8326416015625
362,2,4,0.007100000000000011,106.80885018624454,3.125342008982443,10.33483672760458,51.277547200520836,153.8326416015625
