epoch,startPos,prefixLength,learnRate,MSE,MAE,RMSE,meanLoss,totalLoss
487,3,mix,0.005800000000000007,498.121241061225,11.502904456786133,22.3186299100376,10.591752872910611,455.44537353515625
487,3,3,0.005800000000000007,502.01040488582726,11.608016857030718,22.40558869759568,10.591752872910611,455.44537353515625
487,3,4,0.005800000000000007,362.40957923120504,8.937579622119666,19.037058050844017,23.970809133429277,455.44537353515625
487,3,5,0.005800000000000007,198.51321588443508,7.375066921114922,14.089471809987593,91.08907470703124,455.44537353515625
