epoch,startPos,prefixLength,learnRate,MSE,MAE,RMSE,meanLoss,totalLoss
111,3,mix,0.009100000000000006,541.2777620272657,12.26485750925812,23.265376894158962,10.332360555959303,444.29150390625
111,3,3,0.009100000000000006,539.6359457534269,12.216575391759926,23.230065556373855,10.332360555959303,444.29150390625
111,3,4,0.009100000000000006,311.97517475172054,7.615989450737834,17.66281899221414,23.383763363486842,444.29150390625
