epoch,startPos,prefixLength,learnRate,MSE,MAE,RMSE,meanLoss,totalLoss
95,2,mix,0.009400000000000004,760.9781637640347,23.240087197107428,27.585832663960584,23.46163871593045,3120.39794921875
95,2,2,0.009400000000000004,767.8244294554286,23.312005227102954,27.709645061881044,23.46163871593045,3120.39794921875
95,2,3,0.009400000000000004,834.940715450463,24.434008841331188,28.895340722172893,62.407958984375,3120.39794921875
95,2,4,0.009400000000000004,1128.6527764328498,29.11043096780777,33.59542790965535,164.23147101151315,3120.39794921875
95,2,5,0.009400000000000004,2131.881357789988,43.267541259527206,46.17230076344462,624.07958984375,3120.39794921875
