epoch,startPos,prefixLength,learnRate,MSE,MAE,RMSE,meanLoss,totalLoss
363,2,mix,0.008200000000000011,342.131002995941,8.287992812307744,18.4967835851518,8.460038771323108,922.1442260742188
363,2,2,0.008200000000000011,342.4074729148124,8.302540174460617,18.50425553527654,8.460038771323108,922.1442260742188
363,2,3,0.008200000000000011,453.68780053031566,10.590603066100316,21.29994836919366,21.44521455986555,922.1442260742188
363,2,4,0.008200000000000011,260.9736597534448,6.989653607830405,16.154679190669334,48.533906635485195,922.1442260742188
363,2,5,0.008200000000000011,106.67080971233774,3.033655391074717,10.328156162274936,184.42884521484376,922.1442260742188
