epoch,startPos,prefixLength,learnRate,MSE,MAE,RMSE,meanLoss,totalLoss
145,3,mix,0.008800000000000007,496.0103743823145,11.476717791435393,22.271290361860817,10.591572606286338,455.4376220703125
145,3,3,0.008800000000000007,503.63320408240094,11.637222542004151,22.4417736394074,10.591572606286338,455.4376220703125
145,3,4,0.008800000000000007,349.57267311981553,8.538645010441542,18.69686265446199,23.970401161595394,455.4376220703125
145,3,5,0.008800000000000007,156.8962917659118,5.485632499679923,12.525824993425056,91.0875244140625,455.4376220703125
