epoch,startPos,prefixLength,learnRate,MSE,MAE,RMSE,meanLoss,totalLoss
376,3,mix,0.00690000000000001,683.9383948748361,21.21651118535262,26.152215869307064,21.56484619140625,1078.2423095703125
376,3,3,0.00690000000000001,670.6587837487409,21.047881584901077,25.897080602815848,21.56484619140625,1078.2423095703125
376,3,4,0.00690000000000001,645.1750607086044,21.28168853521347,25.400296468911627,56.74959524054276,1078.2423095703125
376,3,5,0.00690000000000001,1283.7992559153327,32.972707241773605,35.83014451429596,215.6484619140625,1078.2423095703125
