epoch,startPos,prefixLength,learnRate,MSE,MAE,RMSE,meanLoss,totalLoss
204,4,mix,0.00840000000000001,692.8966352933976,20.077679594357807,26.32292983870522,19.445972643400495,369.4734802246094
204,4,4,0.00840000000000001,686.5026691902834,19.91218074162801,26.20119594961809,19.445972643400495,369.4734802246094
204,4,5,0.00840000000000001,835.938489262759,22.21261316537857,28.912600873369367,73.89469604492187,369.4734802246094
