epoch,startPos,prefixLength,learnRate,MSE,MAE,RMSE,meanLoss,totalLoss
128,4,mix,0.009100000000000006,694.2102066666903,20.187133471171062,26.347869110550292,19.422829075863486,369.03375244140625
128,4,4,0.009100000000000006,680.7085305747878,19.858189543088276,26.090391537399125,19.422829075863486,369.03375244140625
128,4,5,0.009100000000000006,841.6213981955771,22.204129695892334,29.010711783677028,73.80675048828125,369.03375244140625
