epoch,startPos,prefixLength,learnRate,MSE,MAE,RMSE,meanLoss,totalLoss
211,2,mix,0.009000000000000006,362.3021178434761,8.649059924262541,19.034235415258372,8.39335838524071,931.6627807617188
211,2,2,0.009000000000000006,363.21386298983464,8.645243096958708,19.05817050479491,8.39335838524071,931.6627807617188
211,2,3,0.009000000000000006,507.3573704626308,11.695816417986697,22.524594790198353,21.666576296784157,931.6627807617188
211,2,4,0.009000000000000006,284.55943554486913,7.246473491936922,16.868889576521305,49.034883197985195,931.6627807617188
211,2,5,0.009000000000000006,72.85432497836617,2.5033137667924166,8.535474502238651,155.27713012695312,931.6627807617188
