epoch,startPos,prefixLength,learnRate,MSE,MAE,RMSE,meanLoss,totalLoss
319,3,mix,0.007400000000000012,691.303352396487,21.336133778095245,26.29264825757358,21.5149609375,1075.748046875
319,3,3,0.007400000000000012,683.659664225638,21.245446338103367,26.146886319897405,21.5149609375,1075.748046875
319,3,4,0.007400000000000012,647.7171364615267,21.212740099430086,25.450287551647165,56.618318256578945,1075.748046875
319,3,5,0.007400000000000012,1272.168429876457,32.85641008615494,35.66747019170909,215.149609375,1075.748046875
