epoch,startPos,prefixLength,learnRate,MSE,MAE,RMSE,meanLoss,totalLoss
344,2,mix,0.00830000000000001,360.23499811488097,8.58402277432658,18.979857694800586,8.37535301414696,929.6641845703125
344,2,2,0.00830000000000001,363.96317015442986,8.661001076576886,19.07781879970637,8.37535301414696,929.6641845703125
344,2,3,0.00830000000000001,485.5510360062448,11.226418763737787,22.035222622116727,21.620097315588662,929.6641845703125
344,2,4,0.00830000000000001,289.0918111311344,7.392305430024862,17.0027001129566,48.92969392475329,929.6641845703125
344,2,5,0.00830000000000001,73.08224830153425,2.46996121481061,8.548815608114042,154.94403076171875,929.6641845703125
