epoch,startPos,prefixLength,learnRate,MSE,MAE,RMSE,meanLoss,totalLoss
381,2,mix,0.008100000000000012,352.9278936584088,8.4115681314358,18.786375213393583,8.424860223993525,935.1594848632812
381,2,2,0.008100000000000012,354.30520773174567,8.428929262415126,18.82299677872112,8.424860223993525,935.1594848632812
381,2,3,0.008100000000000012,516.8043738019339,11.630809295583855,22.733331779612374,21.747894996820495,935.1594848632812
381,2,4,0.008100000000000012,265.78389862950235,7.155844557285309,16.30288007161625,49.21892025596217,935.1594848632812
381,2,5,0.008100000000000012,430.4453385857213,11.79003056511283,20.74717664131005,187.03189697265626,935.1594848632812
