epoch,startPos,prefixLength,learnRate,MSE,MAE,RMSE,meanLoss,totalLoss
40,2,mix,0.0099,341.0877053179538,8.279313218811977,18.468559914567074,8.448830700795584,920.9225463867188
40,2,2,0.0099,348.7008386006146,8.45714206987157,18.673533104386394,8.448830700795584,920.9225463867188
40,2,3,0.0099,454.78652705230274,10.899203067814762,21.32572453756971,21.416803404342296,920.9225463867188
40,2,4,0.0099,256.40415066661046,7.163887391239404,16.012624727589493,48.46960770456415,920.9225463867188
40,2,5,0.0099,105.85864182325231,3.1311889216303825,10.288762890807249,184.18450927734375,920.9225463867188
