epoch,startPos,prefixLength,learnRate,MSE,MAE,RMSE,meanLoss,totalLoss
69,3,mix,0.009500000000000003,497.6723694563861,11.489588979970325,22.30857165881281,10.630967960801236,457.1316223144531
69,3,3,0.009500000000000003,499.38095058449477,11.536442822353406,22.346833122044266,10.630967960801236,457.1316223144531
69,3,4,0.009500000000000003,355.9686063180596,8.738699927181006,18.867130314863985,24.059559069181745,457.1316223144531
69,3,5,0.009500000000000003,168.23548672683899,6.001231413334608,12.970562313440347,91.42632446289062,457.1316223144531
