epoch,startPos,prefixLength,learnRate,MSE,MAE,RMSE,meanLoss,totalLoss
64,3,mix,0.009600000000000003,628.289151091308,17.744012415409088,25.065696700696513,21.005126953125,63.015380859375
64,3,3,0.009600000000000003,690.9865835204894,19.18004661798477,26.28662366148398,21.005126953125,63.015380859375
64,3,4,0.009600000000000003,389.8835703058885,14.940123319625854,19.74546961472146,63.015380859375,63.015380859375
