epoch,startPos,prefixLength,learnRate,MSE,MAE,RMSE,meanLoss,totalLoss
249,2,mix,0.008800000000000007,360.9307294264028,8.604866420505223,18.99817700271273,8.38794385205518,931.061767578125
249,2,2,0.008800000000000007,357.5599505760857,8.515857410099771,18.909255685406702,8.38794385205518,931.061767578125
249,2,3,0.008800000000000007,477.71751499691067,11.32692172073505,21.856749872680307,21.652599246002907,931.061767578125
249,2,4,0.008800000000000007,289.0151463575107,7.447150395065546,17.00044547526654,49.00325092516447,931.061767578125
249,2,5,0.008800000000000007,73.05455325918413,2.470904428511858,8.547195637118886,155.17696126302084,931.061767578125
