epoch,startPos,prefixLength,learnRate,MSE,MAE,RMSE,meanLoss,totalLoss
53,3,mix,0.009700000000000002,343.84638527955997,10.18418619980534,18.543095353245636,9.654183435921718,955.76416015625
53,3,3,0.009700000000000002,350.5024798999093,10.308664468027509,18.721711457554015,9.654183435921718,955.76416015625
53,3,4,0.009700000000000002,313.65570416973253,9.659362667861084,17.71032761328069,12.412521560470779,955.76416015625
