epoch,startPos,prefixLength,learnRate,MSE,MAE,RMSE,meanLoss,totalLoss
429,4,mix,0.006400000000000009,290.35625026603276,7.669105692952871,17.039843023514997,7.922376130756579,150.525146484375
429,4,4,0.006400000000000009,290.4456839477446,7.685827883332967,17.04246707339476,7.922376130756579,150.525146484375
429,4,5,0.006400000000000009,130.67099715138647,3.212017836049199,11.431141550667041,30.105029296875,150.525146484375
