epoch,startPos,prefixLength,learnRate,MSE,MAE,RMSE,meanLoss,totalLoss
472,3,mix,0.006000000000000008,482.12633197537093,10.993061047047377,21.957375343500665,10.406389103379361,447.4747314453125
472,3,3,0.006000000000000008,483.357782592222,11.06549952991984,21.98539930481641,10.406389103379361,447.4747314453125
472,3,4,0.006000000000000008,313.93624470782095,7.793810253962874,17.71824609570092,23.55130165501645,447.4747314453125
