epoch,startPos,prefixLength,learnRate,MSE,MAE,RMSE,meanLoss,totalLoss
60,1,mix,0.007,897.1130572378104,25.24940584719181,29.9518456399236,25.47943738042092,9987.939453125
60,1,1,0.007,756.044551151546,23.368064264456432,27.496264312657928,52.02051798502604,9987.939453125
60,1,2,0.007,872.7969666649766,24.083995685857886,29.543137386963096,75.0972891212406,9987.939453125
60,1,3,0.007,1069.015858284296,27.571690486027645,32.69580796194362,203.83549904336735,9987.939453125
60,1,4,0.007,1453.7802360905446,33.10832424958547,38.128470151456966,525.6810238486842,9987.939453125
60,1,5,0.007,1376.8313984096676,32.69954597949982,37.10567878923208,1664.6565755208333,9987.939453125
