epoch,startPos,prefixLength,learnRate,MSE,MAE,RMSE,meanLoss,totalLoss
258,2,mix,0.008100000000000012,666.7248082482204,20.631467035838536,25.82101485705433,19.452355521065847,544.6659545898438
258,2,2,0.008100000000000012,656.9065226633403,20.45242292540414,25.63018772196841,19.452355521065847,544.6659545898438
258,2,3,0.008100000000000012,547.9808866858075,18.059141874313354,23.40899157772089,181.5553181966146,544.6659545898438
258,2,4,0.008100000000000012,381.9439009074813,18.922181844711304,19.543385093362954,544.6659545898438,544.6659545898438
