epoch,startPos,prefixLength,learnRate,MSE,MAE,RMSE,meanLoss,totalLoss
227,3,mix,0.008200000000000011,602.1205334387316,19.91933334332246,24.538144457940003,21.33970947265625,1066.9854736328125
227,3,3,0.008200000000000011,589.7242315061958,19.573417379305912,24.284238334899364,21.33970947265625,1066.9854736328125
227,3,4,0.008200000000000011,560.3347532398991,18.913648271560668,23.671391028832655,56.15713019120066,1066.9854736328125
