epoch,startPos,prefixLength,learnRate,MSE,MAE,RMSE,meanLoss,totalLoss
301,2,mix,0.007600000000000012,331.879267741666,8.150883283732194,18.21755383528936,8.465096213600852,931.1605834960938
301,2,2,0.007600000000000012,332.1827360673752,8.185474814714066,18.225880940776914,8.465096213600852,931.1605834960938
301,2,3,0.007600000000000012,493.8767013999108,11.39403411847624,22.22333686465448,21.654897290606833,931.1605834960938
301,2,4,0.007600000000000012,343.18776109090277,8.338248829543591,18.52532755691253,49.008451762952305,931.1605834960938
301,2,5,0.007600000000000012,179.5900409123464,6.516291081905365,13.401120882685388,186.23211669921875,931.1605834960938
