epoch,startPos,prefixLength,learnRate,MSE,MAE,RMSE,meanLoss,totalLoss
226,3,mix,0.008900000000000007,479.5601087005363,11.038792257959193,21.898860899611567,10.693942047828852,459.8395080566406
226,3,3,0.008900000000000007,471.30558055155285,10.861456230960108,21.70957347696064,10.693942047828852,459.8395080566406
226,3,4,0.008900000000000007,274.8764835158824,6.917346411943436,16.579399371385033,24.20207937140214,459.8395080566406
226,3,5,0.008900000000000007,114.22594446780887,4.259143736213446,10.687653833644168,76.63991800944011,459.8395080566406
