epoch,startPos,prefixLength,learnRate,MSE,MAE,RMSE,meanLoss,totalLoss
283,3,mix,0.008600000000000009,495.7213830071068,11.236215227706866,22.264801436507508,10.65304920285247,458.08111572265625
283,3,3,0.008600000000000009,469.77679536615557,10.739140558987856,21.674334946340466,10.65304920285247,458.08111572265625
283,3,4,0.008600000000000009,292.6893820209843,7.4397439457476136,17.108167114597176,24.109532406455592,458.08111572265625
283,3,5,0.008600000000000009,73.20235798081328,2.44692119397223,8.55583765512257,76.3468526204427,458.08111572265625
