epoch,startPos,prefixLength,learnRate,MSE,MAE,RMSE,meanLoss,totalLoss
135,2,mix,0.009400000000000004,342.35247345178357,8.281773329038044,18.502769345473222,8.456683517596044,921.7785034179688
135,2,2,0.009400000000000004,345.66312508243175,8.348030592989305,18.592017778671355,8.456683517596044,921.7785034179688
135,2,3,0.009400000000000004,443.4705591702546,10.671810064126145,21.05874068338975,21.436709381813227,921.7785034179688
135,2,4,0.009400000000000004,255.8334036375232,7.187775446102023,15.994793016401406,48.514658074629935,921.7785034179688
135,2,5,0.009400000000000004,105.48440654826094,3.178472377359867,10.270560186682172,184.35570068359374,921.7785034179688
