epoch,startPos,prefixLength,learnRate,MSE,MAE,RMSE,meanLoss,totalLoss
168,3,mix,0.009200000000000005,509.3746826761668,11.460615589537404,22.56933057660698,10.448542395303416,449.2873229980469
168,3,3,0.009200000000000005,520.5418726806464,11.670834275131876,22.815386752817634,10.448542395303416,449.2873229980469
168,3,4,0.009200000000000005,265.85572077780625,7.153307038545608,16.30508266700314,23.64670121042352,449.2873229980469
168,3,5,0.009200000000000005,396.6721471036616,10.898558143526316,19.916629913307663,89.85746459960937,449.2873229980469
