epoch,startPos,prefixLength,learnRate,MSE,MAE,RMSE,meanLoss,totalLoss
491,3,mix,0.005800000000000007,482.0791455892943,10.927186915989626,21.956300817516922,10.47585704714753,450.46185302734375
491,3,3,0.005800000000000007,479.20858672760164,10.89166830632497,21.89083339499896,10.47585704714753,450.46185302734375
491,3,4,0.005800000000000007,313.8995818805239,7.795103894546628,17.717211458932354,23.708518580386514,450.46185302734375
