epoch,startPos,prefixLength,learnRate,MSE,MAE,RMSE,meanLoss,totalLoss
379,3,mix,0.00690000000000001,665.1841231957699,21.393796242200413,25.791163665018487,21.02132568359375,1051.0662841796875
379,3,3,0.00690000000000001,665.4823183266313,21.24668728388273,25.796943972622635,21.02132568359375,1051.0662841796875
379,3,4,0.00690000000000001,578.7509062852166,19.545085740089416,24.057242283462514,55.3192781147204,1051.0662841796875
