epoch,startPos,prefixLength,learnRate,MSE,MAE,RMSE,meanLoss,totalLoss
434,3,mix,0.007800000000000013,511.8929839457762,11.546534956517545,22.62505213133831,10.433013916015625,448.6195983886719
434,3,3,0.007800000000000013,521.7812972786642,11.714133593169125,22.842532637136895,10.433013916015625,448.6195983886719
434,3,4,0.007800000000000013,265.82252151548056,7.158012229949236,16.304064570391045,23.611557809930098,448.6195983886719
434,3,5,0.007800000000000013,362.76156374680704,10.009177632629871,19.046300526527638,89.72391967773437,448.6195983886719
