epoch,startPos,prefixLength,learnRate,MSE,MAE,RMSE,meanLoss,totalLoss
305,2,mix,0.007600000000000012,116.4818124581466,2.865990664933045,10.792674017969162,2.331169590805516,153.85719299316406
305,2,2,0.007600000000000012,117.06269897788606,2.9248109607506594,10.819551699487649,2.331169590805516,153.85719299316406
305,2,3,0.007600000000000012,77.65125679349661,2.3556310895643833,8.811995051831147,12.821432749430338,153.85719299316406
305,2,4,0.007600000000000012,155.40420953338602,4.031388571560001,12.466122473864358,51.28573099772135,153.85719299316406
