epoch,startPos,prefixLength,learnRate,MSE,MAE,RMSE,meanLoss,totalLoss
170,3,mix,0.008700000000000008,597.3209130792643,19.750309485655563,24.440149612456636,21.345263671875,1067.26318359375
170,3,3,0.008700000000000008,588.6092794459875,19.592935438339527,24.261271183637255,21.345263671875,1067.26318359375
170,3,4,0.008700000000000008,564.2217115799542,18.90310227870941,23.75335158624892,56.17174650493421,1067.26318359375
