epoch,startPos,prefixLength,learnRate,MSE,MAE,RMSE,meanLoss,totalLoss
221,4,mix,0.008900000000000007,265.8679044482785,7.153725910931826,16.30545627844491,7.699576126901727,146.2919464111328
221,4,4,0.008900000000000007,265.86790449447193,7.153725911676884,16.30545627986141,7.699576126901727,146.2919464111328
221,4,5,0.008900000000000007,295.15813501883474,8.227201150730252,17.180166908934115,29.258389282226563,146.2919464111328
