epoch,startPos,prefixLength,learnRate,MSE,MAE,RMSE,meanLoss,totalLoss
363,2,mix,0.008200000000000011,369.9653152556868,8.929300086306673,19.234482453543865,8.301040371981534,913.1144409179688
363,2,2,0.008200000000000011,367.6873779921133,8.831063972919114,19.17517608764293,8.301040371981534,913.1144409179688
363,2,3,0.008200000000000011,461.451430603918,11.093191494318573,21.481420590918052,21.235219556231833,913.1144409179688
363,2,4,0.008200000000000011,274.2030786606002,6.976666943728924,16.559078436332143,48.05865478515625,913.1144409179688
363,2,5,0.008200000000000011,117.1820003146149,5.002343349158764,10.825063524738084,152.18574015299478,913.1144409179688
