epoch,startPos,prefixLength,learnRate,MSE,MAE,RMSE,meanLoss,totalLoss
39,2,mix,0.0099,346.6621430554083,8.389904926098618,18.61886524617997,8.417898282137784,925.9688110351562
39,2,2,0.0099,348.9065952797113,8.441029178610604,18.679041604956915,8.417898282137784,925.9688110351562
39,2,3,0.0099,527.4371744873927,12.587461352009665,22.966000402494828,21.534158396166426,925.9688110351562
39,2,4,0.0099,332.4274954852144,8.140841951221228,18.232594315818428,48.735200580797695,925.9688110351562
