epoch,startPos,prefixLength,learnRate,MSE,MAE,RMSE,meanLoss,totalLoss
261,4,mix,0.007900000000000013,683.9579454108642,19.881833374500275,26.1525896501831,19.46743453176398,369.8812561035156
261,4,4,0.007900000000000013,692.2277575713492,19.899063487847645,26.31022154166227,19.46743453176398,369.8812561035156
261,4,5,0.007900000000000013,852.3947530641344,22.540558218955994,29.195800264149884,73.97625122070312,369.8812561035156
