epoch,startPos,prefixLength,learnRate,MSE,MAE,RMSE,meanLoss,totalLoss
196,1,mix,0.001,451.39649929995676,17.70923742805334,21.246093742143678,17.479771205357142,2324.8095703125
196,1,1,0.001,455.4236918931802,17.785227155641596,21.3406581879093,17.479771205357142,2324.8095703125
196,1,2,0.001,300.3155480431023,11.996821678908807,17.32961476903345,21.134632457386363,2324.8095703125
196,1,3,0.001,400.06536855032556,12.611480786719106,20.00163414699723,54.06533884447674,2324.8095703125
196,1,4,0.001,235.22599374330593,8.691302366554737,15.337079048609809,122.3583984375,2324.8095703125
196,1,5,0.001,94.87688262947451,6.165458869189024,9.740476509364134,387.46826171875,2324.8095703125
