epoch,startPos,prefixLength,learnRate,MSE,MAE,RMSE,meanLoss,totalLoss
362,2,mix,0.007100000000000011,350.4783286531344,8.480615013877728,18.72106644005983,8.440272105823864,928.429931640625
362,2,2,0.007100000000000011,346.50340751778884,8.396175436941641,18.614601997297413,8.440272105823864,928.429931640625
362,2,3,0.007100000000000011,535.5949274177574,12.170703626999801,23.142923916777615,21.5913937590843,928.429931640625
362,2,4,0.007100000000000011,334.5250501104823,8.076929296553136,18.29002597347752,48.86473324424342,928.429931640625
