epoch,startPos,prefixLength,learnRate,MSE,MAE,RMSE,meanLoss,totalLoss
83,1,mix,0.006,680.3233919122835,21.146679402639467,26.083009640612477,21.55114491780599,4137.81982421875
83,1,1,0.006,681.6785171154147,21.128043518712122,26.108973880936315,21.55114491780599,4137.81982421875
83,1,2,0.006,1401.4370742720173,30.4568752032869,37.43577265493551,31.111427249765036,4137.81982421875
83,1,3,0.006,2163.6330180557825,40.55755818807162,46.51486878467769,82.756396484375,4137.81982421875
83,1,4,0.006,2984.1929880369667,49.635298907756805,54.627767554943766,217.77999074835526,4137.81982421875
83,1,5,0.006,2571.249813990237,45.22750177979469,50.70749268096616,689.6366373697916,4137.81982421875
