epoch,startPos,prefixLength,learnRate,MSE,MAE,RMSE,meanLoss,totalLoss
159,1,mix,0.003,439.89632332726745,17.776955176583108,20.973705522088068,17.521225549224624,2330.322998046875
159,1,1,0.003,435.9867978663055,17.69314849321895,20.88029688166108,17.521225549224624,2330.322998046875
159,1,2,0.003,288.49402274992855,11.965532837780538,16.985111796803945,20.99390088330518,2330.322998046875
159,1,3,0.003,393.28107487546697,12.682073327628048,19.8313155104614,54.19355809411337,2330.322998046875
159,1,4,0.003,253.6070991773992,9.009305748343468,15.925046284937423,122.64857884457237,2330.322998046875
159,1,5,0.003,67.25365276480055,4.5223543252795935,8.200832443404789,388.3871663411458,2330.322998046875
