epoch,startPos,prefixLength,learnRate,MSE,MAE,RMSE,meanLoss,totalLoss
229,2,mix,0.008200000000000011,311.5203720469089,7.682094865212483,17.6499397179398,8.65728319872607,960.9584350585938
229,2,2,0.008200000000000011,306.1217831651758,7.550974674988538,17.496336278351986,8.65728319872607,960.9584350585938
229,2,3,0.008200000000000011,476.7669738317305,10.8449801704423,21.834994248493185,22.347870582757995,960.9584350585938
229,2,4,0.008200000000000011,302.3661904530272,7.4717511486262085,17.3886799514232,50.57675973992599,960.9584350585938
