epoch,startPos,prefixLength,learnRate,MSE,MAE,RMSE,meanLoss,totalLoss
260,4,mix,0.007900000000000013,679.2205767508485,20.590935635566712,26.06186057730431,19.224972373560856,365.27447509765625
260,4,4,0.007900000000000013,693.5001786125324,20.85255663394928,26.334391555768523,19.224972373560856,365.27447509765625
260,4,5,0.007900000000000013,796.8695254644717,25.478031277656555,28.22887750982089,60.87907918294271,365.27447509765625
