epoch,startPos,prefixLength,learnRate,MSE,MAE,RMSE,meanLoss,totalLoss
254,4,mix,0.007900000000000013,349.6165387657983,8.537743984162807,18.698035692708427,7.99304922003495,151.86793518066406
254,4,4,0.007900000000000013,346.4164911431741,8.437743973731994,18.612267222001034,7.99304922003495,151.86793518066406
254,4,5,0.007900000000000013,164.48712940479422,5.828381434082985,12.82525358052597,30.37358703613281,151.86793518066406
