epoch,startPos,prefixLength,learnRate,MSE,MAE,RMSE,meanLoss,totalLoss
472,3,mix,0.006000000000000008,473.48500907479917,10.845229351046411,21.759710684538046,10.819854736328125,465.2537536621094
472,3,3,0.006000000000000008,450.00359158084296,10.30688018690456,21.21328808979982,10.819854736328125,465.2537536621094
472,3,4,0.006000000000000008,304.79147666492986,8.17192971482873,17.45827817010973,24.48703966642681,465.2537536621094
472,3,5,0.006000000000000008,130.66490615016008,3.211068583652377,11.430875126172976,93.05075073242188,465.2537536621094
