epoch,startPos,prefixLength,learnRate,MSE,MAE,RMSE,meanLoss,totalLoss
196,1,mix,0.0003999999999999998,704.2988357710301,21.37394439149648,26.538629123807997,21.666356404622395,4159.9404296875
196,1,1,0.0003999999999999998,704.0293014717627,21.3567275578777,26.53355048748212,21.666356404622395,4159.9404296875
196,1,2,0.0003999999999999998,1311.567223853932,29.55630583096953,36.215566043538956,31.27774759163534,4159.9404296875
196,1,3,0.0003999999999999998,1998.530347606655,39.09314025365389,44.70492531709068,83.19880859375,4159.9404296875
196,1,4,0.0003999999999999998,2729.3636519579672,47.80354794859886,52.24331203089987,218.94423314144737,4159.9404296875
196,1,5,0.0003999999999999998,3051.376613093842,50.57689884305,55.23926694928022,831.9880859375,4159.9404296875
