epoch,startPos,prefixLength,learnRate,MSE,MAE,RMSE,meanLoss,totalLoss
39,2,mix,0.0099,80.97796380258235,2.400165698821638,8.998775683535087,2.4454512419524015,66.02718353271484
39,2,2,0.0099,82.29803344344319,2.450938494091133,9.071826356552643,2.4454512419524015,66.02718353271484
39,2,3,0.0099,36.89977487117517,1.5016191777976928,6.0745184888331,22.009061177571613,66.02718353271484
39,2,4,0.0099,4.695462172853922e-06,0.002166677990317112,0.002166901514341139,66.02718353271484,66.02718353271484
