epoch,startPos,prefixLength,learnRate,MSE,MAE,RMSE,meanLoss,totalLoss
321,3,mix,0.00840000000000001,458.85431227509565,10.678028844635595,21.420884955461005,10.432812358057776,448.6109313964844
321,3,3,0.00840000000000001,466.97520158753065,10.858426764946092,21.609609010519616,10.432812358057776,448.6109313964844
321,3,4,0.00840000000000001,260.95046104930293,6.988152685016393,16.153961156611185,23.611101652446546,448.6109313964844
321,3,5,0.00840000000000001,106.66991288638916,3.0335216000676155,10.328112745627303,89.72218627929688,448.6109313964844
