epoch,startPos,prefixLength,learnRate,MSE,MAE,RMSE,meanLoss,totalLoss
400,2,mix,0.00670000000000001,345.79847716115086,8.368648139693375,18.595657481281776,8.41953125,926.1484375
400,2,2,0.00670000000000001,348.1754878773333,8.420018672344408,18.65946108217848,8.41953125,926.1484375
400,2,3,0.00670000000000001,539.2533093887321,12.27251328714192,23.22182829556562,21.538335755813954,926.1484375
400,2,4,0.00670000000000001,326.74723513578533,7.951879576966166,18.07615100445295,48.74465460526316,926.1484375
