epoch,startPos,prefixLength,learnRate,MSE,MAE,RMSE,meanLoss,totalLoss
495,2,mix,0.005900000000000008,116.39332028305763,2.864460010453727,10.788573598166609,2.3326774365974194,153.9567108154297
495,2,2,0.005900000000000008,116.48800030190876,2.869056426278803,10.792960682866807,2.3326774365974194,153.9567108154297
495,2,3,0.005900000000000008,77.64942158554884,2.3559355841123306,8.811890919975623,12.829725901285807,153.9567108154297
495,2,4,0.005900000000000008,186.75966230335774,4.734735796768291,13.666003889336405,51.31890360514323,153.9567108154297
