epoch,startPos,prefixLength,learnRate,MSE,MAE,RMSE,meanLoss,totalLoss
480,2,mix,0.0062000000000000085,749.7458361927606,22.975256178308936,27.38148710703567,23.53567573719455,3130.244873046875
480,2,2,0.0062000000000000085,749.5356047492522,22.993047424975565,27.3776479038878,23.53567573719455,3130.244873046875
480,2,3,0.0062000000000000085,839.067560587068,24.60030998633458,28.966662917689845,62.6048974609375,3130.244873046875
480,2,4,0.0062000000000000085,1189.7667126654417,30.62357623378436,34.492995124596554,164.74973016036185,3130.244873046875
480,2,5,0.0062000000000000085,1829.7200535309867,38.219259172677994,42.775227100869806,626.048974609375,3130.244873046875
