epoch,startPos,prefixLength,learnRate,MSE,MAE,RMSE,meanLoss,totalLoss
122,4,mix,0.009100000000000006,305.7608638948576,7.970611847750843,17.48601909797818,7.532366300884046,143.11495971679688
122,4,4,0.009100000000000006,304.3552951488219,7.8769072689116,17.445781586068932,7.532366300884046,143.11495971679688
122,4,5,0.009100000000000006,173.34167194477047,5.665538371074945,13.165928449781674,28.622991943359374,143.11495971679688
