epoch,startPos,prefixLength,learnRate,MSE,MAE,RMSE,meanLoss,totalLoss
292,3,mix,0.007600000000000012,632.9317114656033,18.321438908576965,25.158134101431354,20.921769460042317,62.76530838012695
292,3,3,0.007600000000000012,570.8602822345301,17.42501127719879,23.892682608583954,20.921769460042317,62.76530838012695
292,3,4,0.007600000000000012,235.0237208999306,11.856184601783752,15.330483387679939,62.76530838012695,62.76530838012695
