epoch,startPos,prefixLength,learnRate,MSE,MAE,RMSE,meanLoss,totalLoss
433,3,mix,0.006400000000000009,671.4670115102961,21.084189790945786,25.912680515730056,21.57371826171875,1078.6859130859375
433,3,3,0.006400000000000009,684.3453193933344,21.207368470155277,26.159994636722203,21.57371826171875,1078.6859130859375
433,3,4,0.006400000000000009,632.5690448321973,20.98396944999695,25.150925327554,56.77294279399671,1078.6859130859375
433,3,5,0.006400000000000009,1263.397402251715,32.72269690036774,35.54430196602143,215.7371826171875,1078.6859130859375
