epoch,startPos,prefixLength,learnRate,MSE,MAE,RMSE,meanLoss,totalLoss
12,4,mix,0.01,465.81018817142086,10.842650584199212,21.58263626555896,10.44181504360465,448.998046875
12,4,4,0.01,260.9686814304613,6.9894708342850205,16.154525106930915,23.63147615131579,448.998046875
12,4,5,0.01,106.68153989926938,3.0354245472699404,10.32867561206515,89.799609375,448.998046875
