epoch,startPos,prefixLength,learnRate,MSE,MAE,RMSE,meanLoss,totalLoss
495,2,mix,0.005900000000000008,332.9731031834075,8.230720735820276,18.24755060777768,8.485714999112217,933.4286499023438
495,2,2,0.005900000000000008,332.4719572148989,8.213978041229504,18.23381356751513,8.485714999112217,933.4286499023438
495,2,3,0.005900000000000008,467.5160786878004,10.622404968196696,21.62212012471951,21.707643020984737,933.4286499023438
495,2,4,0.005900000000000008,296.3488311331965,7.847375278174877,17.214785247954634,49.12782367907072,933.4286499023438
495,2,5,0.005900000000000008,130.6657620910642,3.2112095709890127,11.430912565979332,186.68572998046875,933.4286499023438
