epoch,startPos,prefixLength,learnRate,MSE,MAE,RMSE,meanLoss,totalLoss
91,3,mix,0.009400000000000004,662.2568447063442,20.998710591059464,25.73435145299652,21.49825439453125,1074.9127197265625
91,3,3,0.009400000000000004,671.0702851367913,21.094071677097908,25.905024322258246,21.49825439453125,1074.9127197265625
91,3,4,0.009400000000000004,655.0361312183375,21.246930539608,25.593673656166235,56.57435366981908,1074.9127197265625
91,3,5,0.009400000000000004,1292.8000193633711,33.057233422994614,35.95552835605911,214.9825439453125,1074.9127197265625
