epoch,startPos,prefixLength,learnRate,MSE,MAE,RMSE,meanLoss,totalLoss
315,2,mix,0.007600000000000012,667.5350326487056,20.444686685289657,25.836699337351618,19.267604282924108,539.492919921875
315,2,2,0.007600000000000012,675.1104829500047,20.577872540269578,25.98288827189935,19.267604282924108,539.492919921875
315,2,3,0.007600000000000012,514.7260381241442,17.577950417995453,22.68757453153916,179.83097330729166,539.492919921875
315,2,4,0.007600000000000012,236.33614667220218,14.393205404281616,15.373228244978417,539.492919921875,539.492919921875
