epoch,startPos,prefixLength,learnRate,MSE,MAE,RMSE,meanLoss,totalLoss
76,2,mix,0.009600000000000003,763.0220320450844,23.268773660940283,27.622853437780183,23.471789826127818,3121.748046875
76,2,2,0.009600000000000003,760.5146593847976,23.214054917587955,27.577430253466286,23.471789826127818,3121.748046875
76,2,3,0.009600000000000003,841.2300409735474,24.46347353550104,29.003965952496003,62.4349609375,3121.748046875
76,2,4,0.009600000000000003,1121.759753963552,29.053670835494994,33.49268209569893,164.30252878289474,3121.748046875
76,2,5,0.009600000000000003,2116.83475872716,43.133037090301514,46.0090725697352,624.349609375,3121.748046875
