epoch,startPos,prefixLength,learnRate,MSE,MAE,RMSE,meanLoss,totalLoss
55,3,mix,0.009800000000000001,479.2692715973175,10.905086604708975,21.892219430594913,10.63889827284702,457.4726257324219
55,3,3,0.009800000000000001,476.2739346487085,10.87241493775086,21.823701213330164,10.63889827284702,457.4726257324219
55,3,4,0.009800000000000001,288.68231385242507,7.106464879959821,16.990653720573118,24.07750661749589,457.4726257324219
55,3,5,0.009800000000000001,73.15197572665444,2.455174680799246,8.552892827964959,76.24543762207031,457.4726257324219
