epoch,startPos,prefixLength,learnRate,MSE,MAE,RMSE,meanLoss,totalLoss
264,3,mix,0.008700000000000008,460.3333565064743,10.724675748497248,21.455380595703126,10.43750780682231,448.8128356933594
264,3,3,0.008700000000000008,460.9299739598039,10.733207473700697,21.469279772731173,10.43750780682231,448.8128356933594
264,3,4,0.008700000000000008,260.96666906711914,6.989314971119166,16.15446282199192,23.621728194387334,448.8128356933594
264,3,5,0.008700000000000008,106.67468444933664,3.034344904124737,10.328343741826984,89.76256713867187,448.8128356933594
