epoch,startPos,prefixLength,learnRate,MSE,MAE,RMSE,meanLoss,totalLoss
355,4,mix,0.008200000000000011,260.9386991372553,6.987700222432613,16.15359709591815,7.801928871556332,148.2366485595703
355,4,4,0.008200000000000011,260.9386991372553,6.987700222432613,16.15359709591815,7.801928871556332,148.2366485595703
355,4,5,0.008200000000000011,106.65406177547769,3.031514961272478,10.327345340186785,29.64732971191406,148.2366485595703
