epoch,startPos,prefixLength,learnRate,MSE,MAE,RMSE,meanLoss,totalLoss
183,4,mix,0.009100000000000006,265.87414407455424,7.154163557291031,16.305647612853477,7.9919883326480265,151.8477783203125
183,4,4,0.009100000000000006,265.8741455632337,7.154163583368063,16.30564765850267,7.9919883326480265,151.8477783203125
183,4,5,0.009100000000000006,362.8563059429814,10.008868077769876,19.048787518972997,30.3695556640625,151.8477783203125
