epoch,startPos,prefixLength,learnRate,MSE,MAE,RMSE,meanLoss,totalLoss
60,2,mix,0.009800000000000001,765.3908326304644,23.27020552053171,27.665697761496354,23.647982260338345,3145.181640625
60,2,2,0.009800000000000001,760.6805047822176,23.120453846805237,27.580436994040134,23.647982260338345,3145.181640625
60,2,3,0.009800000000000001,792.7555656224031,23.89009548150576,28.155915286532654,62.9036328125,3145.181640625
60,2,4,0.009800000000000001,1053.1177673300738,28.670040478308994,32.45177602736211,165.5358758223684,3145.181640625
60,2,5,0.009800000000000001,1583.4915055275997,35.28249549865723,39.793108769328384,629.036328125,3145.181640625
