epoch,startPos,prefixLength,learnRate,MSE,MAE,RMSE,meanLoss,totalLoss
145,3,mix,0.008900000000000007,96.89365751733108,3.524043842098763,9.84345759971216,1.6447874704996746,4.934362411499023
145,3,3,0.008900000000000007,37.79989750773452,1.5232630741511457,6.148162124385996,1.6447874704996746,4.934362411499023
145,3,4,0.008900000000000007,0.7808908223464792,0.3625240226811002,0.8836802715612018,4.934362411499023,4.934362411499023
