epoch,startPos,prefixLength,learnRate,MSE,MAE,RMSE,meanLoss,totalLoss
223,3,mix,0.008200000000000011,77.64673463592047,2.3563702098526846,8.811738457076473,2.3728968302408853,28.474761962890625
223,3,3,0.008200000000000011,77.6467334148296,2.3563699448400257,8.811738387788735,2.3728968302408853,28.474761962890625
223,3,4,0.008200000000000011,142.25712545130915,3.5788852364094055,11.927159152594097,9.491587320963541,28.474761962890625
