epoch,startPos,prefixLength,learnRate,MSE,MAE,RMSE,meanLoss,totalLoss
147,4,mix,0.008900000000000007,690.9815812560795,20.12622861067454,26.28652851283485,19.38612124794408,368.3363037109375
147,4,4,0.008900000000000007,690.4244059774447,19.915673037370045,26.275928261004307,19.38612124794408,368.3363037109375
147,4,5,0.008900000000000007,824.2733984307388,21.993297457695007,28.71016193668609,73.6672607421875,368.3363037109375
