epoch,startPos,prefixLength,learnRate,MSE,MAE,RMSE,meanLoss,totalLoss
77,1,mix,0.005,427.39971168750185,17.31986764418509,20.67364775958761,17.55783358487216,2317.634033203125
77,1,1,0.005,425.92246509616876,17.27441810427562,20.637889065894523,17.55783358487216,2317.634033203125
77,1,2,0.005,249.50180123986476,11.136709681845137,15.795626016080044,20.87958588471284,2317.634033203125
77,1,3,0.005,406.3701759111353,12.818343700671738,20.158625347754626,53.89846588844477,2317.634033203125
77,1,4,0.005,267.6766442234534,9.442222617939114,16.3608265140687,121.98073858963816,2317.634033203125
