epoch,startPos,prefixLength,learnRate,MSE,MAE,RMSE,meanLoss,totalLoss
364,2,mix,0.007100000000000011,761.2657270767326,23.174867452944028,27.591044327403278,23.327473346452066,3102.553955078125
364,2,2,0.007100000000000011,766.8179898347125,23.28783792257309,27.691478650204154,23.327473346452066,3102.553955078125
364,2,3,0.007100000000000011,683.3561162476799,21.86497911581626,26.14108100763394,62.0510791015625,3102.553955078125
364,2,4,0.007100000000000011,740.6975430382523,23.2841353058815,27.21575909355189,163.29231342516448,3102.553955078125
