epoch,startPos,prefixLength,learnRate,MSE,MAE,RMSE,meanLoss,totalLoss
378,3,mix,0.00690000000000001,731.9601693329034,22.072571497697098,27.05476241501491,20.8732421875,1043.662109375
378,3,3,0.00690000000000001,730.319379078625,21.982584238052368,27.024421900914458,20.8732421875,1043.662109375
378,3,4,0.00690000000000001,673.4944451243041,21.470535564422608,25.95177152188852,54.92958470394737,1043.662109375
378,3,5,0.00690000000000001,706.2074765642533,23.478187024593353,26.574564466125373,173.94368489583334,1043.662109375
