epoch,startPos,prefixLength,learnRate,MSE,MAE,RMSE,meanLoss,totalLoss
377,3,mix,0.008100000000000012,520.5427402799901,11.670866740359502,22.815405766279724,10.45527897324673,449.5769958496094
377,3,3,0.008100000000000012,509.3755463670932,11.460647828199647,22.569349710771313,10.45527897324673,449.5769958496094
377,3,4,0.008100000000000012,265.8485489068979,7.157439517229795,16.30486273805756,23.66194714997944,449.5769958496094
377,3,5,0.008100000000000012,396.5897938027331,10.899758879095316,19.914562355289988,89.91539916992187,449.5769958496094
