epoch,startPos,prefixLength,learnRate,MSE,MAE,RMSE,meanLoss,totalLoss
287,2,mix,0.008600000000000009,357.64647144799966,8.547281883105084,18.911543338606705,8.404308972057995,932.8782958984375
287,2,2,0.008600000000000009,356.2554344820926,8.507166848966369,18.874730050575362,8.404308972057995,932.8782958984375
287,2,3,0.008600000000000009,470.95199489132887,11.176005794920705,21.701428406704682,21.694844090661338,932.8782958984375
287,2,4,0.008600000000000009,289.6627226582417,7.476585782319307,17.019480681214738,49.09885767886513,932.8782958984375
287,2,5,0.008600000000000009,73.01141077154824,2.4791618697345257,8.544671484120864,155.4797159830729,932.8782958984375
