epoch,startPos,prefixLength,learnRate,MSE,MAE,RMSE,meanLoss,totalLoss
96,2,mix,0.009400000000000004,116.69487154111494,2.8801807856612225,10.802540050428647,2.338622353293679,154.3490753173828
96,2,2,0.009400000000000004,116.37765503073786,2.855364468518126,10.787847562453683,2.338622353293679,154.3490753173828
96,2,3,0.009400000000000004,77.66375382255143,2.357911268690259,8.81270411522771,12.862422943115234,154.3490753173828
96,2,4,0.009400000000000004,114.96925445636758,3.3305632697301917,10.722371680573639,51.44969177246094,154.3490753173828
