epoch,startPos,prefixLength,learnRate,MSE,MAE,RMSE,meanLoss,totalLoss
96,2,mix,0.009400000000000004,305.19159267654555,7.551750262267888,17.469733617790098,8.61640943922438,956.4214477539062
96,2,2,0.009400000000000004,306.1745506478482,7.553133079316467,17.497844171435755,8.61640943922438,956.4214477539062
96,2,3,0.009400000000000004,470.8385877586538,11.033529652282596,21.698815353807998,22.242359250090843,956.4214477539062
96,2,4,0.009400000000000004,298.2547164172207,7.377092984691262,17.27005258872192,50.33797093441612,956.4214477539062
