epoch,startPos,prefixLength,learnRate,MSE,MAE,RMSE,meanLoss,totalLoss
32,4,mix,0.0099,676.7946128974478,20.542874217033386,26.015276529328837,19.31268310546875,366.94097900390625
32,4,4,0.0099,678.3101275784469,20.5040874004364,26.04438764068848,19.31268310546875,366.94097900390625
32,4,5,0.0099,786.5849004011889,25.23875880241394,28.04612095105469,61.156829833984375,366.94097900390625
