epoch,startPos,prefixLength,learnRate,MSE,MAE,RMSE,meanLoss,totalLoss
449,4,mix,0.0062000000000000085,556.7660183786305,18.233949375152587,23.59588986197873,19.741329795435856,375.08526611328125
449,4,4,0.0062000000000000085,555.6049042902727,18.254555654525756,23.57127286105425,19.741329795435856,375.08526611328125
449,4,5,0.0062000000000000085,711.6716185314053,23.10399866104126,26.677174110677566,75.01705322265624,375.08526611328125
