epoch,startPos,prefixLength,learnRate,MSE,MAE,RMSE,meanLoss,totalLoss
84,4,mix,0.009400000000000004,305.0427783060914,7.92426081020385,17.465473892972142,7.728394357781661,146.83949279785156
84,4,4,0.009400000000000004,304.340084476787,7.877414555847645,17.445345639361435,7.728394357781661,146.83949279785156
84,4,5,0.009400000000000004,175.32843428386383,5.915643459185958,13.241164385501142,29.367898559570314,146.83949279785156
