epoch,startPos,prefixLength,learnRate,MSE,MAE,RMSE,meanLoss,totalLoss
404,2,mix,0.00680000000000001,747.4453762856807,22.93272191110779,27.339447256403716,23.490171963110903,3124.19287109375
404,2,2,0.00680000000000001,747.0296687100987,22.9640416783445,27.331843492711915,23.490171963110903,3124.19287109375
404,2,3,0.00680000000000001,838.4325597377454,24.609507074722877,28.955699952474735,62.483857421875,3124.19287109375
404,2,4,0.00680000000000001,1171.8245985092015,30.141480813423794,34.231923675265485,164.43120374177633,3124.19287109375
404,2,5,0.00680000000000001,1840.182494176404,38.294860154390335,42.897348335024205,624.83857421875,3124.19287109375
