epoch,startPos,prefixLength,learnRate,MSE,MAE,RMSE,meanLoss,totalLoss
179,4,mix,0.008600000000000009,305.11583748142357,7.921888410113752,17.467565299188767,7.578377171566612,143.98916625976562
179,4,4,0.008600000000000009,305.818963738709,7.968763408437371,17.487680341849487,7.578377171566612,143.98916625976562
179,4,5,0.008600000000000009,176.3829744804578,6.0390759110450745,13.280925211763591,28.797833251953126,143.98916625976562
