epoch,startPos,prefixLength,learnRate,MSE,MAE,RMSE,meanLoss,totalLoss
339,3,mix,0.007100000000000011,469.7958704166953,10.713666134598581,21.674774979609253,10.884736526844113,468.0436706542969
339,3,3,0.007100000000000011,458.9484800949654,10.499191211705858,21.423082880271117,10.884736526844113,468.0436706542969
339,3,4,0.007100000000000011,298.43354911234024,7.928739403933287,17.275229350498947,24.63387740285773,468.0436706542969
339,3,5,0.007100000000000011,130.6568140431981,3.211784327402711,11.430521162361675,93.60873413085938,468.0436706542969
