epoch,startPos,prefixLength,learnRate,MSE,MAE,RMSE,meanLoss,totalLoss
159,3,mix,0.008700000000000008,609.9193914760472,17.972981929779053,24.69654614467471,19.786270141601562,59.35881042480469
159,3,3,0.008700000000000008,546.0921858501915,16.33144783973694,23.368615402932875,19.786270141601562,59.35881042480469
159,3,4,0.008700000000000008,141.6993877234754,8.706735968589783,11.903755194201342,59.35881042480469,59.35881042480469
