epoch,startPos,prefixLength,learnRate,MSE,MAE,RMSE,meanLoss,totalLoss
320,3,mix,0.007300000000000011,483.7686117153165,11.022876956415447,21.99474054666971,10.481083359829215,450.68658447265625
320,3,3,0.007300000000000011,480.06117529175117,10.872088918293064,21.910298384361433,10.481083359829215,450.68658447265625
320,3,4,0.007300000000000011,298.62555632978257,7.356305748969317,17.280785755566285,23.720346551192435,450.68658447265625
