epoch,startPos,prefixLength,learnRate,MSE,MAE,RMSE,meanLoss,totalLoss
184,4,mix,0.009100000000000006,260.90597355839435,6.98900194093585,16.15258411395509,7.83309615285773,148.82882690429688
184,4,4,0.009100000000000006,260.90597355839435,6.98900194093585,16.15258411395509,7.83309615285773,148.82882690429688
184,4,5,0.009100000000000006,106.63986777434533,3.0332352742552757,10.326658112591184,29.765765380859374,148.82882690429688
