epoch,startPos,prefixLength,learnRate,MSE,MAE,RMSE,meanLoss,totalLoss
311,4,mix,0.007400000000000012,356.0310329758775,8.73857235237956,18.86878461840819,7.756827906558388,147.37973022460938
311,4,4,0.007400000000000012,362.43147153864743,8.93857269436121,19.03763303403675,7.756827906558388,147.37973022460938
311,4,5,0.007400000000000012,190.96804446585787,7.032342525199056,13.819118802074822,29.475946044921876,147.37973022460938
