epoch,startPos,prefixLength,learnRate,MSE,MAE,RMSE,meanLoss,totalLoss
120,1,mix,0.002,795.4780562333741,22.205163062860567,28.204220539369175,21.2988764444987,4089.38427734375
120,1,1,0.002,793.8283824101482,22.195770231386025,28.174960202458994,21.2988764444987,4089.38427734375
120,1,2,0.002,1372.847689654727,30.20008454077384,37.051959322750086,30.747250205592106,4089.38427734375
120,1,3,0.002,1754.1633776152707,36.607458953674026,41.882733645444766,81.787685546875,4089.38427734375
120,1,4,0.002,2163.3889533389897,42.51871807575226,46.51224519778625,215.23075143914474,4089.38427734375
