epoch,startPos,prefixLength,learnRate,MSE,MAE,RMSE,meanLoss,totalLoss
402,2,mix,0.00670000000000001,770.0179137560342,23.330409262110205,27.749196632624056,23.31143899788534,3100.42138671875
402,2,2,0.00670000000000001,767.5681010056265,23.244403223781024,27.705019418972196,23.31143899788534,3100.42138671875
402,2,3,0.00670000000000001,679.9244532161057,21.533482281061318,26.075361037119038,62.008427734375,3100.42138671875
402,2,4,0.00670000000000001,711.6107981044637,22.760497307777406,26.676034152483457,163.18007298519737,3100.42138671875
