epoch,startPos,prefixLength,learnRate,MSE,MAE,RMSE,meanLoss,totalLoss
439,2,mix,0.007800000000000013,371.4140514734183,8.932025182726127,19.272105527767803,8.294617254083807,912.4078979492188
439,2,2,0.007800000000000013,368.1076792144019,8.837674943464142,19.186132471511865,8.294617254083807,912.4078979492188
439,2,3,0.007800000000000013,460.44365538213424,11.069079184396701,21.457950866337033,21.218788324400435,912.4078979492188
439,2,4,0.007800000000000013,259.2434139866932,6.668339003622532,16.101037668010505,48.02146831311678,912.4078979492188
439,2,5,0.007800000000000013,113.04134402973988,4.472623189911246,10.632090294468904,152.06798299153647,912.4078979492188
