epoch,startPos,prefixLength,learnRate,MSE,MAE,RMSE,meanLoss,totalLoss
499,2,mix,0.006000000000000008,743.5354063613161,22.874206548227985,27.267845649433255,23.536439365014097,3130.346435546875
499,2,2,0.006000000000000008,745.6786761349967,22.90840839989045,27.307117682666487,23.536439365014097,3130.346435546875
499,2,3,0.006000000000000008,836.8680049750939,24.607916167149178,28.928670985288864,62.6069287109375,3130.346435546875
499,2,4,0.006000000000000008,1189.1948742385587,30.563493589560192,34.48470493187608,164.75507555509867,3130.346435546875
499,2,5,0.006000000000000008,1824.8430066615106,38.15069976449013,42.71818121902559,626.069287109375,3130.346435546875
