epoch,startPos,prefixLength,learnRate,MSE,MAE,RMSE,meanLoss,totalLoss
94,3,mix,0.009400000000000004,675.0230420990349,21.59848304436757,25.981205555151494,21.05615966796875,1052.8079833984375
94,3,3,0.009400000000000004,667.2659350820535,21.369615009197823,25.83149115095862,21.05615966796875,1052.8079833984375
94,3,4,0.009400000000000004,579.8132717001441,19.510160446166992,24.07931211019418,55.4109464946546,1052.8079833984375
