epoch,startPos,prefixLength,learnRate,MSE,MAE,RMSE,meanLoss,totalLoss
373,4,mix,0.008100000000000012,265.89584001725535,7.155679051578045,16.306312888487554,8.101493433902139,153.92837524414062
373,4,4,0.008100000000000012,265.89583973559684,7.155679046362638,16.306312879851067,8.101493433902139,153.92837524414062
373,4,5,0.008100000000000012,385.4524053865073,10.604215448722243,19.632941842385904,30.785675048828125,153.92837524414062
