epoch,startPos,prefixLength,learnRate,MSE,MAE,RMSE,meanLoss,totalLoss
73,3,mix,0.009500000000000003,544.0001803709026,12.376181659881365,23.323811446050208,10.373136298601018,446.04486083984375
73,3,3,0.009500000000000003,545.9035053498382,12.378981444984674,23.36457800495952,10.373136298601018,446.04486083984375
73,3,4,0.009500000000000003,326.8974851201512,7.925052706152201,18.080306554927414,23.4760453073602,446.04486083984375
