epoch,startPos,prefixLength,learnRate,MSE,MAE,RMSE,meanLoss,totalLoss
240,4,mix,0.008000000000000012,552.2844274976366,18.26366331577301,23.50073248853398,19.782167133532074,375.8611755371094
240,4,4,0.008000000000000012,555.6690841442371,18.357120180130003,23.57263422157645,19.782167133532074,375.8611755371094
240,4,5,0.008000000000000012,725.9088697701995,23.467821896076202,26.94269603752007,75.17223510742187,375.8611755371094
