epoch,startPos,prefixLength,learnRate,MSE,MAE,RMSE,meanLoss,totalLoss
39,2,mix,0.0099,354.3757315960624,8.453736422376501,18.82487002866321,8.405508230398366,933.0114135742188
39,2,2,0.0099,358.2270368734443,8.509899986631892,18.926886613319272,8.405508230398366,933.0114135742188
39,2,3,0.0099,523.1882658449907,11.949396566403182,22.873309027007675,21.697939850563227,933.0114135742188
39,2,4,0.0099,262.0014571070976,7.3179274443537,16.186459066364627,49.105863872327305,933.0114135742188
39,2,5,0.0099,363.5789232621818,10.046078671701252,19.067745626113794,186.60228271484374,933.0114135742188
