epoch,startPos,prefixLength,learnRate,MSE,MAE,RMSE,meanLoss,totalLoss
395,3,mix,0.00680000000000001,663.8207266047914,21.281888264876144,25.764718640124745,21.4794287109375,1073.971435546875
395,3,3,0.00680000000000001,664.3206737126627,21.307667567179752,25.774418979147963,21.4794287109375,1073.971435546875
395,3,4,0.00680000000000001,657.681561215485,22.189590672651928,25.645302907462117,56.524812397203945,1073.971435546875
395,3,5,0.00680000000000001,993.8840982996121,28.381641447544098,31.525927397930932,214.794287109375,1073.971435546875
