epoch,startPos,prefixLength,learnRate,MSE,MAE,RMSE,meanLoss,totalLoss
149,3,mix,0.008800000000000007,480.25530307773784,10.891142077405345,21.914727994609876,10.779993811319041,463.53973388671875
149,3,3,0.008800000000000007,471.62652594185784,10.699391378936442,21.716964012998176,10.779993811319041,463.53973388671875
149,3,4,0.008800000000000007,298.43575294228503,7.9286716401577,17.275293136218703,24.396828099300986,463.53973388671875
149,3,5,0.008800000000000007,130.6575533137309,3.211697332561016,11.430553499884898,92.70794677734375,463.53973388671875
