epoch,startPos,prefixLength,learnRate,MSE,MAE,RMSE,meanLoss,totalLoss
82,1,mix,0.005,707.5696627136791,21.683271919687588,26.600181629336277,21.5181147257487,4131.47802734375
82,1,1,0.005,707.545760379624,21.702620470896363,26.59973233661617,21.5181147257487,4131.47802734375
82,1,2,0.005,1296.2282962904446,29.3110996721422,36.00317064218712,31.06374456649436,4131.47802734375
82,1,3,0.005,2012.044679323659,39.40421330699554,44.855821019391215,82.629560546875,4131.47802734375
82,1,4,0.005,2720.9196751808604,47.92156715393067,52.16243547976705,217.44621196546052,4131.47802734375
82,1,5,0.005,4224.934776488049,61.596082136034966,64.99949827874096,826.29560546875,4131.47802734375
