epoch,startPos,prefixLength,learnRate,MSE,MAE,RMSE,meanLoss,totalLoss
153,1,mix,0.003,415.6949300286944,17.235911479389127,20.388598039803874,17.62460350093985,2344.072265625
153,1,1,0.003,415.5401514949343,17.23733790455894,20.38480197340495,17.62460350093985,2344.072265625
153,1,2,0.003,288.63781367177535,11.89252828820436,16.989344121294835,21.117768158783782,2344.072265625
153,1,3,0.003,442.45932990643996,13.490511178293012,21.034717252828475,54.51330850290697,2344.072265625
153,1,4,0.003,230.45360487727436,8.924942660331727,15.180698431800637,123.37222450657895,2344.072265625
153,1,5,0.003,327.2487129721096,11.218560505658388,18.090016942283654,468.814453125,2344.072265625
