epoch,startPos,prefixLength,learnRate,MSE,MAE,RMSE,meanLoss,totalLoss
198,4,mix,0.00840000000000001,302.93990225234813,7.783542156778276,17.405168837226146,7.619862606650905,144.7773895263672
198,4,4,0.00840000000000001,303.64262751600296,7.830390501767397,17.425344401646786,7.619862606650905,144.7773895263672
198,4,5,0.00840000000000001,177.33025771825413,6.165261883288622,13.31654075645226,28.955477905273437,144.7773895263672
