epoch,startPos,prefixLength,learnRate,MSE,MAE,RMSE,meanLoss,totalLoss
339,3,mix,0.007100000000000011,478.0450538408441,10.818850787695158,21.864241442154906,10.442090411518896,449.0098876953125
339,3,3,0.007100000000000011,481.736921318237,10.902654509991407,21.948506129535037,10.442090411518896,449.0098876953125
339,3,4,0.007100000000000011,306.28698717657204,7.5754101820290085,17.501056744567514,23.63209935238487,449.0098876953125
