epoch,startPos,prefixLength,learnRate,MSE,MAE,RMSE,meanLoss,totalLoss
473,2,mix,0.006100000000000008,345.8854556328655,8.50647932597037,18.59799601120684,8.412143776633522,925.3358154296875
473,2,2,0.006100000000000008,350.4125731960874,8.604603809304535,18.719310168809304,8.412143776633522,925.3358154296875
473,2,3,0.006100000000000008,503.73954144231215,11.298505055125464,22.44414269786913,21.51943756813227,925.3358154296875
473,2,4,0.006100000000000008,304.3507534914173,7.877058729529381,17.44565142066691,48.70188502261513,925.3358154296875
473,2,5,0.006100000000000008,174.83693536487044,5.852971749380231,13.22259185503623,185.0671630859375,925.3358154296875
