epoch,startPos,prefixLength,learnRate,MSE,MAE,RMSE,meanLoss,totalLoss
44,1,mix,0.008,704.3699292555707,21.386828968301415,26.539968524012433,21.667137145996094,4160.09033203125
44,1,1,0.008,704.7001550099145,21.379233645585675,26.546189086381393,21.667137145996094,4160.09033203125
44,1,2,0.008,1307.5012343826863,29.526140740689108,36.15938653216736,31.27887467692669,4160.09033203125
44,1,3,0.008,1988.2159785891806,38.916243291818176,44.58941554437757,83.201806640625,4160.09033203125
44,1,4,0.008,2710.7817253986254,47.66151870290438,52.065168062713724,218.95212273848685,4160.09033203125
44,1,5,0.008,3067.456680615118,50.68893754482269,55.38462494786001,832.01806640625,4160.09033203125
