epoch,startPos,prefixLength,learnRate,MSE,MAE,RMSE,meanLoss,totalLoss
244,3,mix,0.008000000000000012,479.25657679867726,10.890749930488793,21.89192949008098,10.502684127452762,451.61541748046875
244,3,3,0.008000000000000012,476.794976517386,10.812626628374511,21.835635473175174,10.502684127452762,451.61541748046875
244,3,4,0.008000000000000012,298.61823426158736,7.356515970081091,17.280573898501963,23.76923249897204,451.61541748046875
