epoch,startPos,prefixLength,learnRate,MSE,MAE,RMSE,meanLoss,totalLoss
459,2,mix,0.006300000000000009,797.0740678238678,23.668564249168742,28.232500204974194,23.102651036771615,3072.652587890625
459,2,2,0.006300000000000009,798.9307931824892,23.719095080187827,28.265363843094065,23.102651036771615,3072.652587890625
459,2,3,0.006300000000000009,699.0530642015669,22.226880885087528,26.439611649976385,61.4530517578125,3072.652587890625
459,2,4,0.006300000000000009,616.8145344502927,21.11992107629776,24.835751135214185,161.71855725740133,3072.652587890625
