epoch,startPos,prefixLength,learnRate,MSE,MAE,RMSE,meanLoss,totalLoss
242,3,mix,0.008100000000000012,77.64747755782336,2.3562530999888622,8.811780612215863,2.373230298360189,28.478763580322266
242,3,3,0.008100000000000012,77.64746828548616,2.356254068346061,8.811780086082843,2.373230298360189,28.478763580322266
242,3,4,0.008100000000000012,227.6603179724434,5.609876584067933,15.088416682092372,9.492921193440756,28.478763580322266
