epoch,startPos,prefixLength,learnRate,MSE,MAE,RMSE,meanLoss,totalLoss
163,2,mix,0.008900000000000007,646.0114952502107,20.096681688513076,25.416756190556864,19.33160400390625,541.284912109375
163,2,2,0.008900000000000007,649.6021265559792,20.23809892790658,25.487293433316516,19.33160400390625,541.284912109375
163,2,3,0.008900000000000007,534.5322133224611,17.65038412809372,23.119952710212473,180.42830403645834,541.284912109375
163,2,4,0.008900000000000007,292.43744204306677,16.881126403808594,17.100802380095114,541.284912109375,541.284912109375
