epoch,startPos,prefixLength,learnRate,MSE,MAE,RMSE,meanLoss,totalLoss
27,4,mix,0.0099,304.3640406406151,7.876615628041327,17.44603223201812,7.65548384817023,145.45419311523438
27,4,4,0.0099,305.7697136021195,7.970327164977789,17.486272147090688,7.65548384817023,145.45419311523438
27,4,5,0.0099,174.3471915895875,5.79021652135998,13.204059663209172,29.090838623046874,145.45419311523438
