epoch,startPos,prefixLength,learnRate,MSE,MAE,RMSE,meanLoss,totalLoss
210,2,mix,0.00840000000000001,305.07541657726676,7.532214670042906,17.466408233442465,8.64532030810107,959.6305541992188
210,2,2,0.00840000000000001,305.99343114448675,7.563347302909408,17.49266792529049,8.64532030810107,959.6305541992188
210,2,3,0.00840000000000001,478.7801867569032,10.931343434886498,21.881046290269193,22.316989632539972,959.6305541992188
210,2,4,0.00840000000000001,321.4212100490885,8.021666242182254,17.92822383977533,50.50687127364309,959.6305541992188
