epoch,startPos,prefixLength,learnRate,MSE,MAE,RMSE,meanLoss,totalLoss
25,1,mix,0.01,449.5054395842917,17.73349396906355,21.201543330245837,17.477981452655076,2324.571533203125
25,1,1,0.01,449.70660320134243,17.736882159376847,21.206286879162565,17.477981452655076,2324.571533203125
25,1,2,0.01,298.71591622088437,12.047757902315684,17.28340001911905,21.132468483664773,2324.571533203125
25,1,3,0.01,401.9429057570996,12.71290959790349,20.048513804197547,54.05980309774709,2324.571533203125
25,1,4,0.01,261.5770945683519,9.322659905254842,16.173345187942783,122.34587016858552,2324.571533203125
25,1,5,0.01,94.94881843561912,6.234204223379493,9.744168432227509,387.4285888671875,2324.571533203125
