epoch,startPos,prefixLength,learnRate,MSE,MAE,RMSE,meanLoss,totalLoss
190,2,mix,0.008600000000000009,762.5116695397867,23.241240496144574,27.613613844257813,23.46906573073308,3121.3857421875
190,2,2,0.008600000000000009,759.1443108404652,23.182742374784805,27.552573579258713,23.46906573073308,3121.3857421875
190,2,3,0.008600000000000009,841.7155476579467,24.466812294263107,29.012334405523916,62.42771484375,3121.3857421875
190,2,4,0.008600000000000009,1127.1559835757782,29.110777223110198,33.57314378451589,164.2834601151316,3121.3857421875
190,2,5,0.008600000000000009,2132.9494259360736,43.28479591012001,46.183865428697864,624.2771484375,3121.3857421875
