epoch,startPos,prefixLength,learnRate,MSE,MAE,RMSE,meanLoss,totalLoss
107,3,mix,0.009200000000000005,510.25417123975,11.427245492708277,22.58880632613751,10.555938720703125,453.9053649902344
107,3,3,0.009200000000000005,505.64284857543885,11.34801475906914,22.486503698339565,10.555938720703125,453.9053649902344
107,3,4,0.009200000000000005,305.801646365224,7.969300041347742,17.487185204178058,23.889756052117598,453.9053649902344
107,3,5,0.009200000000000005,174.3703875306918,5.789464968256652,13.204937997987413,90.78107299804688,453.9053649902344
