epoch,startPos,prefixLength,learnRate,MSE,MAE,RMSE,meanLoss,totalLoss
463,4,mix,0.006100000000000008,355.99510480730385,8.737973133474588,18.86783254132026,7.9635571931537825,151.30758666992188
463,4,4,0.006100000000000008,359.194903880219,8.837966976314783,18.952437940281428,7.9635571931537825,151.30758666992188
463,4,5,0.006100000000000008,168.25367771325932,6.000481512397528,12.971263535726168,30.261517333984376,151.30758666992188
