epoch,startPos,prefixLength,learnRate,MSE,MAE,RMSE,meanLoss,totalLoss
316,4,mix,0.00840000000000001,265.84618349465984,7.153617589920759,16.304790200878386,7.876544350071957,149.6543426513672
316,4,4,0.00840000000000001,265.84618498323437,7.153617617487908,16.304790246526768,7.876544350071957,149.6543426513672
316,4,5,0.00840000000000001,385.37879884486256,10.601885568350554,19.63106718558272,29.930868530273436,149.6543426513672
