epoch,startPos,prefixLength,learnRate,MSE,MAE,RMSE,meanLoss,totalLoss
51,4,mix,0.009700000000000002,668.7577158304548,20.383631587028503,25.860350265038075,19.189417788856908,364.59893798828125
51,4,4,0.009700000000000002,679.9415250659347,20.526916575431823,26.075688391026894,19.189417788856908,364.59893798828125
51,4,5,0.009700000000000002,804.0953202632213,25.569134891033173,28.356574550943584,60.76648966471354,364.59893798828125
