epoch,startPos,prefixLength,learnRate,MSE,MAE,RMSE,meanLoss,totalLoss
10,4,mix,0.01,668.1568919246521,21.14034707729633,25.848730953852495,21.2442236328125,1062.211181640625
10,4,4,0.01,629.3970445985161,21.34897079070409,25.087786761659867,55.905851665296055,1062.211181640625
10,4,5,0.01,925.0347109353124,27.33856189250946,30.414383290399172,212.442236328125,1062.211181640625
