epoch,startPos,prefixLength,learnRate,MSE,MAE,RMSE,meanLoss,totalLoss
49,4,mix,0.009700000000000002,292.20115691213596,7.724562449753284,17.093892386233627,7.942921688682155,150.91551208496094
49,4,4,0.009700000000000002,290.0876146874545,7.643079522997141,17.031958627458398,7.942921688682155,150.91551208496094
49,4,5,0.009700000000000002,130.66527372661452,3.2111314982175827,11.430891204390607,30.183102416992188,150.91551208496094
