epoch,startPos,prefixLength,learnRate,MSE,MAE,RMSE,meanLoss,totalLoss
415,3,mix,0.006500000000000009,477.63112882518254,10.794554058631713,21.854773593546618,10.42592106309048,448.3146057128906
415,3,3,0.006500000000000009,483.78617812711406,11.023245981471105,21.99513987514319,10.42592106309048,448.3146057128906
415,3,4,0.006500000000000009,294.81028663546005,7.2478067696094515,17.170040379552404,23.595505563836348,448.3146057128906
