epoch,startPos,prefixLength,learnRate,MSE,MAE,RMSE,meanLoss,totalLoss
131,3,mix,0.009100000000000006,736.705521947041,22.202137717833885,27.14231975987021,20.84103515625,1042.0517578125
131,3,3,0.009100000000000006,739.2111346211664,22.135155375187214,27.188437517098446,20.84103515625,1042.0517578125
131,3,4,0.009100000000000006,663.9794997926844,21.109022355079652,25.76779966921282,54.84482935855263,1042.0517578125
131,3,5,0.009100000000000006,738.4259860243765,24.154184699058533,27.173994664465077,173.67529296875,1042.0517578125
