epoch,startPos,prefixLength,learnRate,MSE,MAE,RMSE,meanLoss,totalLoss
435,3,mix,0.007800000000000013,456.4506014025273,10.643671924417669,21.364704570916192,10.398546085801236,447.1374816894531
435,3,3,0.007800000000000013,453.6253608739893,10.588275266303258,21.298482595574487,10.398546085801236,447.1374816894531
435,3,4,0.007800000000000013,260.9394670082025,6.98796011954546,16.153620863701192,23.533551667865954,447.1374816894531
435,3,5,0.007800000000000013,106.67466081956225,3.034294070675969,10.328342597898379,89.42749633789063,447.1374816894531
