epoch,startPos,prefixLength,learnRate,MSE,MAE,RMSE,meanLoss,totalLoss
19,2,mix,0.01,789.2411872429442,22.30177424599727,28.093436728939807,21.333669026692707,4096.064453125
19,2,2,0.01,1324.5003412478493,29.633668428117577,36.393685458439755,30.797477091165412,4096.064453125
19,2,3,0.01,1870.3585328149386,37.45951304527429,43.24764193357759,81.9212890625,4096.064453125
19,2,4,0.01,2091.709083610898,41.27252508401871,45.73520617217001,215.5823396381579,4096.064453125
