epoch,startPos,prefixLength,learnRate,MSE,MAE,RMSE,meanLoss,totalLoss
396,3,mix,0.0066000000000000095,458.08787981301253,10.553096717054194,21.402987637547533,10.786814844885537,463.8330383300781
396,3,3,0.0066000000000000095,471.962643352561,10.733501120385798,21.724701225852588,10.786814844885537,463.8330383300781
396,3,4,0.0066000000000000095,296.27165002117164,7.84909695982933,17.21254339199096,24.41226517526727,463.8330383300781
396,3,5,0.0066000000000000095,130.6364799312697,3.2141604963690042,11.4296316620996,92.76660766601563,463.8330383300781
