epoch,startPos,prefixLength,learnRate,MSE,MAE,RMSE,meanLoss,totalLoss
282,3,mix,0.007600000000000012,482.11497148125505,10.992761165242303,21.95711664771254,10.482030114462209,450.727294921875
282,3,3,0.007600000000000012,485.0007113629272,11.028507789088922,22.022731696202612,10.482030114462209,450.727294921875
282,3,4,0.007600000000000012,290.9311621732519,7.138996949046851,17.056704317459804,23.722489206414473,450.727294921875
