epoch,startPos,prefixLength,learnRate,MSE,MAE,RMSE,meanLoss,totalLoss
45,3,mix,0.009700000000000002,711.6810839176669,19.172930240631104,26.67735151617692,21.308993021647137,63.926979064941406
45,3,3,0.009700000000000002,564.4295202719459,16.870434045791626,23.757725486080226,21.308993021647137,63.926979064941406
45,3,4,0.009700000000000002,272.13203172336216,11.697574615478516,16.4964248164068,63.926979064941406,63.926979064941406
