epoch,startPos,prefixLength,learnRate,MSE,MAE,RMSE,meanLoss,totalLoss
90,4,mix,0.009400000000000004,697.8359340417578,20.059871812661488,26.416584450715007,19.422307064658717,369.0238342285156
90,4,4,0.009400000000000004,679.84641493344,19.557513415813446,26.073864595288516,19.422307064658717,369.0238342285156
90,4,5,0.009400000000000004,845.520617180403,22.15592634677887,29.077837216347486,73.80476684570313,369.0238342285156
