epoch,startPos,prefixLength,learnRate,MSE,MAE,RMSE,meanLoss,totalLoss
26,1,mix,0.01,682.1010404308324,21.295409239207704,26.117064161785727,21.692789713541668,4165.015625
26,1,1,0.01,682.7061876463341,21.322196966658037,26.128646877447252,21.692789713541668,4165.015625
26,1,2,0.01,1278.6867411870394,29.133777560556638,35.75872958016041,31.315906954887218,4165.015625
26,1,3,0.01,1963.121604088096,38.24940324975894,44.30712814083188,83.3003125,4165.015625
26,1,4,0.01,2617.0443257885554,45.99194757342339,51.15705548395603,219.21134868421052,4165.015625
26,1,5,0.01,2287.516539578829,41.682175785303116,47.82798908148689,694.1692708333334,4165.015625
