epoch,startPos,prefixLength,learnRate,MSE,MAE,RMSE,meanLoss,totalLoss
45,1,mix,0.009000000000000001,677.1472346223266,21.076550055916112,26.022052851808724,21.5821533203125,4143.7734375
45,1,1,0.009000000000000001,681.6035650892211,21.219172875707347,26.107538472426334,21.5821533203125,4143.7734375
45,1,2,0.009000000000000001,1402.8285690876205,30.476988830110606,37.45435313935645,31.156191259398497,4143.7734375
45,1,3,0.009000000000000001,2169.8129885723592,40.489731972034164,46.58125147065458,82.87546875,4143.7734375
45,1,4,0.009000000000000001,3009.8487439378246,49.76608556509018,54.86208840299305,218.09333881578948,4143.7734375
45,1,5,0.009000000000000001,2687.507535215041,46.24700777232647,51.8411760593357,690.62890625,4143.7734375
