epoch,startPos,prefixLength,learnRate,MSE,MAE,RMSE,meanLoss,totalLoss
172,1,mix,0.0005999999999999998,213.08619786270185,5.1174341610182665,14.597472310735919,4.583483244243421,609.603271484375
172,1,1,0.0005999999999999998,212.6505895166127,5.112699265880288,14.582544000160354,4.583483244243421,609.603271484375
172,1,2,0.0005999999999999998,80.98830939411121,2.3984484774719714,8.999350498458831,22.57789894386574,609.603271484375
172,1,3,0.0005999999999999998,38.29687859020168,1.5468857219914014,6.188447187316191,203.20109049479166,609.603271484375
172,1,4,0.0005999999999999998,3.3925253461117296e-10,1.3322575355800836e-05,1.841880926149063e-05,609.603271484375,609.603271484375
