epoch,startPos,prefixLength,learnRate,MSE,MAE,RMSE,meanLoss,totalLoss
115,2,mix,0.009500000000000003,354.5545425431243,8.466240997598678,18.829618757243182,8.417621234515765,934.35595703125
115,2,2,0.009500000000000003,357.2242375523891,8.510287910699844,18.90037665107204,8.417621234515765,934.35595703125
115,2,3,0.009500000000000003,516.9321716201749,11.665049222721295,22.736142408512816,21.729208303052324,934.35595703125
115,2,4,0.009500000000000003,264.18804790735334,7.218875996395946,16.25386255347797,49.17662931743421,934.35595703125
115,2,5,0.009500000000000003,373.5778835161292,10.314458828419447,19.32816296278902,186.87119140625,934.35595703125
