epoch,startPos,prefixLength,learnRate,MSE,MAE,RMSE,meanLoss,totalLoss
172,1,mix,0.0005999999999999998,177.8940759804495,4.651165799674947,13.33769380291996,4.8436411981997285,1002.6337280273438
172,1,1,0.0005999999999999998,177.80122732985097,4.644254693720148,13.334212662540333,4.8436411981997285,1002.6337280273438
172,1,2,0.0005999999999999998,116.80856666746313,2.893412640487775,10.80780119485287,15.19142012162642,1002.6337280273438
172,1,3,0.0005999999999999998,77.65214988768895,2.3554983004428394,8.81204572659998,83.55281066894531,1002.6337280273438
172,1,4,0.0005999999999999998,101.68726701467733,2.812525462242945,10.084010462840533,334.21124267578125,1002.6337280273438
