epoch,startPos,prefixLength,learnRate,MSE,MAE,RMSE,meanLoss,totalLoss
248,2,mix,0.008100000000000012,79.65986431969813,2.3490423879670743,8.925237493742008,2.4026901810257524,64.87263488769531
248,2,2,0.008100000000000012,83.62025731454098,2.5013660616191373,9.144411261231692,2.4026901810257524,64.87263488769531
248,2,3,0.008100000000000012,49.774182752626466,2.00125594135352,7.05508205144536,21.62421162923177,64.87263488769531
248,2,4,0.008100000000000012,3.0264362693228556e-06,0.001737980450343457,0.0017396655624926463,64.87263488769531,64.87263488769531
