epoch,startPos,prefixLength,learnRate,MSE,MAE,RMSE,meanLoss,totalLoss
450,4,mix,0.0062000000000000085,668.2621281902979,20.439010667800904,25.85076649134988,19.182329679790296,364.4642639160156
450,4,4,0.0062000000000000085,672.922733642378,20.464018392562867,25.940754299795874,19.182329679790296,364.4642639160156
450,4,5,0.0062000000000000085,791.0036404488519,25.375543355941772,28.124786940505913,60.7440439860026,364.4642639160156
