epoch,startPos,prefixLength,learnRate,MSE,MAE,RMSE,meanLoss,totalLoss
103,4,mix,0.009200000000000005,303.54161272793885,7.833821431919932,17.422445658630675,7.547828272769325,143.4087371826172
103,4,4,0.009200000000000005,304.2437325019217,7.880629415810108,17.44258388261102,7.547828272769325,143.4087371826172
103,4,5,0.009200000000000005,175.25609807834084,5.917748426087201,13.238432614110359,28.681747436523438,143.4087371826172
