epoch,startPos,prefixLength,learnRate,MSE,MAE,RMSE,meanLoss,totalLoss
360,3,mix,0.007100000000000011,659.0821440067664,21.310406373097347,25.67259519422932,21.023486328125,1051.17431640625
360,3,3,0.007100000000000011,661.8145434800518,21.22099582048563,25.725756421921822,21.023486328125,1051.17431640625
360,3,4,0.007100000000000011,587.5981240358096,19.71942617893219,24.240423346876796,55.32496402138158,1051.17431640625
