epoch,startPos,prefixLength,learnRate,MSE,MAE,RMSE,meanLoss,totalLoss
31,3,mix,0.0099,509.0650264297541,11.399706010114063,22.562469422245297,10.559355979742007,454.05230712890625
31,3,3,0.0099,502.60089707287966,11.262054798616605,22.418762166383754,10.559355979742007,454.05230712890625
31,3,4,0.0099,304.22973180788694,7.881096768379211,17.44218254141055,23.8974898488898,454.05230712890625
31,3,5,0.0099,174.24849184232906,5.79341733455658,13.200321656775227,90.81046142578126,454.05230712890625
