epoch,startPos,prefixLength,learnRate,MSE,MAE,RMSE,meanLoss,totalLoss
263,3,mix,0.007800000000000013,534.7721121355931,12.133577764542265,23.125140261965832,10.295020524845567,442.6858825683594
263,3,3,0.007800000000000013,544.6618011101167,12.301192514090376,23.337990511398292,10.295020524845567,442.6858825683594
263,3,4,0.007800000000000013,334.7293766164277,8.113194685056806,18.29561085660787,23.299256977282074,442.6858825683594
