epoch,startPos,prefixLength,learnRate,MSE,MAE,RMSE,meanLoss,totalLoss
34,3,mix,0.0099,356.59815430244805,10.420944537913714,18.883806668742615,9.663785683988321,956.7147827148438
34,3,3,0.0099,340.9594603726014,10.158186066609163,18.465087608040246,9.663785683988321,956.7147827148438
34,3,4,0.0099,312.2905143659978,9.64218918092194,17.671743387849368,12.424867307984984,956.7147827148438
