epoch,startPos,prefixLength,learnRate,MSE,MAE,RMSE,meanLoss,totalLoss
121,4,mix,0.009100000000000006,359.0245528856234,8.842452178150415,18.947943236288825,7.747140181692023,147.19566345214844
121,4,4,0.009100000000000006,359.02607875716745,8.84247562289238,18.947983501079143,7.747140181692023,147.19566345214844
121,4,5,0.009100000000000006,187.02720519742533,6.8637432381510735,13.67578901553491,29.439132690429688,147.19566345214844
