epoch,startPos,prefixLength,learnRate,MSE,MAE,RMSE,meanLoss,totalLoss
491,2,mix,0.005900000000000008,330.1363124871946,8.140002418442496,18.169653614948047,8.476981423117898,932.4679565429688
491,2,2,0.005900000000000008,329.0425676439268,8.13777041089322,18.139530524352796,8.476981423117898,932.4679565429688
491,2,3,0.005900000000000008,495.8265766924284,11.455037734386595,22.267163642736996,21.685301314952763,932.4679565429688
491,2,4,0.005900000000000008,356.02108488651885,8.737995018810034,18.86852100421543,49.077260870682565,932.4679565429688
491,2,5,0.005900000000000008,172.05293467296875,6.1723780278116465,13.116895008841412,186.49359130859375,932.4679565429688
