epoch,startPos,prefixLength,learnRate,MSE,MAE,RMSE,meanLoss,totalLoss
130,3,mix,0.009000000000000006,486.2565354955952,11.035102949562399,22.05122526064244,10.476722185001817,450.4990539550781
130,3,3,0.009000000000000006,480.5133924422713,10.897318979047917,21.920615694872062,10.476722185001817,450.4990539550781
130,3,4,0.009000000000000006,302.482291614139,7.467558134719729,17.39201804317541,23.71047652395148,450.4990539550781
