epoch,startPos,prefixLength,learnRate,MSE,MAE,RMSE,meanLoss,totalLoss
19,2,mix,0.01,441.00561831943133,17.797342257793336,21.00013376908422,17.520942860079888,2330.285400390625
19,2,2,0.01,289.37280666456684,11.984007495282977,17.01096136802876,20.993562165681308,2330.285400390625
19,2,3,0.01,410.316983239273,13.016189642927863,20.25628256218976,54.19268373001454,2330.285400390625
19,2,4,0.01,253.56767109568992,9.012107262015343,15.923808310064835,122.6466000205592,2330.285400390625
19,2,5,0.01,67.25484792989334,4.5254502687603235,8.200905311603917,388.3809000651042,2330.285400390625
