epoch,startPos,prefixLength,learnRate,MSE,MAE,RMSE,meanLoss,totalLoss
185,3,mix,0.008600000000000009,77.63998516509463,2.3574727825298396,8.811355466958227,2.37375815709432,28.485097885131836
185,3,3,0.008600000000000009,77.63997407559432,2.357473407026191,8.81135483768497,2.37375815709432,28.485097885131836
185,3,4,0.008600000000000009,132.9480567941058,3.9702812454634113,11.530310351161663,9.49503262837728,28.485097885131836
