epoch,startPos,prefixLength,learnRate,MSE,MAE,RMSE,meanLoss,totalLoss
172,2,mix,0.009200000000000005,353.83473580150485,8.428881097033068,18.810495363001603,8.41808202245214,934.4071044921875
172,2,2,0.009200000000000005,354.6753177259431,8.467075550031883,18.83282553750082,8.41808202245214,934.4071044921875
172,2,3,0.009200000000000005,512.533895645463,11.571014561436392,22.639211462536917,21.730397778888083,934.4071044921875
172,2,4,0.009200000000000005,265.84462132476887,7.1558456242084505,16.304742295564466,49.1793212890625,934.4071044921875
172,2,5,0.009200000000000005,419.59131674754207,11.507329193875194,20.483928254793856,186.8814208984375,934.4071044921875
