epoch,startPos,prefixLength,learnRate,MSE,MAE,RMSE,meanLoss,totalLoss
393,4,mix,0.008000000000000012,260.907835467025,6.9889266796410086,16.152641748860308,7.892246447111431,149.9526824951172
393,4,4,0.008000000000000012,260.907835467025,6.9889266796410086,16.152641748860308,7.892246447111431,149.9526824951172
393,4,5,0.008000000000000012,106.64067505488057,3.033136948943138,10.326697199728507,29.990536499023438,149.9526824951172
