epoch,startPos,prefixLength,learnRate,MSE,MAE,RMSE,meanLoss,totalLoss
468,4,mix,0.006000000000000008,563.2043089099892,18.482993626594542,23.7319259418613,19.750301963404606,375.2557373046875
468,4,4,0.006000000000000008,563.411473781478,18.4512900352478,23.736290227865812,19.750301963404606,375.2557373046875
468,4,5,0.006000000000000008,720.7698729279214,23.25612908601761,26.84715763219491,75.0511474609375,375.2557373046875
