epoch,startPos,prefixLength,learnRate,MSE,MAE,RMSE,meanLoss,totalLoss
281,3,mix,0.007700000000000012,663.8427621913041,21.269182150180523,25.765146267609353,21.448544921875,1072.42724609375
281,3,3,0.007700000000000012,664.4793938845038,21.28861230153304,25.77749782047326,21.448544921875,1072.42724609375
281,3,4,0.007700000000000012,665.0123092888822,22.320825219154358,25.787832582225327,56.4435392680921,1072.42724609375
281,3,5,0.007700000000000012,975.3338906251383,28.136649250984192,31.230336063275693,214.48544921875,1072.42724609375
