epoch,startPos,prefixLength,learnRate,MSE,MAE,RMSE,meanLoss,totalLoss
60,2,mix,0.009700000000000002,792.1794550184253,23.75405032616673,28.145682706561328,23.16020397673872,3080.30712890625
60,2,2,0.009700000000000002,791.7074614137061,23.729228828892563,28.137296625896848,23.16020397673872,3080.30712890625
60,2,3,0.009700000000000002,792.7988665659849,24.055989063703098,28.156684225348425,61.606142578125,3080.30712890625
60,2,4,0.009700000000000002,861.0109683531488,25.904707312583923,29.34298840188485,162.12142783717104,3080.30712890625
