epoch,startPos,prefixLength,learnRate,MSE,MAE,RMSE,meanLoss,totalLoss
449,3,mix,0.006400000000000009,514.9048978565093,11.51355078964579,22.691515988503483,10.46727663971657,450.0928955078125
449,3,3,0.006400000000000009,503.822935790265,11.295244288546117,22.446000440841683,10.46727663971657,450.0928955078125
449,3,4,0.006400000000000009,303.7090371561257,7.828136549331248,17.42724984488734,23.68909976356908,450.0928955078125
449,3,5,0.006400000000000009,174.8825591965616,5.851570287719369,13.224316965218339,90.0185791015625,450.0928955078125
