epoch,startPos,prefixLength,learnRate,MSE,MAE,RMSE,meanLoss,totalLoss
63,1,mix,0.007,707.1257304437971,21.69238632824272,26.59183578551502,21.51074981689453,4130.06396484375
63,1,1,0.007,707.4928055239003,21.70328972240289,26.598736915949605,21.51074981689453,4130.06396484375
63,1,2,0.007,1293.8513001849751,29.288528446765508,35.97014456719593,31.053112517622182,4130.06396484375
63,1,3,0.007,2005.3262713150673,39.33698138823876,44.78086947922145,82.601279296875,4130.06396484375
63,1,4,0.007,2677.7697683196984,47.62938220500946,51.747171597293104,217.37178762335526,4130.06396484375
63,1,5,0.007,4181.898261997042,61.29228422045708,64.66759823897159,826.01279296875,4130.06396484375
