epoch,startPos,prefixLength,learnRate,MSE,MAE,RMSE,meanLoss,totalLoss
55,3,mix,0.009800000000000001,471.2653405217703,10.873067806051536,21.708646676422976,10.755526520485102,462.4876403808594
55,3,3,0.009800000000000001,475.19695368084524,10.939684608443217,21.799012676743992,10.755526520485102,462.4876403808594
55,3,4,0.009800000000000001,267.4635896059841,6.7734958425164224,16.354314097692516,24.341454756887334,462.4876403808594
55,3,5,0.009800000000000001,117.21214882410766,4.635311555117369,10.826455967864446,77.08127339680989,462.4876403808594
