epoch,startPos,prefixLength,learnRate,MSE,MAE,RMSE,meanLoss,totalLoss
457,2,mix,0.0062000000000000085,116.57260380926238,2.8711514545228805,10.796879355131388,2.3308967821525806,153.8391876220703
457,2,2,0.0062000000000000085,116.469664293938,2.8637972149793796,10.792111206522012,2.3308967821525806,153.8391876220703
457,2,3,0.0062000000000000085,77.64793789388753,2.3561843696666074,8.811806732667684,12.819932301839193,153.8391876220703
457,2,4,0.0062000000000000085,184.63175744388002,4.703617921430123,13.587926900152208,51.27972920735677,153.8391876220703
