epoch,startPos,prefixLength,learnRate,MSE,MAE,RMSE,meanLoss,totalLoss
153,1,mix,0.0006999999999999999,326.9706635687911,9.764304069174063,18.08233014765495,9.542868809393275,1631.83056640625
153,1,1,0.0006999999999999999,325.5708510375736,9.731978838007118,18.043581990213962,9.542868809393275,1631.83056640625
153,1,2,0.0006999999999999999,328.3670632885494,9.808233283770582,18.120901282456934,11.57326642841312,1631.83056640625
153,1,3,0.0006999999999999999,354.3806671106773,10.355283002798947,18.825001118477452,16.483137034406564,1631.83056640625
153,1,4,0.0006999999999999999,314.9984747441691,9.653495420879196,17.748196380031665,21.192604758522727,1631.83056640625
