epoch,startPos,prefixLength,learnRate,MSE,MAE,RMSE,meanLoss,totalLoss
169,3,mix,0.009200000000000005,457.7703334640304,10.697661179710519,21.39556807995596,10.41162109375,447.69970703125
169,3,3,0.009200000000000005,455.12240578348917,10.635160370306535,21.333598050574807,10.41162109375,447.69970703125
169,3,4,0.009200000000000005,260.96953535425797,6.989454789832235,16.154551536773095,23.56314247532895,447.69970703125
169,3,5,0.009200000000000005,106.68680461717926,3.0362832695245743,10.328930468213022,89.53994140625,447.69970703125
