epoch,startPos,prefixLength,learnRate,MSE,MAE,RMSE,meanLoss,totalLoss
63,1,mix,0.008,427.26678072155863,12.882994480660846,20.670432523814267,12.662218237704918,3861.9765625
63,1,1,0.008,1102.2369167041886,28.64559656513088,33.199953564789645,29.037417763157894,3861.9765625
63,1,2,0.008,402.4812222258357,9.82660317168172,20.061934658099048,34.79258164414414,3861.9765625
63,1,3,0.008,472.5578421860537,10.975608337755231,21.738395575250113,89.81340843023256,3861.9765625
63,1,4,0.008,378.28727624735495,9.553599560353906,19.449608639953528,203.26192434210526,3861.9765625
63,1,5,0.008,337.80226877252215,10.623339410871267,18.37939794369016,643.6627604166666,3861.9765625
