epoch,startPos,prefixLength,learnRate,MSE,MAE,RMSE,meanLoss,totalLoss
36,3,mix,0.0099,463.97522576185946,10.852594382214276,21.540084163295635,10.426308565361555,448.3312683105469
36,3,3,0.0099,457.9066916496602,10.726202260533517,21.398754441547766,10.426308565361555,448.3312683105469
36,3,4,0.0099,260.8885760775469,6.989700639247895,16.152045569448685,23.59638254266036,448.3312683105469
36,3,5,0.0099,106.63230432867616,3.03415684774518,10.32629189635254,89.66625366210937,448.3312683105469
