epoch,startPos,prefixLength,learnRate,MSE,MAE,RMSE,meanLoss,totalLoss
186,3,mix,0.008600000000000009,685.8734139573353,21.157997919962956,26.189185057144012,21.5017578125,1075.087890625
186,3,3,0.008600000000000009,675.7176866120482,21.097376740895786,25.994570329437032,21.5017578125,1075.087890625
186,3,4,0.008600000000000009,644.9165342662842,21.087341642379762,25.3952069152091,56.58357319078947,1075.087890625
186,3,5,0.008600000000000009,1272.5834829993184,32.835368156433105,35.6732880878581,215.017578125,1075.087890625
