epoch,startPos,prefixLength,learnRate,MSE,MAE,RMSE,meanLoss,totalLoss
227,3,mix,0.008200000000000011,672.646545349866,21.54855415912775,25.935430309710807,21.03115478515625,1051.5577392578125
227,3,3,0.008200000000000011,668.6474299459786,21.40963180707051,25.85821784164521,21.03115478515625,1051.5577392578125
227,3,4,0.008200000000000011,576.9553356053951,19.426572227478026,24.019894579398034,55.345144171463815,1051.5577392578125
