epoch,startPos,prefixLength,learnRate,MSE,MAE,RMSE,meanLoss,totalLoss
210,2,mix,0.00840000000000001,333.9892233857825,9.842881556367502,18.275372045071546,9.27794457834663,1308.190185546875
210,2,2,0.00840000000000001,332.6005052171319,9.824244218464527,18.237338216338806,9.27794457834663,1308.190185546875
210,2,3,0.00840000000000001,348.15662600455295,10.228717296420095,18.658955651497564,13.214042278251263,1308.190185546875
210,2,4,0.00840000000000001,311.6430195556803,9.512743399944156,17.65341382157231,16.989482929180195,1308.190185546875
