epoch,startPos,prefixLength,learnRate,MSE,MAE,RMSE,meanLoss,totalLoss
430,3,mix,0.006500000000000009,505.77853870949497,11.35591100063175,22.489520642056714,10.590116988780887,455.3750305175781
430,3,3,0.006500000000000009,503.9288530267739,11.301660301841117,22.448359695683198,10.590116988780887,455.3750305175781
430,3,4,0.006500000000000009,304.48267073894954,7.879453980922699,17.449431817080736,23.967106869346217,455.3750305175781
430,3,5,0.006500000000000009,176.436628580222,6.043516617268324,13.282945026620489,91.07500610351562,455.3750305175781
