epoch,startPos,prefixLength,learnRate,MSE,MAE,RMSE,meanLoss,totalLoss
89,4,mix,0.009400000000000004,664.0164146647487,20.309649229049683,25.768515957748686,19.205868369654606,364.9114990234375
89,4,4,0.009400000000000004,683.043566446286,20.65339708328247,26.135102189321664,19.205868369654606,364.9114990234375
89,4,5,0.009400000000000004,805.4772911632767,25.644122540950775,28.380931823378823,60.818583170572914,364.9114990234375
