epoch,startPos,prefixLength,learnRate,MSE,MAE,RMSE,meanLoss,totalLoss
31,4,mix,0.009800000000000001,558.8464105606532,18.45762140750885,23.639932541372726,20.174576608758223,383.31695556640625
31,4,4,0.009800000000000001,562.0940485472114,18.391216135025026,23.708522698540527,20.174576608758223,383.31695556640625
31,4,5,0.009800000000000001,799.5681903499612,24.99701315164566,28.276636828837358,76.66339111328125,383.31695556640625
