epoch,startPos,prefixLength,learnRate,MSE,MAE,RMSE,meanLoss,totalLoss
440,2,mix,0.006400000000000009,796.6000831906262,23.666155956911318,28.22410464816601,23.104044290413533,3072.837890625
440,2,2,0.006400000000000009,796.0951243377871,23.654760746341765,28.215157705350276,23.104044290413533,3072.837890625
440,2,3,0.006400000000000009,695.6842879959555,22.19367542175146,26.37582772153237,61.4567578125,3072.837890625
440,2,4,0.006400000000000009,624.6154514212085,21.16267533302307,24.99230784503921,161.72831003289474,3072.837890625
