epoch,startPos,prefixLength,learnRate,MSE,MAE,RMSE,meanLoss,totalLoss
344,2,mix,0.007500000000000012,764.2244143227356,23.118492444648464,27.64460913673289,23.24976136630639,3092.21826171875
344,2,2,0.007500000000000012,766.3974452465875,23.15747383324539,27.683884215308147,23.24976136630639,3092.21826171875
344,2,3,0.007500000000000012,774.5518506038181,23.532333399240787,27.83077164944979,61.844365234375,3092.21826171875
344,2,4,0.007500000000000012,888.8413379836929,24.94312053322792,29.813442236408946,162.74832956414474,3092.21826171875
344,2,5,0.007500000000000012,956.8299582282851,23.398112267255783,30.932668139497522,515.3697102864584,3092.21826171875
