epoch,startPos,prefixLength,learnRate,MSE,MAE,RMSE,meanLoss,totalLoss
434,3,mix,0.006300000000000009,476.37348957924166,10.78867273608392,21.82598198430581,10.439563839934593,448.9012451171875
434,3,3,0.006300000000000009,478.83501125714105,10.866793112321334,21.882299039569425,10.439563839934593,448.9012451171875
434,3,4,0.006300000000000009,306.2757107589051,7.5752071928232905,17.500734577694306,23.626381321957236,448.9012451171875
