epoch,startPos,prefixLength,learnRate,MSE,MAE,RMSE,meanLoss,totalLoss
400,2,mix,0.00670000000000001,330.534923232488,9.791779452055279,18.180619440285525,9.272155328845301,1307.3739013671875
400,2,2,0.00670000000000001,330.4734615986367,9.748852996013333,18.17892905532767,9.272155328845301,1307.3739013671875
400,2,3,0.00670000000000001,347.20409614751003,10.205099882146056,18.63341343252787,13.205796983506945,1307.3739013671875
400,2,4,0.00670000000000001,315.77602215362816,9.622316885806088,17.770087848787586,16.9788818359375,1307.3739013671875
