epoch,startPos,prefixLength,learnRate,MSE,MAE,RMSE,meanLoss,totalLoss
77,2,mix,0.009600000000000003,116.5694522805733,2.871582985320963,10.796733407868016,2.345767628062855,154.82066345214844
77,2,2,0.009600000000000003,116.8331477308597,2.9055704583095254,10.80893832579591,2.345767628062855,154.82066345214844
77,2,3,0.009600000000000003,77.6453156170936,2.356591404631672,8.811657938043986,12.901721954345703,154.82066345214844
77,2,4,0.009600000000000003,102.02254129478474,2.9383155580035236,10.100620837096338,51.60688781738281,154.82066345214844
