epoch,startPos,prefixLength,learnRate,MSE,MAE,RMSE,meanLoss,totalLoss
153,1,mix,0.0006999999999999999,426.39166421391184,17.302224999677172,20.649253357298704,17.56344696969697,2318.375
153,1,1,0.0006999999999999999,425.89188964561663,17.284831187687814,20.63714829247531,17.56344696969697,2318.375
153,1,2,0.0006999999999999999,249.67110724194714,11.149474689736962,15.800984375726316,20.88626126126126,2318.375
153,1,3,0.0006999999999999999,403.4436973345137,12.764282110062512,20.085907929055974,53.9156976744186,2318.375
153,1,4,0.0006999999999999999,258.247676801805,9.17989133708179,16.07008639683698,122.01973684210526,2318.375
