epoch,startPos,prefixLength,learnRate,MSE,MAE,RMSE,meanLoss,totalLoss
401,2,mix,0.008000000000000012,369.90332040979945,8.903606684080192,19.23287083120457,8.281618430397728,910.97802734375
401,2,2,0.008000000000000012,371.6216503333299,8.928751979688448,19.27749076859667,8.281618430397728,910.97802734375
401,2,3,0.008000000000000012,458.5245819614601,11.04021085629409,21.4131871042463,21.185535519622093,910.97802734375
401,2,4,0.008000000000000012,274.0585676893387,6.9789249986410145,16.55471436447451,47.94621196546053,910.97802734375
401,2,5,0.008000000000000012,113.35780574626135,4.537263061851263,10.64696227786411,151.82967122395834,910.97802734375
