epoch,startPos,prefixLength,learnRate,MSE,MAE,RMSE,meanLoss,totalLoss
453,3,mix,0.007700000000000012,518.1093873585987,11.672996783798391,22.762016328932695,10.488779467205669,451.01751708984375
453,3,3,0.007700000000000012,515.5536319722418,11.587826182557778,22.705806129099265,10.488779467205669,451.01751708984375
453,3,4,0.007700000000000012,265.81896612298567,7.157810224592685,16.303955536095703,23.7377640573602,451.01751708984375
453,3,5,0.007700000000000012,430.42924882218597,11.790155254304409,20.746788879780553,90.20350341796875,451.01751708984375
