epoch,startPos,prefixLength,learnRate,MSE,MAE,RMSE,meanLoss,totalLoss
206,3,mix,0.00830000000000001,544.295118935172,12.375578196041964,23.330133281556108,10.302060149436773,442.98858642578125
206,3,3,0.00830000000000001,539.5757308188532,12.21578757515685,23.22876946415486,10.302060149436773,442.98858642578125
206,3,4,0.00830000000000001,312.0362966476031,7.658822558447719,17.664549149287765,23.315188759251644,442.98858642578125
