epoch,startPos,prefixLength,learnRate,MSE,MAE,RMSE,meanLoss,totalLoss
187,3,mix,0.00850000000000001,482.57179058846833,10.951619771901857,21.96751671419572,10.44320252884266,449.0577087402344
187,3,3,0.00850000000000001,481.7506292772569,10.903319473463027,21.948818402758196,10.44320252884266,449.0577087402344
187,3,4,0.00850000000000001,298.65100010632443,7.358003430068493,17.28152192679581,23.63461624948602,449.0577087402344
