epoch,startPos,prefixLength,learnRate,MSE,MAE,RMSE,meanLoss,totalLoss
116,2,mix,0.009500000000000003,341.6774285758375,8.273950596243656,18.484518618991338,8.453083003332855,921.3860473632812
116,2,2,0.009500000000000003,341.9383774428673,8.276170262681513,18.491575850718274,8.453083003332855,921.3860473632812
116,2,3,0.009500000000000003,459.9261168535217,10.952015231617473,21.445888110626747,21.427582496820495,921.3860473632812
116,2,4,0.009500000000000003,256.20247625828137,7.171757768839598,16.0063261324478,48.49400249280428,921.3860473632812
116,2,5,0.009500000000000003,105.65351679586851,3.156091211363673,10.278789656173947,184.27720947265624,921.3860473632812
