epoch,startPos,prefixLength,learnRate,MSE,MAE,RMSE,meanLoss,totalLoss
360,3,mix,0.007100000000000011,595.9539737733608,19.69715255498886,24.412168559416443,21.1814599609375,1059.072998046875
360,3,3,0.007100000000000011,600.7061094101416,19.73455269061602,24.509306587705446,21.1814599609375,1059.072998046875
360,3,4,0.007100000000000011,555.429027725679,18.83275899887085,23.56754182611498,55.74068410773026,1059.072998046875
