epoch,startPos,prefixLength,learnRate,MSE,MAE,RMSE,meanLoss,totalLoss
385,2,mix,0.0070000000000000106,752.35665084544,23.031831646666806,27.429120489826865,23.512508076832706,3127.16357421875
385,2,2,0.0070000000000000106,748.0361687774663,22.94860529899597,27.350249885100983,23.512508076832706,3127.16357421875
385,2,3,0.0070000000000000106,834.3417377489059,24.510207653045654,28.88497425563862,62.543271484375,3127.16357421875
385,2,4,0.0070000000000000106,1177.6838448785127,30.33713851372401,34.317398573879586,164.58755653782896,3127.16357421875
385,2,5,0.0070000000000000106,1822.959338653347,38.138687312603,42.69612791171287,625.43271484375,3127.16357421875
