epoch,startPos,prefixLength,learnRate,MSE,MAE,RMSE,meanLoss,totalLoss
84,5,mix,0.009400000000000004,653.4164051936987,21.539990067481995,25.562010977106215,20.979396057128906,104.89698028564453
84,5,5,0.009400000000000004,651.4878338207814,21.49764758348465,25.524259711513306,20.979396057128906,104.89698028564453
