epoch,startPos,prefixLength,learnRate,MSE,MAE,RMSE,meanLoss,totalLoss
470,3,mix,0.006100000000000008,77.64870250234327,2.3560479160998966,8.811850118013997,2.372627099355062,28.471525192260742
470,3,3,0.006100000000000008,77.64870177799166,2.35604858256238,8.811850076913,2.372627099355062,28.471525192260742
470,3,4,0.006100000000000008,101.90182236264847,2.875436756085037,10.094643250885515,9.490508397420248,28.471525192260742
