epoch,startPos,prefixLength,learnRate,MSE,MAE,RMSE,meanLoss,totalLoss
267,2,mix,0.007900000000000013,116.14750232138154,2.8357897921896704,10.777175062203524,2.3309266061493843,153.84115600585938
267,2,2,0.007900000000000013,116.36164618913092,2.853251571708691,10.787105551960217,2.3309266061493843,153.84115600585938
267,2,3,0.007900000000000013,77.65050397830441,2.3557627052905445,8.81195233636136,12.820096333821615,153.84115600585938
267,2,4,0.007900000000000013,183.02776666284166,4.437713488686313,13.528775504931762,51.28038533528646,153.84115600585938
