epoch,startPos,prefixLength,learnRate,MSE,MAE,RMSE,meanLoss,totalLoss
315,4,mix,0.007400000000000012,296.6025051312027,7.916398806869983,17.222151582517288,8.2308205052426,156.38558959960938
315,4,4,0.007400000000000012,298.8889933521879,8.030633002519608,17.288406327715343,8.2308205052426,156.38558959960938
315,4,5,0.007400000000000012,130.6268364809871,3.215287057682872,11.429209792500403,31.277117919921874,156.38558959960938
