epoch,startPos,prefixLength,learnRate,MSE,MAE,RMSE,meanLoss,totalLoss
39,1,mix,0.009000000000000001,416.64745328323824,17.24573427630645,20.41194388791127,17.62451722568139,2344.060791015625
39,1,1,0.009000000000000001,413.2733059654116,17.183749977160584,20.32912457449685,17.62451722568139,2344.060791015625
39,1,2,0.009000000000000001,291.1925750185953,11.949312059829632,17.06436564946366,21.11766478392455,2344.060791015625
39,1,3,0.009000000000000001,429.8620009229748,13.27435194294561,20.733113633098498,54.513041651526166,2344.060791015625
39,1,4,0.009000000000000001,230.46839018963834,8.92379126250744,15.18118540133274,123.37162057976974,2344.060791015625
39,1,5,0.009000000000000001,336.9522757507245,11.475551472976804,18.356259851906774,468.812158203125,2344.060791015625
