epoch,startPos,prefixLength,learnRate,MSE,MAE,RMSE,meanLoss,totalLoss
471,3,mix,0.006100000000000008,350.47904024905813,10.341047559363338,18.721085445268876,9.64672543304135,955.0258178710938
471,3,3,0.006100000000000008,349.5530300678111,10.28570732427761,18.696337343656673,9.64672543304135,955.0258178710938
471,3,4,0.006100000000000008,305.2832776338824,9.47039258429071,17.472357529362842,12.402932699624595,955.0258178710938
