epoch,startPos,prefixLength,learnRate,MSE,MAE,RMSE,meanLoss,totalLoss
388,5,mix,0.00670000000000001,653.0027282913093,21.540102660655975,25.553918061450172,20.932313537597658,104.66156768798828
388,5,5,0.00670000000000001,651.4346431726549,21.505317986011505,25.523217727642706,20.932313537597658,104.66156768798828
