epoch,startPos,prefixLength,learnRate,MSE,MAE,RMSE,meanLoss,totalLoss
87,2,mix,0.009600000000000003,659.4331321324187,20.488137100424087,25.679430136442253,19.354152134486608,541.916259765625
87,2,2,0.009600000000000003,659.7307677033923,20.513041291918075,25.685224696377336,19.354152134486608,541.916259765625
87,2,3,0.009600000000000003,575.153720069113,18.975898444652557,23.982362687381595,180.63875325520834,541.916259765625
87,2,4,0.009600000000000003,493.67773740534267,21.509575486183167,22.2188599483714,541.916259765625,541.916259765625
