epoch,startPos,prefixLength,learnRate,MSE,MAE,RMSE,meanLoss,totalLoss
362,2,mix,0.007100000000000011,309.57008213235866,7.659070544077882,17.59460377878282,8.639205245284346,958.9517822265625
362,2,2,0.007100000000000011,306.7882751831194,7.57197243061715,17.515372539090325,8.639205245284346,958.9517822265625
362,2,3,0.007100000000000011,480.14446513857735,10.90295585346493,21.912199002806116,22.301204237827037,958.9517822265625
362,2,4,0.007100000000000011,287.02555238383684,7.034065122157335,16.941828484075643,50.47114643297697,958.9517822265625
