epoch,startPos,prefixLength,learnRate,MSE,MAE,RMSE,meanLoss,totalLoss
120,1,mix,0.002,708.3732245478856,21.699926417010527,26.615281785994405,21.51293182373047,4130.48291015625
120,1,1,0.002,707.2582424856205,21.676287428475916,26.59432726138453,21.51293182373047,4130.48291015625
120,1,2,0.002,1300.9617221668943,29.345784799141043,36.0688469758446,31.056262482377818,4130.48291015625
120,1,3,0.002,2017.7012617931573,39.4522325534087,44.91882970195414,82.609658203125,4130.48291015625
120,1,4,0.002,2694.85967149658,47.68229781985283,51.912037828393714,217.39383737664474,4130.48291015625
120,1,5,0.002,4235.006879654137,61.6765014231205,65.076930471974,826.09658203125,4130.48291015625
