epoch,startPos,prefixLength,learnRate,MSE,MAE,RMSE,meanLoss,totalLoss
225,3,mix,0.008100000000000012,459.44600657599545,10.477474390105767,21.434691660390065,10.815988939861919,465.0875244140625
225,3,3,0.008100000000000012,472.52665043606,10.710396827283232,21.73767812890926,10.815988939861919,465.0875244140625
225,3,4,0.008100000000000012,294.17372882948746,7.767415752261877,17.15149348685086,24.47829075863487,465.0875244140625
225,3,5,0.008100000000000012,130.64232630079303,3.2134767826646566,11.429887414178367,93.0175048828125,465.0875244140625
