epoch,startPos,prefixLength,learnRate,MSE,MAE,RMSE,meanLoss,totalLoss
82,1,mix,0.005,703.140488559049,21.335901788125437,26.51679634795744,21.661211649576824,4158.95263671875
82,1,1,0.005,704.0820185276581,21.353604188809793,26.53454387261364,21.661211649576824,4158.95263671875
82,1,2,0.005,1312.1127955713666,29.549897744375116,36.223097542470974,31.270320576832706,4158.95263671875
82,1,3,0.005,1985.343058213971,38.88219696741838,44.55718862556267,83.179052734375,4158.95263671875
82,1,4,0.005,2712.5169646968848,47.65916402141253,52.0818295060464,218.89224403782896,4158.95263671875
82,1,5,0.005,3185.501113986826,51.52239227294922,56.440243744927486,831.79052734375,4158.95263671875
