epoch,startPos,prefixLength,learnRate,MSE,MAE,RMSE,meanLoss,totalLoss
407,4,mix,0.0066000000000000095,304.31926208275365,7.8778863657265905,17.444748839772778,7.511110807719984,142.7111053466797
407,4,4,0.0066000000000000095,303.61883559554985,7.831390257366001,17.424661706774966,7.511110807719984,142.7111053466797
407,4,5,0.0066000000000000095,174.81492456706698,5.853837249800563,13.221759511013161,28.542221069335938,142.7111053466797
