epoch,startPos,prefixLength,learnRate,MSE,MAE,RMSE,meanLoss,totalLoss
420,2,mix,0.007900000000000013,342.97046894165317,8.2925507823198,18.519461896654914,8.447409533579416,920.7676391601562
420,2,2,0.007900000000000013,345.95507003708957,8.365799962703523,18.59986747364318,8.447409533579416,920.7676391601562
420,2,3,0.007900000000000013,459.9179800328233,10.65984273295511,21.445698403941602,21.41320091070131,920.7676391601562
420,2,4,0.007900000000000013,260.9163413739569,6.988583781197667,16.152905044417146,48.461454692639805,920.7676391601562
420,2,5,0.007900000000000013,106.64521324477143,3.032584523782134,10.326916928336908,184.15352783203124,920.7676391601562
