epoch,startPos,prefixLength,learnRate,MSE,MAE,RMSE,meanLoss,totalLoss
453,3,mix,0.006100000000000008,485.02418511044385,11.02927251177078,22.023264633347253,10.472434110419695,450.3146667480469
453,3,3,0.006100000000000008,479.6916085549565,10.915636959231712,21.90186312976493,10.472434110419695,450.3146667480469
453,3,4,0.006100000000000008,298.64159233647354,7.357392717152834,17.281249733062523,23.70077193410773,450.3146667480469
