epoch,startPos,prefixLength,learnRate,MSE,MAE,RMSE,meanLoss,totalLoss
489,4,mix,0.005900000000000008,681.5705051131016,19.775464395682018,26.106905314745784,19.369932475842926,368.0287170410156
489,4,4,0.005900000000000008,677.2105534953254,19.63012550274531,26.023269462066548,19.369932475842926,368.0287170410156
489,4,5,0.005900000000000008,796.2541892316563,21.017156422138214,28.217976348981093,73.60574340820312,368.0287170410156
