epoch,startPos,prefixLength,learnRate,MSE,MAE,RMSE,meanLoss,totalLoss
125,2,mix,0.009200000000000005,661.7421722053359,20.422334245273046,25.724349791692227,19.36509050641741,542.2225341796875
125,2,2,0.009200000000000005,654.8344341035674,20.319256288664683,25.58973298226395,19.36509050641741,542.2225341796875
125,2,3,0.009200000000000005,591.2534671011845,18.31839346885681,24.315704125136588,180.7408447265625,542.2225341796875
125,2,4,0.009200000000000005,253.53780359810412,14.551908433437347,15.922870457241814,542.2225341796875,542.2225341796875
