epoch,startPos,prefixLength,learnRate,MSE,MAE,RMSE,meanLoss,totalLoss
126,4,mix,0.009400000000000004,265.89267210020716,7.156316268444061,16.306215750449493,7.840323197214227,148.9661407470703
126,4,4,0.009400000000000004,265.9094510855897,7.15662752315402,16.306730238940904,7.840323197214227,148.9661407470703
126,4,5,0.009400000000000004,374.1888059130378,10.308312932029366,19.343960450565387,29.793228149414062,148.9661407470703
