epoch,startPos,prefixLength,learnRate,MSE,MAE,RMSE,meanLoss,totalLoss
401,2,mix,0.0070000000000000106,763.5510571755739,23.11095937735894,27.63242763811341,23.238358347039473,3090.70166015625
401,2,2,0.0070000000000000106,763.4148178357947,23.034100600901773,27.62996232056415,23.238358347039473,3090.70166015625
401,2,3,0.0070000000000000106,893.4692209173315,24.69632317011173,29.890955503585555,61.814033203125,3090.70166015625
401,2,4,0.0070000000000000106,957.1462913526336,25.841943359375,30.937780970079828,162.66850842927633,3090.70166015625
401,2,5,0.0070000000000000106,980.7863280866243,23.493580639362335,31.317508331389078,515.116943359375,3090.70166015625
