epoch,startPos,prefixLength,learnRate,MSE,MAE,RMSE,meanLoss,totalLoss
347,2,mix,0.007300000000000011,750.7777120219304,23.027845044346417,27.40032321017273,23.54760191494361,3131.8310546875
347,2,2,0.007300000000000011,750.117975978615,23.010851248222238,27.388281727385074,23.54760191494361,3131.8310546875
347,2,3,0.007300000000000011,844.4746525510977,24.676370831636284,29.059846051744625,62.63662109375,3131.8310546875
347,2,4,0.007300000000000011,1164.0302353329619,30.151928156614304,34.11788732223849,164.83321340460526,3131.8310546875
347,2,5,0.007300000000000011,1787.271736622135,37.80072909593582,42.276136727734894,626.3662109375,3131.8310546875
