epoch,startPos,prefixLength,learnRate,MSE,MAE,RMSE,meanLoss,totalLoss
379,3,mix,0.00690000000000001,591.7256070858662,19.652039931370663,24.325410727999355,21.2004736328125,1060.023681640625
379,3,3,0.00690000000000001,593.5748831396511,19.783574209763454,24.363392274879356,21.2004736328125,1060.023681640625
379,3,4,0.00690000000000001,556.558697603908,19.02062623500824,23.591496298537486,55.790720086348685,1060.023681640625
