epoch,startPos,prefixLength,learnRate,MSE,MAE,RMSE,meanLoss,totalLoss
497,2,mix,0.005900000000000008,766.9805838851448,23.32405810145771,27.694414308397008,23.30081245594455,3099.008056640625
497,2,2,0.005900000000000008,769.088694925811,23.317349856390674,27.7324484120283,23.30081245594455,3099.008056640625
497,2,3,0.005900000000000008,680.5545457663037,21.581928111039677,26.08744038356971,61.9801611328125,3099.008056640625
497,2,4,0.005900000000000008,702.2019506578015,22.568971836566924,26.499093393129538,163.10568719161185,3099.008056640625
