epoch,startPos,prefixLength,learnRate,MSE,MAE,RMSE,meanLoss,totalLoss
492,2,mix,0.005900000000000008,354.9368622646751,8.713509056184973,18.83976810538482,8.41788496537642,925.9673461914062
492,2,2,0.005900000000000008,348.68740061876986,8.586293351703457,18.673173287333086,8.41788496537642,925.9673461914062
492,2,3,0.005900000000000008,504.68161066267817,11.31827892921865,22.465119867534163,21.534124330032704,925.9673461914062
492,2,4,0.005900000000000008,303.6803395825316,7.829110350459814,17.426426471957228,48.73512348375822,925.9673461914062
492,2,5,0.005900000000000008,179.3590226246846,6.414468232542276,13.392498744621356,185.19346923828124,925.9673461914062
