epoch,startPos,prefixLength,learnRate,MSE,MAE,RMSE,meanLoss,totalLoss
116,2,mix,0.009500000000000003,360.39403425012284,8.583924384028823,18.98404683543851,8.39674391188063,932.03857421875
116,2,2,0.009500000000000003,357.46225995603305,8.526462907868403,18.90667236602023,8.39674391188063,932.03857421875
116,2,3,0.009500000000000003,472.0593917805018,11.266594124619257,21.726927803546037,21.675315679505815,932.03857421875
116,2,4,0.009500000000000003,285.43047486869403,7.269364306330681,16.89468777067792,49.05466180098684,932.03857421875
116,2,5,0.009500000000000003,73.07289050600387,2.4750964110717177,8.548268275270955,155.33976236979166,932.03857421875
