epoch,startPos,prefixLength,learnRate,MSE,MAE,RMSE,meanLoss,totalLoss
363,2,mix,0.007300000000000011,765.0850136138827,23.11318335463019,27.66017016603265,23.26778004581767,3094.61474609375
363,2,2,0.007300000000000011,765.2316328789173,23.12792853046866,27.66282040716234,23.26778004581767,3094.61474609375
363,2,3,0.007300000000000011,836.9965459001746,23.96593939111783,28.930892587339482,61.892294921875,3094.61474609375
363,2,4,0.007300000000000011,956.3857848800138,25.850963413715363,30.925487625581813,162.87446032072367,3094.61474609375
363,2,5,0.007300000000000011,970.3752767485981,23.41366159915924,31.150847127302946,515.7691243489584,3094.61474609375
