epoch,startPos,prefixLength,learnRate,MSE,MAE,RMSE,meanLoss,totalLoss
430,3,mix,0.006400000000000009,114.95600611958294,3.782366261100833,10.721753873298105,1.5854233105977376,4.756269931793213
430,3,3,0.006400000000000009,49.67761588923895,1.967335613375326,7.048234948498734,1.5854233105977376,4.756269931793213
430,3,4,0.006400000000000009,3.14743721649215,0.4416184727324435,1.774101805560253,4.756269931793213,4.756269931793213
