epoch,startPos,prefixLength,learnRate,MSE,MAE,RMSE,meanLoss,totalLoss
36,3,mix,0.0099,481.3663099370106,11.07917969301343,21.940061757821255,10.64694639693859,457.8186950683594
36,3,3,0.0099,486.40944194281855,11.135974549434401,22.05469206184522,10.64694639693859,457.8186950683594
36,3,4,0.0099,291.3651221159607,7.33011527955532,17.06942067312071,24.095720793071546,457.8186950683594
36,3,5,0.0099,73.13973900999889,2.4570489302277565,8.552177442616523,76.30311584472656,457.8186950683594
