epoch,startPos,prefixLength,learnRate,MSE,MAE,RMSE,meanLoss,totalLoss
210,2,mix,0.00840000000000001,84.94574947882148,2.5513015103008456,9.216601840093858,2.362333509657118,63.78300476074219
210,2,2,0.00840000000000001,82.3052364392055,2.449743058319541,9.072223345972336,2.362333509657118,63.78300476074219
210,2,3,0.00840000000000001,79.18373223889405,2.5318109457321043,8.898524160718678,21.261001586914062,63.78300476074219
210,2,4,0.00840000000000001,5.529443178224258e-07,0.0007430972254951485,0.0007436022578115439,63.78300476074219,63.78300476074219
