epoch,startPos,prefixLength,learnRate,MSE,MAE,RMSE,meanLoss,totalLoss
236,5,mix,0.008100000000000012,651.0835377774147,21.472892999649048,25.51633864364977,20.786282348632813,103.93141174316406
236,5,5,0.008100000000000012,650.3827011205494,21.478612542152405,25.502601850018156,20.786282348632813,103.93141174316406
