epoch,startPos,prefixLength,learnRate,MSE,MAE,RMSE,meanLoss,totalLoss
150,3,mix,0.009300000000000004,485.57649382567575,11.158294782719828,22.035800276497238,10.564849853515625,454.2885437011719
150,3,3,0.009300000000000004,479.95904241726964,10.940934881906617,21.907967555601083,10.564849853515625,454.2885437011719
150,3,4,0.009300000000000004,290.9734110050184,7.295584763586521,17.057942754184,23.909923352693255,454.2885437011719
150,3,5,0.009300000000000004,73.24971759021834,2.4534645304083824,8.558604885740335,75.71475728352864,454.2885437011719
