epoch,startPos,prefixLength,learnRate,MSE,MAE,RMSE,meanLoss,totalLoss
229,2,mix,0.008200000000000011,345.049313968014,8.349895472172648,18.575503060967527,8.415679931640625,925.7247924804688
229,2,2,0.008200000000000011,348.48474947181563,8.435306616194014,18.667746234396258,8.415679931640625,925.7247924804688
229,2,3,0.008200000000000011,535.6742694992868,12.264700255780058,23.14463802912646,21.528483546057412,925.7247924804688
229,2,4,0.008200000000000011,311.8831304716334,7.641708552837372,17.660213205724144,48.72235749897204,925.7247924804688
