epoch,startPos,prefixLength,learnRate,MSE,MAE,RMSE,meanLoss,totalLoss
301,3,mix,0.007500000000000012,477.6304102335265,10.861204488710923,21.854757153387144,10.459421557049419,449.755126953125
301,3,3,0.007500000000000012,480.0921181533975,10.939328597011892,21.911004498958906,10.459421557049419,449.755126953125
301,3,4,0.007500000000000012,287.14712444776114,7.028603041172028,16.94541603053053,23.671322471217106,449.755126953125
