epoch,startPos,prefixLength,learnRate,MSE,MAE,RMSE,meanLoss,totalLoss
411,3,mix,0.006500000000000009,501.07539505962535,11.557256938381629,22.384713423665385,10.64029356490734,457.5326232910156
411,3,3,0.006500000000000009,501.68336712024296,11.574302615428513,22.3982893793308,10.64029356490734,457.5326232910156
411,3,4,0.006500000000000009,352.8200013097098,8.637944088876248,18.783503435453937,24.080664383737666,457.5326232910156
411,3,5,0.006500000000000009,168.27086370133264,6.000459646806121,12.971925982726415,91.50652465820312,457.5326232910156
