epoch,startPos,prefixLength,learnRate,MSE,MAE,RMSE,meanLoss,totalLoss
419,2,mix,0.0066000000000000095,307.0690591624595,7.573376888143165,17.52338606441288,8.657641161669481,960.9981689453125
419,2,2,0.0066000000000000095,309.4110825243901,7.633084955026528,17.590084778772106,8.657641161669481,960.9981689453125
419,2,3,0.0066000000000000095,478.9404286321589,10.870459146628326,21.88470764328733,22.348794626635176,960.9981689453125
419,2,4,0.0066000000000000095,306.3444042823772,7.579291214421391,17.502697057378818,50.57885099712171,960.9981689453125
