epoch,startPos,prefixLength,learnRate,MSE,MAE,RMSE,meanLoss,totalLoss
210,2,mix,0.00840000000000001,116.62744243484187,2.8869768956966015,10.799418615594169,2.3311131795247397,153.8534698486328
210,2,2,0.00840000000000001,116.36365885698841,2.852970126776273,10.787198842006594,2.3311131795247397,153.8534698486328
210,2,3,0.00840000000000001,77.65216718536462,2.35549247078405,8.812046708078926,12.821122487386068,153.8534698486328
210,2,4,0.00840000000000001,292.1400464423537,7.171887618069462,17.092104798483824,51.28448994954427,153.8534698486328
