epoch,startPos,prefixLength,learnRate,MSE,MAE,RMSE,meanLoss,totalLoss
455,3,mix,0.0062000000000000085,595.5637485706283,19.65578187428988,24.40417481847375,21.23337646484375,1061.6688232421875
455,3,3,0.0062000000000000085,601.7627939453815,19.84535503387451,24.530853917982178,21.23337646484375,1061.6688232421875
455,3,4,0.0062000000000000085,591.4660653240126,19.793072676658632,24.320075356051277,55.87730648643092,1061.6688232421875
