epoch,startPos,prefixLength,learnRate,MSE,MAE,RMSE,meanLoss,totalLoss
434,3,mix,0.006300000000000009,473.8732172282351,10.725955815139143,21.768629199566863,10.84640148074128,466.395263671875
434,3,3,0.006300000000000009,472.7996128683057,10.81118185648864,21.743955777831818,10.84640148074128,466.395263671875
434,3,4,0.006300000000000009,294.25441317378494,7.767319007962942,17.15384543400648,24.547119140625,466.395263671875
434,3,5,0.006300000000000009,130.67555043811922,3.2127262596040964,11.43134071043809,93.279052734375,466.395263671875
