epoch,startPos,prefixLength,learnRate,MSE,MAE,RMSE,meanLoss,totalLoss
220,4,mix,0.008200000000000011,294.5524136243578,7.835447054356337,17.162529348098953,7.910322490491365,150.29612731933594
220,4,4,0.008200000000000011,294.8270017596925,7.886161085218191,17.170527125271736,7.910322490491365,150.29612731933594
220,4,5,0.008200000000000011,130.64556694331918,3.213096372783184,11.430029175086089,30.059225463867186,150.29612731933594
