epoch,startPos,prefixLength,learnRate,MSE,MAE,RMSE,meanLoss,totalLoss
184,4,mix,0.008600000000000009,666.0782290403802,20.42477219104767,25.80849141349374,19.218815853721217,365.1575012207031
184,4,4,0.008600000000000009,662.0441552107293,20.34664719104767,25.73021871672935,19.218815853721217,365.1575012207031
184,4,5,0.008600000000000009,803.3907719701588,25.600137650966644,28.34414881364686,60.85958353678385,365.1575012207031
