epoch,startPos,prefixLength,learnRate,MSE,MAE,RMSE,meanLoss,totalLoss
263,3,mix,0.008700000000000008,520.4405748134196,11.672568627717821,22.813166698497156,10.48801014035247,450.98443603515625
263,3,3,0.008700000000000008,511.83111623616225,11.54758381741968,22.623684850973376,10.48801014035247,450.98443603515625
263,3,4,0.008700000000000008,265.7872221007406,7.155870120227337,16.30298200025813,23.73602294921875,450.98443603515625
263,3,5,0.008700000000000008,419.11733532517195,11.493777025491,20.47235539270389,90.19688720703125,450.98443603515625
