epoch,startPos,prefixLength,learnRate,MSE,MAE,RMSE,meanLoss,totalLoss
432,4,mix,0.006400000000000009,681.2123773152142,19.677694261074066,26.10004554239732,19.244495592619245,365.6454162597656
432,4,4,0.006400000000000009,684.9318634391101,19.819547752539318,26.171202942148266,19.244495592619245,365.6454162597656
432,4,5,0.006400000000000009,833.3654980968922,21.966920495033264,28.86807056415257,73.12908325195312,365.6454162597656
