epoch,startPos,prefixLength,learnRate,MSE,MAE,RMSE,meanLoss,totalLoss
477,2,mix,0.006300000000000009,762.0824148130129,23.082106849726507,27.605840230158055,23.23421529898966,3090.150634765625
477,2,2,0.006300000000000009,760.3314452749232,22.995845834998523,27.57410824079218,23.23421529898966,3090.150634765625
477,2,3,0.006300000000000009,808.5539884763452,23.502504302905155,28.435083760670466,61.8030126953125,3090.150634765625
477,2,4,0.006300000000000009,924.7231553299428,25.40581557750702,30.409261012559032,162.63950709292763,3090.150634765625
477,2,5,0.006300000000000009,959.4441438975651,23.32678136229515,30.974895381543504,515.0251057942709,3090.150634765625
