epoch,startPos,prefixLength,learnRate,MSE,MAE,RMSE,meanLoss,totalLoss
107,4,mix,0.009500000000000003,265.8029133978919,7.155245745927095,16.303463233248692,7.819764789782073,148.57553100585938
107,4,4,0.009500000000000003,265.7943676397798,7.155087323486805,16.30320114700729,7.819764789782073,148.57553100585938
107,4,5,0.009500000000000003,385.31391785813076,10.603054616600275,19.629414608136706,29.715106201171874,148.57553100585938
