epoch,startPos,prefixLength,learnRate,MSE,MAE,RMSE,meanLoss,totalLoss
228,2,mix,0.008200000000000011,756.4088232268001,23.12721250337713,27.50288754343442,23.44243788181391,3117.84423828125
228,2,2,0.008200000000000011,756.9298596777878,23.137911766767502,27.51235830818194,23.44243788181391,3117.84423828125
228,2,3,0.008200000000000011,838.0700048650883,24.4300696849823,28.94943876597763,62.356884765625,3117.84423828125
228,2,4,0.008200000000000011,1108.6782561181017,28.81228301525116,33.296820510644885,164.09706517269737,3117.84423828125
228,2,5,0.008200000000000011,2082.090092081657,42.72181108593941,45.629925400789965,623.56884765625,3117.84423828125
