epoch,startPos,prefixLength,learnRate,MSE,MAE,RMSE,meanLoss,totalLoss
438,2,mix,0.006400000000000009,84.95248270968212,2.5514363997719443,9.216967110155169,2.4766048855251737,66.86833190917969
438,2,2,0.006400000000000009,78.35064187825957,2.2975311141400425,8.851589793831364,2.4766048855251737,66.86833190917969
438,2,3,0.006400000000000009,38.61154639930285,1.641243880644197,6.213818986686276,22.289443969726562,66.86833190917969
438,2,4,0.006400000000000009,3.8707006497121365e-07,0.0006003674729981867,0.0006221495519336276,66.86833190917969,66.86833190917969
