epoch,startPos,prefixLength,learnRate,MSE,MAE,RMSE,meanLoss,totalLoss
19,1,mix,0.01,527.6078420142056,12.966632323705127,22.969715758237097,12.860831009714227,3909.692626953125
19,1,1,0.01,756.7344681368547,18.87060197327661,27.50880710130584,29.39618516506109,3909.692626953125
19,1,2,0.01,331.40454289391107,8.118873159890365,18.20451984793642,35.54266024502841,3909.692626953125
19,1,3,0.01,517.9544020858025,11.54426709846137,22.75861160277143,90.92308434774709,3909.692626953125
19,1,4,0.01,342.0091511776964,8.62529794764705,18.493489426760338,205.77329615542763,3909.692626953125
19,1,5,0.01,118.14205897624946,3.352278126845704,10.869317318776256,781.938525390625,3909.692626953125
