epoch,startPos,prefixLength,learnRate,MSE,MAE,RMSE,meanLoss,totalLoss
69,3,mix,0.009600000000000003,70.10859208846323,2.4219810358451923,8.37308736897348,1.6773427327473958,5.0320281982421875
69,3,3,0.009600000000000003,63.16215061842027,2.546482723372719,7.947461897890437,1.6773427327473958,5.0320281982421875
69,3,4,0.009600000000000003,0.00012050003053665608,0.0026638207357336796,0.010977250590956557,5.0320281982421875,5.0320281982421875
