epoch,startPos,prefixLength,learnRate,MSE,MAE,RMSE,meanLoss,totalLoss
178,1,mix,0.002,440.38454624034824,17.7843375889694,20.98534122287146,17.513783849271615,2329.333251953125
178,1,1,0.002,443.16695903261575,17.838279065730816,21.051531037732524,17.513783849271615,2329.333251953125
178,1,2,0.002,290.5249821150406,12.011436290487095,17.04479340194655,20.984984251829953,2329.333251953125
178,1,3,0.002,394.7623402395466,12.728985973041166,19.868627034587632,54.17054074309593,2329.333251953125
178,1,4,0.002,253.98788323734516,9.046037951856851,15.936997309322267,122.59648694490132,2329.333251953125
178,1,5,0.002,67.25478633260835,4.525326369330287,8.200901556085668,388.2222086588542,2329.333251953125
