epoch,startPos,prefixLength,learnRate,MSE,MAE,RMSE,meanLoss,totalLoss
496,2,mix,0.007500000000000012,356.4272764270219,8.501805798323065,18.879281671372507,8.38782838013795,931.0489501953125
496,2,2,0.007500000000000012,356.3837880615641,8.501033907411275,18.878129887824272,8.38782838013795,931.0489501953125
496,2,3,0.007500000000000012,478.0768478000717,11.00505915047093,21.8649685067249,21.652301167332848,931.0489501953125
496,2,4,0.007500000000000012,290.02818087288495,7.307127955555916,17.030213764744264,49.00257632606908,931.0489501953125
496,2,5,0.007500000000000012,73.10212923200135,2.4625995941460133,8.549978317633405,155.1748250325521,931.0489501953125
