epoch,startPos,prefixLength,learnRate,MSE,MAE,RMSE,meanLoss,totalLoss
300,3,mix,0.007600000000000012,666.6886977278851,21.315115928649902,25.820315600857498,21.433359375,1071.66796875
300,3,3,0.007600000000000012,665.2831969353048,21.285861803935124,25.793084285042468,21.433359375,1071.66796875
300,3,4,0.007600000000000012,661.7368024256579,22.211740295092266,25.724245419946875,56.40357730263158,1071.66796875
300,3,5,0.007600000000000012,965.361660738145,27.947908222675323,31.07026972425803,214.33359375,1071.66796875
