epoch,startPos,prefixLength,learnRate,MSE,MAE,RMSE,meanLoss,totalLoss
202,3,mix,0.00830000000000001,500.5739337780466,11.522075172852386,22.373509643729268,10.729835687681685,461.3829345703125
202,3,3,0.00830000000000001,495.7020862314325,11.445370314134793,22.264368085158683,10.729835687681685,461.3829345703125
202,3,4,0.00830000000000001,352.7774327752025,8.638473388552665,18.782370265097068,24.28331234580592,461.3829345703125
202,3,5,0.00830000000000001,172.02183666101476,6.172813914716244,13.115709537078608,92.2765869140625,461.3829345703125
