epoch,startPos,prefixLength,learnRate,MSE,MAE,RMSE,meanLoss,totalLoss
40,2,mix,0.0099,359.3454836734384,8.59155415246884,18.95641009456797,8.399499841638514,932.344482421875
40,2,2,0.0099,358.8265232131249,8.54815591223262,18.94271689101447,8.399499841638514,932.344482421875
40,2,3,0.0099,468.08458415527963,11.265795496038415,21.635262516440136,21.682429823764537,932.344482421875
40,2,4,0.0099,284.9793788463863,7.443646473437548,16.881332259226056,49.07076223273026,932.344482421875
40,2,5,0.0099,73.47907275785701,2.512879635207355,8.571993511305116,155.3907470703125,932.344482421875
