epoch,startPos,prefixLength,learnRate,MSE,MAE,RMSE,meanLoss,totalLoss
324,2,mix,0.007400000000000012,78.34557118813495,2.297243519886763,8.85130336098221,2.4390741984049478,65.8550033569336
324,2,2,0.007400000000000012,71.74425181248662,2.043345280082576,8.470197861472105,2.4390741984049478,65.8550033569336
324,2,3,0.007400000000000012,70.60715046384718,2.48469932434773,8.402806106524604,21.95166778564453,65.8550033569336
324,2,4,0.007400000000000012,2.2170730802809748e-07,0.00047005120177345816,0.00047085805507402916,65.8550033569336,65.8550033569336
