epoch,startPos,prefixLength,learnRate,MSE,MAE,RMSE,meanLoss,totalLoss
476,2,mix,0.006100000000000008,348.99640408835654,8.439410865240331,18.681445449652887,8.434161931818181,927.7578125
476,2,2,0.006100000000000008,345.10530375254393,8.348502322632287,18.577010086462888,8.434161931818181,927.7578125
476,2,3,0.006100000000000008,546.2127440049843,12.398362257433208,23.371194749198946,21.575763081395348,927.7578125
476,2,4,0.006100000000000008,327.11962482111244,7.9417782191187145,18.08644865143825,48.82935855263158,927.7578125
