epoch,startPos,prefixLength,learnRate,MSE,MAE,RMSE,meanLoss,totalLoss
59,2,mix,0.009800000000000001,764.6447210154838,23.099415265461978,27.65221005662086,23.399195620888158,3112.093017578125
59,2,2,0.009800000000000001,768.3629893073206,23.226858559776755,27.719361271633236,23.399195620888158,3112.093017578125
59,2,3,0.009800000000000001,919.0115307661124,25.300687831181747,30.31520296429025,62.2418603515625,3112.093017578125
59,2,4,0.009800000000000001,1232.1656219626452,30.079797101020812,35.10221676707392,163.7943693462171,3112.093017578125
59,2,5,0.009800000000000001,1181.6527480099662,24.946444153785706,34.37517633423815,518.6821695963541,3112.093017578125
