epoch,startPos,prefixLength,learnRate,MSE,MAE,RMSE,meanLoss,totalLoss
197,4,mix,0.00840000000000001,352.855057192508,8.63996803611517,18.78443656840705,7.741412514134457,147.0868377685547
197,4,4,0.00840000000000001,352.85505651400416,8.639967935532331,18.784436550346783,7.741412514134457,147.0868377685547
197,4,5,0.00840000000000001,164.51309339459004,5.830601194873452,12.826265761888378,29.41736755371094,147.0868377685547
