epoch,startPos,prefixLength,learnRate,MSE,MAE,RMSE,meanLoss,totalLoss
58,2,mix,0.009700000000000002,116.90910887700221,2.898952849438341,10.8124515664581,2.3330082748875474,153.97854614257812
58,2,2,0.009700000000000002,116.58368965448193,2.871379242158529,10.797392724842508,2.3330082748875474,153.97854614257812
58,2,3,0.009700000000000002,77.65692720094071,2.3564475015280095,8.81231678963828,12.83154551188151,153.97854614257812
58,2,4,0.009700000000000002,101.69298124349403,2.813477485189651,10.08429379002288,51.32618204752604,153.97854614257812
