epoch,startPos,prefixLength,learnRate,MSE,MAE,RMSE,meanLoss,totalLoss
377,3,mix,0.00680000000000001,482.1447987062836,10.926700232889164,21.957795852641578,10.455499693404796,449.58648681640625
377,3,3,0.00680000000000001,476.8108159427517,10.746296265247194,21.83599816685172,10.455499693404796,449.58648681640625
377,3,4,0.00680000000000001,294.81007860245757,7.247810226306319,17.170034321528234,23.6624466745477,449.58648681640625
