epoch,startPos,prefixLength,learnRate,MSE,MAE,RMSE,meanLoss,totalLoss
240,3,mix,0.008100000000000012,36.00196632258165,1.4417694252751971,6.000163857977684,1.6444926261901855,4.933477878570557
240,3,3,0.008100000000000012,36.64668133574511,1.460136009631242,6.053650248878366,1.6444926261901855,4.933477878570557
240,3,4,0.008100000000000012,3.4424037304037047,0.7611868747944754,1.8553715882280037,4.933477878570557,4.933477878570557
