epoch,startPos,prefixLength,learnRate,MSE,MAE,RMSE,meanLoss,totalLoss
344,2,mix,0.00830000000000001,341.0869836316143,8.2760430913547,18.468540376316,8.450676314327694,921.1237182617188
344,2,2,0.00830000000000001,345.95085117912896,8.355301106155947,18.59975406232913,8.450676314327694,921.1237182617188
344,2,3,0.00830000000000001,472.20961554324737,10.948872737417167,21.730384615630882,21.421481820039972,921.1237182617188
344,2,4,0.00830000000000001,260.9572140746143,6.988478746637702,16.154170175982866,48.480195697985195,921.1237182617188
344,2,5,0.00830000000000001,106.66379445127518,3.032500248402357,10.327816538420654,184.22474365234376,921.1237182617188
