epoch,startPos,prefixLength,learnRate,MSE,MAE,RMSE,meanLoss,totalLoss
357,3,mix,0.007100000000000011,341.09567502737576,10.130743800411718,18.46877567754224,9.648946742818813,955.2457275390625
357,3,3,0.007100000000000011,344.69865866226166,10.170903830645749,18.566062012776474,9.648946742818813,955.2457275390625
357,3,4,0.007100000000000011,308.57977979534786,9.565926245081105,17.566439018632884,12.405788669338474,955.2457275390625
