epoch,startPos,prefixLength,learnRate,MSE,MAE,RMSE,meanLoss,totalLoss
203,4,mix,0.00840000000000001,671.3109869514044,20.399349904060365,25.909669757667782,19.183934261924342,364.4947509765625
203,4,4,0.00840000000000001,672.3768820576142,20.502430081367493,25.930231045203094,19.183934261924342,364.4947509765625
203,4,5,0.00840000000000001,797.7186730605931,25.49581402540207,28.243913911860606,60.749125162760414,364.4947509765625
