epoch,startPos,prefixLength,learnRate,MSE,MAE,RMSE,meanLoss,totalLoss
423,2,mix,0.00670000000000001,747.7602672807204,22.937792818335925,27.345205562963326,23.509547183388158,3126.769775390625
423,2,2,0.00670000000000001,754.5435532485192,23.066680534797555,27.468956173260736,23.509547183388158,3126.769775390625
423,2,3,0.00670000000000001,833.7804239264649,24.516392758259407,28.87525625732982,62.5353955078125,3126.769775390625
423,2,4,0.00670000000000001,1178.6788123360348,30.44493223230044,34.33189205878457,164.5668302837171,3126.769775390625
423,2,5,0.00670000000000001,1826.164253038924,38.18342852592468,42.7336431051569,625.353955078125,3126.769775390625
