epoch,startPos,prefixLength,learnRate,MSE,MAE,RMSE,meanLoss,totalLoss
135,2,mix,0.009400000000000004,361.4155403238561,8.621867741561598,19.010932126643766,8.373279468433276,929.4340209960938
135,2,2,0.009400000000000004,360.8752833677238,8.591052297019848,18.996717699848144,8.373279468433276,929.4340209960938
135,2,3,0.009400000000000004,474.6406946279782,11.234763100912625,21.786250127729144,21.614744674327763,929.4340209960938
135,2,4,0.009400000000000004,285.9510832291082,7.299741560965776,16.910088208791468,48.91758005242599,929.4340209960938
135,2,5,0.009400000000000004,73.00874118868299,2.483804462477565,8.544515269380879,154.90567016601562,929.4340209960938
