epoch,startPos,prefixLength,learnRate,MSE,MAE,RMSE,meanLoss,totalLoss
362,2,mix,0.007100000000000011,330.9480177947189,9.806818225576231,18.191976742364172,9.272447951296543,1307.4151611328125
362,2,2,0.007100000000000011,332.0596644413609,9.80022454717093,18.222504340549925,9.272447951296543,1307.4151611328125
362,2,3,0.007100000000000011,348.6261806742634,10.2507069625247,18.67153396682403,13.206213748816287,1307.4151611328125
362,2,4,0.007100000000000011,313.5442363167191,9.572845447764156,17.707180360427774,16.97941767704951,1307.4151611328125
