epoch,startPos,prefixLength,learnRate,MSE,MAE,RMSE,meanLoss,totalLoss
287,2,mix,0.007900000000000013,766.8707843091531,23.155905249364235,27.692431895901688,23.24802851856203,3091.98779296875
287,2,2,0.007900000000000013,764.8375972770701,23.12049587070942,27.65569737462916,23.24802851856203,3091.98779296875
287,2,3,0.007900000000000013,873.703696644232,24.46529625929319,29.558479268125957,61.839755859375,3091.98779296875
287,2,4,0.007900000000000013,964.9153279749049,25.945235097408293,31.063086259657215,162.73619962993422,3091.98779296875
287,2,5,0.007900000000000013,966.6950728679301,23.30119800567627,31.09172032660673,515.331298828125,3091.98779296875
