epoch,startPos,prefixLength,learnRate,MSE,MAE,RMSE,meanLoss,totalLoss
37,3,mix,0.0099,598.5128275361296,19.828846225371727,24.464521812946387,21.338603515625,1066.93017578125
37,3,3,0.0099,600.236627065005,19.85849133363137,24.499727081439193,21.338603515625,1066.93017578125
37,3,4,0.0099,560.7624999839339,18.800086164474486,23.680424404641357,56.15421977796053,1066.93017578125
