epoch,startPos,prefixLength,learnRate,MSE,MAE,RMSE,meanLoss,totalLoss
302,3,mix,0.00850000000000001,470.24601370990825,10.80627782100981,21.685156529522867,10.686673186546148,459.5269470214844
302,3,3,0.00850000000000001,475.75661257838107,10.961160338060422,21.811845693988875,10.686673186546148,459.5269470214844
302,3,4,0.00850000000000001,267.4585216399206,6.7688357964158055,16.354159154169945,24.18562879060444,459.5269470214844
302,3,5,0.00850000000000001,115.79125945579023,4.450908035039902,10.760634714355387,76.58782450358073,459.5269470214844
