epoch,startPos,prefixLength,learnRate,MSE,MAE,RMSE,meanLoss,totalLoss
134,1,mix,0.0009,213.5636826345939,5.129272140178959,14.613818208620016,4.607319537858317,612.7734985351562
134,1,1,0.0009,212.65033322906464,5.112700257567505,14.58253521268043,4.607319537858317,612.7734985351562
134,1,2,0.0009,88.91002823131939,2.703141119173509,9.429211432103926,22.69531476056134,612.7734985351562
134,1,3,0.0009,48.65610051901743,1.8125204823914771,6.975392499280412,204.2578328450521,612.7734985351562
134,1,4,0.0009,9.915006397267416e-10,2.5707132238039776e-05,3.148810314589848e-05,612.7734985351562,612.7734985351562
