epoch,startPos,prefixLength,learnRate,MSE,MAE,RMSE,meanLoss,totalLoss
307,2,mix,0.007600000000000012,760.8991612077019,23.214631909833233,27.584400686034524,23.343021249412594,3104.621826171875
307,2,2,0.007600000000000012,766.5713719823565,23.282040697686814,27.687025336470448,23.343021249412594,3104.621826171875
307,2,3,0.007600000000000012,682.8861685677123,21.794796906984768,26.132090780641956,62.0924365234375,3104.621826171875
307,2,4,0.007600000000000012,805.2003404913755,24.349171650409698,28.376052235844497,163.40114874588815,3104.621826171875
