epoch,startPos,prefixLength,learnRate,MSE,MAE,RMSE,meanLoss,totalLoss
25,1,mix,0.01,705.6855694122893,21.683871872723103,26.56474297659003,21.51612091064453,4131.09521484375
25,1,1,0.01,704.9099442286766,21.679641634225845,26.550140192260315,21.51612091064453,4131.09521484375
25,1,2,0.01,1288.9277892298471,29.21079284128021,35.90164048103996,31.060866277020676,4131.09521484375
25,1,3,0.01,1987.1291498140251,39.121015291947586,44.57722680712681,82.621904296875,4131.09521484375
25,1,4,0.01,2640.754742390414,47.24064081907272,51.38827436673092,217.42606393914474,4131.09521484375
25,1,5,0.01,4035.568421534957,60.04713663458824,63.526123929726396,826.21904296875,4131.09521484375
