epoch,startPos,prefixLength,learnRate,MSE,MAE,RMSE,meanLoss,totalLoss
44,1,mix,0.008,707.1581512459603,21.69772823434323,26.59244537920423,21.520131429036457,4131.865234375
44,1,1,0.008,706.1106096031399,21.684133114293218,26.57274185331916,21.520131429036457,4131.865234375
44,1,2,0.008,1291.6870455313717,29.210031903841916,35.94004793446124,31.06665589755639,4131.865234375
44,1,3,0.008,1991.2292715137971,39.087700454088356,44.62319208117901,82.6373046875,4131.865234375
44,1,4,0.008,2672.4739581346234,47.50505595207214,51.695976227697095,217.46659128289474,4131.865234375
44,1,5,0.008,4169.224143637652,61.20003905892372,64.56952952931941,826.373046875,4131.865234375
