epoch,startPos,prefixLength,learnRate,MSE,MAE,RMSE,meanLoss,totalLoss
278,3,mix,0.007600000000000012,496.09802474948935,11.450046930462122,22.273258063190696,10.659080327943315,458.3404541015625
278,3,3,0.007600000000000012,496.30690992603326,11.479876734655011,22.277946717012167,10.659080327943315,458.3404541015625
278,3,4,0.007600000000000012,349.63264554120724,8.53869022578001,18.698466395434874,24.12318179481908,458.3404541015625
278,3,5,0.007600000000000012,168.27978601044458,6.001207388937473,12.972269886586718,91.6680908203125,458.3404541015625
