epoch,startPos,prefixLength,learnRate,MSE,MAE,RMSE,meanLoss,totalLoss
399,2,mix,0.00670000000000001,771.4680945317458,23.25643472636447,27.775314481239377,23.3419804393797,3104.4833984375
399,2,2,0.00670000000000001,765.3983585494626,23.119374262935974,27.665833776509658,23.3419804393797,3104.4833984375
399,2,3,0.00670000000000001,808.0172004097652,23.765150867975674,28.425643359645623,62.08966796875,3104.4833984375
399,2,4,0.00670000000000001,1144.5777734571327,29.227004563808443,33.8316090876141,163.3938630756579,3104.4833984375
399,2,5,0.00670000000000001,1912.6952462635404,40.78561130166054,43.73437145156588,620.8966796875,3104.4833984375
