epoch,startPos,prefixLength,learnRate,MSE,MAE,RMSE,meanLoss,totalLoss
172,2,mix,0.008700000000000008,87.59348435211339,2.6530419011132835,9.35913908178062,2.39731682671441,64.72755432128906
172,2,2,0.008700000000000008,84.95263946157127,2.5514761115819624,9.216975613593174,2.39731682671441,64.72755432128906
172,2,3,0.008700000000000008,37.15809355994165,1.5630974135083306,6.095743888972177,21.575851440429688,64.72755432128906
172,2,4,0.008700000000000008,3.4478736599918487e-07,0.0005864765344085754,0.0005871859722431939,64.72755432128906,64.72755432128906
