epoch,startPos,prefixLength,learnRate,MSE,MAE,RMSE,meanLoss,totalLoss
487,3,mix,0.005900000000000008,36.90723923242593,1.5003563311852304,6.075132857183119,1.6846680641174316,5.054004192352295
487,3,3,0.005900000000000008,36.54358700965375,1.4215242495831717,6.045129197101891,1.6846680641174316,5.054004192352295
487,3,4,0.005900000000000008,8.216086186916515,1.0543966825700863,2.86637160656404,5.054004192352295,5.054004192352295
