epoch,startPos,prefixLength,learnRate,MSE,MAE,RMSE,meanLoss,totalLoss
491,3,mix,0.005800000000000007,542.4614793526451,12.306364009834148,23.29080246261698,10.386760622956032,446.6307067871094
491,3,3,0.005800000000000007,537.9562051121587,12.229668438773263,23.193882924429854,10.386760622956032,446.6307067871094
491,3,4,0.005800000000000007,319.55617945987353,7.788992603123188,17.876134354492685,23.506879304584704,446.6307067871094
