epoch,startPos,prefixLength,learnRate,MSE,MAE,RMSE,meanLoss,totalLoss
63,1,mix,0.007,802.6486526469465,22.360691509520013,28.331054562916407,21.33874003092448,4097.0380859375
63,1,1,0.007,799.8791464779633,22.241015947734315,28.282134758146587,21.33874003092448,4097.0380859375
63,1,2,0.007,1318.2368508703694,29.56556565291954,36.30753159979854,30.804797638627818,4097.0380859375
63,1,3,0.007,1940.207131273208,38.347204799835495,44.04778236498641,81.94076171875,4097.0380859375
63,1,4,0.007,2085.051708504325,41.12610257863999,45.6623664356582,215.63358347039474,4097.0380859375
