epoch,startPos,prefixLength,learnRate,MSE,MAE,RMSE,meanLoss,totalLoss
230,2,mix,0.00840000000000001,762.3742973201682,23.067368922864688,27.61112633197292,23.251086701127818,3092.39453125
230,2,2,0.00840000000000001,761.0864772868547,23.01984372384408,27.58779580334128,23.251086701127818,3092.39453125
230,2,3,0.00840000000000001,858.9841373059154,24.20262716825192,29.30843116418747,61.847890625,3092.39453125
230,2,4,0.00840000000000001,949.0873070108394,25.743862879276275,30.807260621659292,162.75760690789474,3092.39453125
230,2,5,0.00840000000000001,975.1086369425268,23.358297288417816,31.22672952684169,515.3990885416666,3092.39453125
