epoch,startPos,prefixLength,learnRate,MSE,MAE,RMSE,meanLoss,totalLoss
54,3,mix,0.009600000000000003,548.4374939396944,12.429919459095055,23.41874236460392,10.279688635537791,442.026611328125
54,3,3,0.009600000000000003,538.5494844150106,12.262294920838691,23.206668964222562,10.279688635537791,442.026611328125
54,3,4,0.009600000000000003,327.1144261976568,7.941704265028238,18.086304934885312,23.26455849095395,442.026611328125
