epoch,startPos,prefixLength,learnRate,MSE,MAE,RMSE,meanLoss,totalLoss
301,3,mix,0.00850000000000001,515.6027395696605,11.587015862491997,22.706887491896826,10.456505354060683,449.6297302246094
301,3,3,0.00850000000000001,524.2133402353379,11.712000588124448,22.895705716036314,10.456505354060683,449.6297302246094
301,3,4,0.00850000000000001,265.85303023922586,7.161860812455416,16.305000160663166,23.664722643400495,449.6297302246094
301,3,5,0.00850000000000001,430.38018859813633,11.790721993893385,20.74560648904091,89.92594604492187,449.6297302246094
