epoch,startPos,prefixLength,learnRate,MSE,MAE,RMSE,meanLoss,totalLoss
191,1,mix,0.0003999999999999998,214.31842410071425,5.14164403773449,14.639618304474821,4.597457541558976,611.4618530273438
191,1,1,0.0003999999999999998,211.8553490920071,5.093348623255402,14.555251598375312,4.597457541558976,611.4618530273438
191,1,2,0.0003999999999999998,84.94958050648728,2.5508517097428935,9.216809670731369,22.64673529730903,611.4618530273438
191,1,3,0.0003999999999999998,59.6877992984634,2.1250685763707224,7.725787940298607,203.82061767578125,611.4618530273438
191,1,4,0.0003999999999999998,4.403703455368863e-09,6.515787623584401e-05,6.63604057806224e-05,611.4618530273438,611.4618530273438
