epoch,startPos,prefixLength,learnRate,MSE,MAE,RMSE,meanLoss,totalLoss
96,1,mix,0.003,325.53202460321694,9.733840079978108,18.04250605107885,9.547037760416666,1632.54345703125
96,1,1,0.003,326.44393439764934,9.755030800869992,18.067759528996653,9.547037760416666,1632.54345703125
96,1,2,0.003,330.936176184144,9.85671957458059,18.191651277004624,11.578322390292554,1632.54345703125
96,1,3,0.003,346.05096643165757,10.241825396732356,18.602445173461945,16.490337949810606,1632.54345703125
96,1,4,0.003,320.4451472470991,9.766598297948283,17.900981739756595,21.20186307832792,1632.54345703125
