epoch,startPos,prefixLength,learnRate,MSE,MAE,RMSE,meanLoss,totalLoss
421,2,mix,0.0066000000000000095,799.3850462235762,23.718906476642147,28.273398207919335,23.099686472039473,3072.25830078125
421,2,2,0.0066000000000000095,791.5053658162419,23.58353157115705,28.133705156204396,23.099686472039473,3072.25830078125
421,2,3,0.0066000000000000095,708.1094914136243,22.413639563780563,26.61032678141372,61.445166015625,3072.25830078125
421,2,4,0.0066000000000000095,632.2218776340936,21.309506392478944,25.144022701908572,161.69780530427633,3072.25830078125
