epoch,startPos,prefixLength,learnRate,MSE,MAE,RMSE,meanLoss,totalLoss
197,3,mix,0.00840000000000001,574.7523070645382,17.52951341867447,23.97399230550761,21.28869120279948,63.86607360839844
197,3,3,0.00840000000000001,542.795959171802,16.849799811840057,23.29798186907617,21.28869120279948,63.86607360839844
197,3,4,0.00840000000000001,115.79232266344934,9.861700177192688,10.76068411688817,63.86607360839844,63.86607360839844
