epoch,startPos,prefixLength,learnRate,MSE,MAE,RMSE,meanLoss,totalLoss
136,2,mix,0.009100000000000006,790.2408033739383,23.65345373930353,28.11122201850959,23.133688102091167,3076.780517578125
136,2,2,0.009100000000000006,790.646931276243,23.63806660699122,28.11844468096063,23.133688102091167,3076.780517578125
136,2,3,0.009100000000000006,750.6874388796746,23.178285607924828,27.398675859969483,61.5356103515625,3076.780517578125
136,2,4,0.009100000000000006,686.3807859464154,22.607802307605745,26.198869936438392,161.93581671463815,3076.780517578125
