epoch,startPos,prefixLength,learnRate,MSE,MAE,RMSE,meanLoss,totalLoss
150,3,mix,0.009300000000000004,474.58559809502407,10.925567569380457,21.784985611540442,10.535454328670058,453.0245361328125
150,3,3,0.009300000000000004,469.2448008818969,10.811934845691377,21.662059017597954,10.535454328670058,453.0245361328125
150,3,4,0.009300000000000004,282.53462037613883,7.080704722553492,16.80876617649668,23.84339663856908,453.0245361328125
150,3,5,0.009300000000000004,117.30821700703802,4.640528135001659,10.830891791862664,75.50408935546875,453.0245361328125
