epoch,startPos,prefixLength,learnRate,MSE,MAE,RMSE,meanLoss,totalLoss
75,3,mix,0.009600000000000003,599.9074948422383,19.903145423302284,24.493009101419904,21.3300146484375,1066.500732421875
75,3,3,0.009600000000000003,594.6282367628404,19.743263758145847,24.385000241190085,21.3300146484375,1066.500732421875
75,3,4,0.009600000000000003,563.185892667893,18.808449339866637,23.73153793305215,56.13161749588816,1066.500732421875
