epoch,startPos,prefixLength,learnRate,MSE,MAE,RMSE,meanLoss,totalLoss
302,3,mix,0.007600000000000012,719.6089182932586,21.958221050409172,26.82552736281728,20.79933349609375,1039.9666748046875
302,3,3,0.007600000000000012,747.2141565893124,22.19179035608585,27.335218246601077,20.79933349609375,1039.9666748046875
302,3,4,0.007600000000000012,669.7746381732629,21.42646975517273,25.880004601492306,54.73508814761513,1039.9666748046875
302,3,5,0.007600000000000012,714.8370685566211,23.793563038110733,26.73643709540636,173.3277791341146,1039.9666748046875
