epoch,startPos,prefixLength,learnRate,MSE,MAE,RMSE,meanLoss,totalLoss
330,4,mix,0.007200000000000011,356.02188927246846,8.738041568547487,18.8685423197572,7.802336040296052,148.244384765625
330,4,4,0.007200000000000011,352.8217831494257,8.638041611760855,18.78355086636778,7.802336040296052,148.244384765625
330,4,5,0.007200000000000011,172.05350960742618,6.172423692420125,13.11691692462166,29.648876953125,148.244384765625
