epoch,startPos,prefixLength,learnRate,MSE,MAE,RMSE,meanLoss,totalLoss
286,2,mix,0.007700000000000012,116.90940837404636,2.904915777260398,10.812465416085564,2.331102082223603,153.8527374267578
286,2,2,0.007700000000000012,116.91767191789461,2.9076700314307184,10.812847539750786,2.331102082223603,153.8527374267578
286,2,3,0.007700000000000012,77.6438612647923,2.356845890215027,8.811575413329464,12.821061452229818,153.8527374267578
286,2,4,0.007700000000000012,101.94267729170504,2.8916792735108174,10.096666642595716,51.28424580891927,153.8527374267578
