epoch,startPos,prefixLength,learnRate,MSE,MAE,RMSE,meanLoss,totalLoss
211,2,mix,0.009000000000000006,341.25238324227354,8.282954328468648,18.473017708059327,8.439459284511182,919.9010620117188
211,2,2,0.009000000000000006,340.6651911833237,8.265157870819856,18.45711762934082,8.439459284511182,919.9010620117188
211,2,3,0.009000000000000006,459.7067352867207,10.782023900611835,21.440772730634517,21.393047953760902,919.9010620117188
211,2,4,0.009000000000000006,260.91659915036166,6.9893788628280165,16.15291302367352,48.41584536903783,919.9010620117188
211,2,5,0.009000000000000006,106.68793762284007,3.0366203347221017,10.328985314291044,183.98021240234374,919.9010620117188
