epoch,startPos,prefixLength,learnRate,MSE,MAE,RMSE,meanLoss,totalLoss
217,5,mix,0.008200000000000011,652.5486500484076,21.526167392730713,25.54503180754347,20.82677001953125,104.13385009765625
217,5,5,0.008200000000000011,653.5168366365965,21.549051105976105,25.5639753684085,20.82677001953125,104.13385009765625
