epoch,startPos,prefixLength,learnRate,MSE,MAE,RMSE,meanLoss,totalLoss
10,4,mix,0.01,671.5188925117856,20.98306785638516,25.913681570008258,21.5635009765625,1078.175048828125
10,4,4,0.01,644.9009325735922,21.2170171380043,25.394899735450664,56.74605520148026,1078.175048828125
10,4,5,0.01,1267.4400553038554,32.8037229180336,35.60112435448992,215.635009765625,1078.175048828125
