epoch,startPos,prefixLength,learnRate,MSE,MAE,RMSE,meanLoss,totalLoss
264,2,mix,0.007900000000000013,343.605871477775,8.462767042119854,18.536608953036016,8.40803389115767,924.8837280273438
264,2,2,0.007900000000000013,352.5547316584531,8.641056025533803,18.776440867705816,8.40803389115767,924.8837280273438
264,2,3,0.007900000000000013,509.30795771335573,11.392401806671511,22.56785230617561,21.508923907612644,924.8837280273438
264,2,4,0.007900000000000013,303.6984441558291,7.8284959234297276,17.42694592164184,48.678090948807565,924.8837280273438
264,2,5,0.007900000000000013,174.87464168616236,5.8518134178593755,13.224017607601798,184.97674560546875,924.8837280273438
