epoch,startPos,prefixLength,learnRate,MSE,MAE,RMSE,meanLoss,totalLoss
248,2,mix,0.008100000000000012,116.37301775097592,2.8558666050681456,10.787632629589123,2.331410263523911,153.87307739257812
248,2,2,0.008100000000000012,116.25354377511314,2.8429994255370263,10.782093663807283,2.331410263523911,153.87307739257812
248,2,3,0.008100000000000012,77.65314839687089,2.3556566201397118,8.812102382341623,12.82275644938151,153.87307739257812
248,2,4,0.008100000000000012,101.70406736240557,2.8283047446550427,10.084843447590329,51.29102579752604,153.87307739257812
