epoch,startPos,prefixLength,learnRate,MSE,MAE,RMSE,meanLoss,totalLoss
458,2,mix,0.007700000000000012,362.2791565474042,8.604824703462699,19.0336322478765,8.425802694784629,935.2640991210938
458,2,2,0.007700000000000012,360.70075519293613,8.585051423421612,18.99212350404599,8.425802694784629,935.2640991210938
458,2,3,0.007700000000000012,469.6620299181281,10.997492111542009,21.67168728821381,21.750327886537065,935.2640991210938
458,2,4,0.007700000000000012,290.85184502703635,7.486553728580475,17.054379057210976,49.22442626953125,935.2640991210938
458,2,5,0.007700000000000012,73.19794341641648,2.4475794099271297,8.555579665716197,155.87734985351562,935.2640991210938
