epoch,startPos,prefixLength,learnRate,MSE,MAE,RMSE,meanLoss,totalLoss
173,2,mix,0.009200000000000005,367.9271464113464,8.828228211562548,19.18142712134179,8.285327703302556,911.3860473632812
173,2,2,0.009200000000000005,369.28294611467487,8.899420051436339,19.216736094214202,8.285327703302556,911.3860473632812
173,2,3,0.009200000000000005,460.17005137021494,11.081879515200853,21.451574566222753,21.19502435728561,911.3860473632812
173,2,4,0.009200000000000005,274.3073107165964,6.981233973056078,16.56222541558339,47.96768670333059,911.3860473632812
173,2,5,0.009200000000000005,114.31924757631788,4.656212002038956,10.6920179375232,151.89767456054688,911.3860473632812
