epoch,startPos,prefixLength,learnRate,MSE,MAE,RMSE,meanLoss,totalLoss
259,3,mix,0.007900000000000013,79.79907897858115,2.6365056312433808,8.933033022360387,1.703997294108073,5.111991882324219
259,3,3,0.007900000000000013,69.59789592317316,2.5119580424552623,8.342535341439865,1.703997294108073,5.111991882324219
259,3,4,0.007900000000000013,1.8826626676736526,0.3812850405829522,1.3721015515163784,5.111991882324219,5.111991882324219
