epoch,startPos,prefixLength,learnRate,MSE,MAE,RMSE,meanLoss,totalLoss
419,2,mix,0.0066000000000000095,116.36442506637258,2.85174418567872,10.787234356700171,2.3309592044714726,153.8433074951172
419,2,2,0.0066000000000000095,116.3892752858493,2.86001642563593,10.788386129808726,2.3309592044714726,153.8433074951172
419,2,3,0.0066000000000000095,77.6597126094916,2.3570474191619724,8.812474828871377,12.8202756245931,153.8433074951172
419,2,4,0.0066000000000000095,160.54482764987273,4.3453160246499465,12.670628542020824,51.2811024983724,153.8433074951172
