epoch,startPos,prefixLength,learnRate,MSE,MAE,RMSE,meanLoss,totalLoss
454,2,mix,0.0062000000000000085,351.8946687213916,8.654577135441027,18.75885574125969,8.428865744850853,927.1752319335938
454,2,2,0.0062000000000000085,355.40531743016226,8.721923845221422,18.85219662082279,8.428865744850853,927.1752319335938
454,2,3,0.0062000000000000085,503.77538541126427,11.2978634448214,22.44494119865909,21.562214696130088,927.1752319335938
454,2,4,0.0062000000000000085,304.37573620694656,7.876225672662258,17.4463674215278,48.798696417557565,927.1752319335938
454,2,5,0.0062000000000000085,178.85316270755456,6.352109654806554,13.373599467142515,185.43504638671874,927.1752319335938
