epoch,startPos,prefixLength,learnRate,MSE,MAE,RMSE,meanLoss,totalLoss
6,3,mix,0.01,658.8669895712422,20.431496918201447,25.66840449991472,19.403551374162948,543.2994384765625
6,3,3,0.01,552.2727587458344,18.426318407058716,23.500484223645998,181.09981282552084,543.2994384765625
6,3,4,0.01,393.2151773989526,19.48545217514038,19.829653990903438,543.2994384765625,543.2994384765625
