epoch,startPos,prefixLength,learnRate,MSE,MAE,RMSE,meanLoss,totalLoss
469,4,mix,0.007600000000000012,260.8858866820477,6.990046377107501,16.151962316760393,7.8402758146587175,148.96524047851562
469,4,4,0.007600000000000012,260.8858866820477,6.990046377107501,16.151962316760393,7.8402758146587175,148.96524047851562
469,4,5,0.007600000000000012,106.63120505743055,3.0342831015586853,10.326238669400905,29.793048095703124,148.96524047851562
