epoch,startPos,prefixLength,learnRate,MSE,MAE,RMSE,meanLoss,totalLoss
249,2,mix,0.008800000000000007,370.3083228240148,8.894637901868139,19.24339686292456,8.296109286221592,912.572021484375
249,2,2,0.008800000000000007,372.0863717942397,8.920305308220643,19.289540476492427,8.296109286221592,912.572021484375
249,2,3,0.008800000000000007,464.6603198773289,11.172001225704497,21.555981069701488,21.222605150799417,912.572021484375
249,2,4,0.008800000000000007,289.29702579777467,7.267920365929603,17.008733809363196,48.03010639391447,912.572021484375
249,2,5,0.008800000000000007,114.37222072493662,4.654568165540695,10.69449487937306,152.0953369140625,912.572021484375
