epoch,startPos,prefixLength,learnRate,MSE,MAE,RMSE,meanLoss,totalLoss
174,2,mix,0.008800000000000007,752.8335312054281,22.99067615235553,27.437812070305974,23.591684900728385,3137.694091796875
174,2,2,0.008800000000000007,751.6194687764986,22.97711741047747,27.41567925068607,23.591684900728385,3137.694091796875
174,2,3,0.008800000000000007,844.546830895598,24.6752179310872,29.061087916586985,62.7538818359375,3137.694091796875
174,2,4,0.008800000000000007,1145.7480675248837,29.83328005671501,33.84890053642634,165.14179430509867,3137.694091796875
174,2,5,0.008800000000000007,1739.2127965750128,37.32813826203346,41.70387028292473,627.538818359375,3137.694091796875
