epoch,startPos,prefixLength,learnRate,MSE,MAE,RMSE,meanLoss,totalLoss
78,2,mix,0.009700000000000002,369.4701739705541,8.863590274006128,19.221606955989763,8.289913108132103,911.8904418945312
78,2,2,0.009700000000000002,370.1721325385092,8.910454274554338,19.23985791367777,8.289913108132103,911.8904418945312
78,2,3,0.009700000000000002,463.5422062880298,11.238839325241067,21.53003033644007,21.20675446266352,911.8904418945312
78,2,4,0.009700000000000002,258.9622320749202,6.676641867309809,16.09230350431287,47.994233783922695,911.8904418945312
78,2,5,0.009700000000000002,113.88716733851834,4.673240505158901,10.671793070450642,151.98174031575522,911.8904418945312
