epoch,startPos,prefixLength,learnRate,MSE,MAE,RMSE,meanLoss,totalLoss
448,2,mix,0.006400000000000009,661.2991620295027,20.473351418972015,25.715737633392955,19.41166033063616,543.5264892578125
448,2,2,0.006400000000000009,657.9172749700613,20.456776440143585,25.649898147362325,19.41166033063616,543.5264892578125
448,2,3,0.006400000000000009,522.3159282467334,18.033982932567596,22.854232173642007,181.17549641927084,543.5264892578125
448,2,4,0.006400000000000009,284.5157565550669,16.058439314365387,16.867594865749737,543.5264892578125,543.5264892578125
