epoch,startPos,prefixLength,learnRate,MSE,MAE,RMSE,meanLoss,totalLoss
392,3,mix,0.00680000000000001,503.86075083263694,11.297181458805095,22.44684278094888,10.54718017578125,453.52874755859375
392,3,3,0.00680000000000001,513.9709449003583,11.472394746897573,22.670927305700538,10.54718017578125,453.52874755859375
392,3,4,0.00680000000000001,303.0316649939404,7.782883719168604,17.407804714953016,23.86993408203125,453.52874755859375
392,3,5,0.00680000000000001,176.40253896343523,6.040695640724152,13.281661754593634,90.70574951171875,453.52874755859375
