epoch,startPos,prefixLength,learnRate,MSE,MAE,RMSE,meanLoss,totalLoss
19,2,mix,0.01,722.0459303533395,22.017474627494813,26.87091234687314,20.44841255901529,2842.329345703125
19,2,2,0.01,1045.422495585202,26.19586738518306,32.33299391620272,101.51176234654018,2842.329345703125
19,2,3,0.01,1124.39034154177,29.66226202249527,33.53193017918548,947.443115234375,2842.329345703125
19,2,4,0.01,1299.4624132971915,34.78218275308609,36.048056997530274,2842.329345703125,2842.329345703125
