epoch,startPos,prefixLength,learnRate,MSE,MAE,RMSE,meanLoss,totalLoss
115,2,mix,0.009200000000000005,77.02569648568854,2.246357497032932,8.776428458415674,2.481198063603154,66.99234771728516
115,2,2,0.009200000000000005,86.26772308090095,2.601817468950287,9.288041940091622,2.481198063603154,66.99234771728516
115,2,3,0.009200000000000005,37.529922261076756,1.5628311481291348,6.126167012176272,22.330782572428387,66.99234771728516
115,2,4,0.009200000000000005,2.1558001507601303e-07,0.0004632127147488063,0.0004643059498606636,66.99234771728516,66.99234771728516
