epoch,startPos,prefixLength,learnRate,MSE,MAE,RMSE,meanLoss,totalLoss
69,3,mix,0.009600000000000003,511.15050423476464,11.442816754972393,22.608637823512602,10.456327926280887,449.6221008300781
69,3,3,0.009600000000000003,507.47462035945415,11.34195462749763,22.527197348082478,10.456327926280887,449.6221008300781
69,3,4,0.009600000000000003,304.4041677293669,7.875277751684189,17.44718222892645,23.664321096319902,449.6221008300781
69,3,5,0.009600000000000003,175.37655510058167,5.91424436122179,13.242981352421427,89.92442016601562,449.6221008300781
