epoch,startPos,prefixLength,learnRate,MSE,MAE,RMSE,meanLoss,totalLoss
183,4,mix,0.00850000000000001,557.3505813761445,18.17172257900238,23.608273578899084,19.903390984786185,378.1644287109375
183,4,4,0.00850000000000001,549.3535557326871,18.08946533203125,23.438292508898492,19.903390984786185,378.1644287109375
183,4,5,0.00850000000000001,732.8235273988566,23.482827067375183,27.070713463055544,75.6328857421875,378.1644287109375
