epoch,startPos,prefixLength,learnRate,MSE,MAE,RMSE,meanLoss,totalLoss
82,1,mix,0.005,792.4473274853281,22.253030367195606,28.150440982075718,21.339686075846355,4097.2197265625
82,1,1,0.005,794.2298462786142,22.261263685300946,28.182083781697447,21.339686075846355,4097.2197265625
82,1,2,0.005,1299.682357914961,29.34534301179828,36.05110758236092,30.806163357612782,4097.2197265625
82,1,3,0.005,1874.8059367276658,37.63515410056481,43.29902928158628,81.94439453125,4097.2197265625
82,1,4,0.005,2062.123832380062,40.94123839139938,45.41061365341876,215.64314350328948,4097.2197265625
