epoch,startPos,prefixLength,learnRate,MSE,MAE,RMSE,meanLoss,totalLoss
444,4,mix,0.0062000000000000085,356.0590204491435,8.74017473757267,18.86952623806818,7.644552130448191,145.24649047851562
444,4,4,0.0062000000000000085,352.8584796872528,8.64017442241311,18.784527667398315,7.644552130448191,145.24649047851562
444,4,5,0.0062000000000000085,187.2084010438746,6.862071232870221,13.682412106199498,29.049298095703126,145.24649047851562
