epoch,startPos,prefixLength,learnRate,MSE,MAE,RMSE,meanLoss,totalLoss
69,4,mix,0.009500000000000003,560.3922415798895,18.318851161003114,23.672605297683006,19.909427040501644,378.27911376953125
69,4,4,0.009500000000000003,563.2555737398237,18.374614667892455,23.733005998815734,19.909427040501644,378.27911376953125
69,4,5,0.009500000000000003,759.5380927411979,24.172930598258972,27.55971866222872,75.65582275390625,378.27911376953125
