epoch,startPos,prefixLength,learnRate,MSE,MAE,RMSE,meanLoss,totalLoss
286,2,mix,0.007700000000000012,303.52810793877495,7.501312092478786,17.422058085621657,8.638520661775056,958.8757934570312
286,2,2,0.007700000000000012,304.46615615265785,7.524115186317691,17.448958597940962,8.638520661775056,958.8757934570312
286,2,3,0.007700000000000012,474.5992364059996,10.727849995040081,21.785298630177177,22.299437057140263,958.8757934570312
286,2,4,0.007700000000000012,317.6834078842374,7.907175309956074,17.82367548751484,50.46714702405428,958.8757934570312
