epoch,startPos,prefixLength,learnRate,MSE,MAE,RMSE,meanLoss,totalLoss
153,2,mix,0.008900000000000007,334.4127598257715,8.284995844986822,18.286956002182855,8.506444202769886,935.7088623046875
153,2,2,0.008900000000000007,332.7352447584909,8.232058941852301,18.241031899497653,8.506444202769886,935.7088623046875
153,2,3,0.008900000000000007,466.92993861513696,10.789108731868593,21.608561697048163,21.760671216388083,935.7088623046875
153,2,4,0.008900000000000007,302.1857502131145,8.114005841687321,17.38349073728043,49.247834858141445,935.7088623046875
153,2,5,0.008900000000000007,129.56040666923485,3.3407470053061843,11.38246048397423,187.1417724609375,935.7088623046875
