epoch,startPos,prefixLength,learnRate,MSE,MAE,RMSE,meanLoss,totalLoss
120,1,mix,0.002,702.9524566196741,21.339106753468513,26.513250585691566,21.677602132161457,4162.099609375
120,1,1,0.002,704.0228404491595,21.361537128686905,26.533428735260724,21.677602132161457,4162.099609375
120,1,2,0.002,1309.4466030361964,29.55339347264346,36.18627644613627,31.29398202537594,4162.099609375
120,1,3,0.002,1990.8993607070186,38.967836022377014,44.61949529865862,83.2419921875,4162.099609375
120,1,4,0.002,2770.7081684051395,48.19807722171148,52.637516738588076,219.0578741776316,4162.099609375
120,1,5,0.002,3154.4402693110355,51.316021382808685,56.164403934440855,832.419921875,4162.099609375
