epoch,startPos,prefixLength,learnRate,MSE,MAE,RMSE,meanLoss,totalLoss
99,1,mix,0.006,438.9988862245988,17.506624411509343,20.952300260940294,17.540393341752818,2332.872314453125
99,1,1,0.006,439.75556588448217,17.513505519057315,20.97034968436345,17.540393341752818,2332.872314453125
99,1,2,0.006,279.54578173951495,11.453624267773382,16.719622655416448,21.402498297735093,2332.872314453125
99,1,3,0.006,388.94000255212455,12.418614365499128,19.72156186898301,54.252844522165695,2332.872314453125
99,1,4,0.006,227.8064501530812,8.68354731425643,15.09325843391947,122.78275339226974,2332.872314453125
99,1,5,0.006,97.83532222867444,4.8404252752661705,9.89117395604154,466.574462890625,2332.872314453125
