epoch,startPos,prefixLength,learnRate,MSE,MAE,RMSE,meanLoss,totalLoss
205,3,mix,0.00840000000000001,680.6107589702934,21.18224852360212,26.08851776108205,21.485625,1074.28125
205,3,3,0.00840000000000001,681.0181552355529,21.1128623348016,26.096324554150396,21.485625,1074.28125
205,3,4,0.00840000000000001,633.3341401332203,20.909880685806275,25.166130813719068,56.54111842105263,1074.28125
205,3,5,0.00840000000000001,1263.6128724172045,32.72080436348915,35.54733284533742,214.85625,1074.28125
