epoch,startPos,prefixLength,learnRate,MSE,MAE,RMSE,meanLoss,totalLoss
453,3,mix,0.006100000000000008,464.40075321197855,10.623932955278592,21.549959471237493,10.754600347474565,462.44781494140625
453,3,3,0.006100000000000008,458.5842703797844,10.463431709192015,21.414580789260956,10.754600347474565,462.44781494140625
453,3,4,0.006100000000000008,294.21679494295756,7.765964571386576,17.15274890339614,24.339358681126644,462.44781494140625
453,3,5,0.006100000000000008,130.66019991039525,3.2113882191479206,11.43066926782484,92.48956298828125,462.44781494140625
