epoch,startPos,prefixLength,learnRate,MSE,MAE,RMSE,meanLoss,totalLoss
287,2,mix,0.008600000000000009,341.7548207051409,8.27523842948521,18.48661193148006,8.44936993800172,920.9813232421875
287,2,2,0.008600000000000009,344.45553430291557,8.345755535595377,18.559513309968978,8.44936993800172,920.9813232421875
287,2,3,0.008600000000000009,457.1936190427128,10.689996408467943,21.382086405276564,21.418170307957848,920.9813232421875
287,2,4,0.008600000000000009,260.9580121103346,6.988558823615312,16.154194876574152,48.47270122327303,920.9813232421875
287,2,5,0.008600000000000009,106.66640749794641,3.032942807301879,10.327943042927107,184.1962646484375,920.9813232421875
