epoch,startPos,prefixLength,learnRate,MSE,MAE,RMSE,meanLoss,totalLoss
246,3,mix,0.008100000000000012,672.5611048768473,21.487208921175736,25.93378308070088,21.043974609375,1052.19873046875
246,3,3,0.008100000000000012,670.928299702624,21.52378648519516,25.90228367736374,21.043974609375,1052.19873046875
246,3,4,0.008100000000000012,564.8717302052321,19.236361861228943,23.76703031944109,55.37888055098684,1052.19873046875
