epoch,startPos,prefixLength,learnRate,MSE,MAE,RMSE,meanLoss,totalLoss
168,3,mix,0.008600000000000009,541.7955358521286,12.32601540840485,23.27650179584829,10.220430595930232,439.478515625
168,3,3,0.008600000000000009,540.8354764399987,12.289175963029265,23.255869720137294,10.220430595930232,439.478515625
168,3,4,0.008600000000000009,319.4332849615979,7.792897152900696,17.872696633737114,23.130448190789473,439.478515625
