epoch,startPos,prefixLength,learnRate,MSE,MAE,RMSE,meanLoss,totalLoss
340,3,mix,0.00830000000000001,476.34225369768717,11.00167451460253,21.82526640611031,10.6935850631359,459.82415771484375
340,3,3,0.00830000000000001,467.83389539807905,10.799975140528245,21.629468218106496,10.6935850631359,459.82415771484375
340,3,4,0.00830000000000001,274.919228697293,6.918956281244755,16.580688426518755,24.201271458675986,459.82415771484375
340,3,5,0.00830000000000001,117.76693148414667,4.698259629309177,10.852047340670177,76.63735961914062,459.82415771484375
