epoch,startPos,prefixLength,learnRate,MSE,MAE,RMSE,meanLoss,totalLoss
201,4,mix,0.00840000000000001,298.86690738079625,7.998737794160843,17.28776756498063,8.103180734734787,153.96043395996094
201,4,4,0.00840000000000001,284.1697414612717,7.447095208615065,16.857334945396076,8.103180734734787,153.96043395996094
201,4,5,0.00840000000000001,130.68542380487827,3.214262291789055,11.431772557433002,30.792086791992187,153.96043395996094
