epoch,startPos,prefixLength,learnRate,MSE,MAE,RMSE,meanLoss,totalLoss
38,1,mix,0.008,463.38498628019516,12.528341199014042,21.526378847362952,12.956204373719263,3951.642333984375
38,1,1,0.008,505.66394089999903,17.72437011958523,22.486972693094973,29.71159649612312,3951.642333984375
38,1,2,0.008,374.38804567612704,10.137533787904042,19.349109686911362,35.924021218039776,3951.642333984375
38,1,3,0.008,419.41486289593195,10.250647686421871,20.479620672657294,91.89865892986919,3951.642333984375
38,1,4,0.008,326.6333881012618,8.175808614026755,18.073001635070522,207.98117547286185,3951.642333984375
38,1,5,0.008,89.9829445635934,3.851399442180991,9.485934037489056,790.328466796875,3951.642333984375
