epoch,startPos,prefixLength,learnRate,MSE,MAE,RMSE,meanLoss,totalLoss
35,3,mix,0.0099,523.0245513265244,11.757285257970745,22.86973002303535,10.491687863372093,451.142578125
35,3,3,0.0099,515.5245352009292,11.588286594572393,22.705165385896866,10.491687863372093,451.142578125
35,3,4,0.0099,265.8068969594421,7.155108314007521,16.30358540197346,23.744346217105264,451.142578125
35,3,5,0.0099,407.8772302400686,11.19647546671331,20.195970643672183,90.228515625,451.142578125
