epoch,startPos,prefixLength,learnRate,MSE,MAE,RMSE,meanLoss,totalLoss
488,4,mix,0.007500000000000012,260.895199180888,6.9898416474461555,16.152250591818095,7.76449906198602,147.52548217773438
488,4,4,0.007500000000000012,260.8951991808932,6.989841648191214,16.152250591818255,7.76449906198602,147.52548217773438
488,4,5,0.007500000000000012,106.63521681159273,3.0337946452200413,10.326432918079346,29.505096435546875,147.52548217773438
