epoch,startPos,prefixLength,learnRate,MSE,MAE,RMSE,meanLoss,totalLoss
490,3,mix,0.005900000000000008,687.3867445731605,21.318231949439415,26.218061419051573,21.54050537109375,1077.0252685546875
490,3,3,0.005900000000000008,695.942712241261,21.39454749455819,26.380726150757507,21.54050537109375,1077.0252685546875
490,3,4,0.005900000000000008,645.7352656291878,21.153303730487824,25.411321603356008,56.68554045024671,1077.0252685546875
490,3,5,0.005900000000000008,1276.8809224822103,32.90660306811333,35.73347061904581,215.4050537109375,1077.0252685546875
