epoch,startPos,prefixLength,learnRate,MSE,MAE,RMSE,meanLoss,totalLoss
298,4,mix,0.007600000000000012,691.5961891148818,20.757450675964357,26.29821646262122,19.206369500411185,364.9210205078125
298,4,4,0.007600000000000012,697.5504702944523,20.847735595703124,26.411180781904704,19.206369500411185,364.9210205078125
298,4,5,0.007600000000000012,792.0640601696373,25.393979609012604,28.143632675431885,60.820170084635414,364.9210205078125
