epoch,startPos,prefixLength,learnRate,MSE,MAE,RMSE,meanLoss,totalLoss
278,3,mix,0.007700000000000012,513.7622750332424,11.480398076501759,22.666324691781032,10.536253463390262,453.05889892578125
278,3,3,0.007700000000000012,506.37110904675717,11.368197334083645,22.502691151210275,10.536253463390262,453.05889892578125
278,3,4,0.007700000000000012,304.28439375570935,7.879272285848856,17.44374941793505,23.845205206620065,453.05889892578125
278,3,5,0.007700000000000012,177.78153832550186,6.228724058717489,13.33347435312724,90.61177978515624,453.05889892578125
