epoch,startPos,prefixLength,learnRate,MSE,MAE,RMSE,meanLoss,totalLoss
63,1,mix,0.008,451.653736106971,17.708003096720752,21.25214662350538,17.465104411419173,2322.85888671875
63,1,1,0.008,449.34915536260377,17.654434083139193,21.19785732951809,17.465104411419173,2322.85888671875
63,1,2,0.008,299.1752365386017,11.985377274719733,17.296682818928076,21.116898970170453,2322.85888671875
63,1,3,0.008,404.1270086784596,12.715062316168439,20.10291045292844,54.01997410973837,2322.85888671875
63,1,4,0.008,261.6778282210108,9.270442268252372,16.17645907549025,122.2557308799342,2322.85888671875
63,1,5,0.008,95.83902413556768,6.337938729673624,9.78974075936476,387.1431477864583,2322.85888671875
