epoch,startPos,prefixLength,learnRate,MSE,MAE,RMSE,meanLoss,totalLoss
88,3,mix,0.009400000000000004,503.84855131935456,11.297830331562595,22.446571037005953,10.501224251680595,451.5526428222656
88,3,3,0.009400000000000004,505.7016150844998,11.355591068128971,22.4878103666075,10.501224251680595,451.5526428222656
88,3,4,0.009400000000000004,303.7235285041895,7.829028962552547,17.427665606850205,23.765928569592926,451.5526428222656
88,3,5,0.009400000000000004,176.39373150784772,6.039966460317373,13.281330185935733,90.31052856445312,451.5526428222656
