epoch,startPos,prefixLength,learnRate,MSE,MAE,RMSE,meanLoss,totalLoss
471,3,mix,0.006100000000000008,672.9667196286288,21.366164730145382,25.9416021021954,21.49776611328125,1074.8883056640625
471,3,3,0.006100000000000008,672.4881853462206,21.262421901409443,25.932377163426814,21.49776611328125,1074.8883056640625
471,3,4,0.006100000000000008,661.3836842354227,22.11065681775411,25.71738097543027,56.573068719161185,1074.8883056640625
471,3,5,0.006100000000000008,981.7066679649688,28.108575463294983,31.332198581730086,214.9776611328125,1074.8883056640625
