epoch,startPos,prefixLength,learnRate,MSE,MAE,RMSE,meanLoss,totalLoss
210,2,mix,0.00840000000000001,330.8741822901936,8.19574529078922,18.18994728662493,8.495953369140626,934.5548706054688
210,2,2,0.00840000000000001,332.51840614461514,8.248159952594765,18.235087226131252,8.495953369140626,934.5548706054688
210,2,3,0.00840000000000001,472.3678293281795,10.747653394768184,21.7340246923615,21.73383420012718,934.5548706054688
210,2,4,0.00840000000000001,302.0867148355776,8.108531741052866,17.380641956946747,49.18709845291941,934.5548706054688
210,2,5,0.00840000000000001,130.32201691278615,3.2503650095313787,11.415866892741267,186.91097412109374,934.5548706054688
