epoch,startPos,prefixLength,learnRate,MSE,MAE,RMSE,meanLoss,totalLoss
112,3,mix,0.009500000000000003,460.77474712498787,10.696747221052647,21.465664376510407,10.497323679369549,451.3849182128906
112,3,3,0.009500000000000003,465.47319684638046,10.81321439942853,21.574827852068264,10.497323679369549,451.3849182128906
112,3,4,0.009500000000000003,260.92426936033416,6.988245085999369,16.153150446904597,23.75710095857319,451.3849182128906
112,3,5,0.009500000000000003,106.65418968720937,3.0315062794834375,10.327351533050928,90.27698364257813,451.3849182128906
