epoch,startPos,prefixLength,learnRate,MSE,MAE,RMSE,meanLoss,totalLoss
440,2,mix,0.006400000000000009,768.9918948863657,23.34112716948285,27.73070310840253,23.298976812147558,3098.763916015625
440,2,2,0.006400000000000009,762.6765638457275,23.18334880821845,27.61659942581142,23.298976812147558,3098.763916015625
440,2,3,0.006400000000000009,678.5708441007748,21.5736091870528,26.04939239408042,61.9752783203125,3098.763916015625
440,2,4,0.006400000000000009,701.3217727192575,22.536647844314576,26.482480486526512,163.0928376850329,3098.763916015625
