epoch,startPos,prefixLength,learnRate,MSE,MAE,RMSE,meanLoss,totalLoss
477,2,mix,0.007600000000000012,361.1264337574663,8.59216241000427,19.0033269128715,8.39674391188063,932.03857421875
477,2,2,0.007600000000000012,361.48987680712884,8.606079121568689,19.012887124451375,8.39674391188063,932.03857421875
477,2,3,0.007600000000000012,467.9192610315403,10.924295421012424,21.6314414922247,21.675315679505815,932.03857421875
477,2,4,0.007600000000000012,287.743086383651,7.230573835968971,16.962991669621577,49.05466180098684,932.03857421875
477,2,5,0.007600000000000012,73.08526617473035,2.465320495888591,8.548992114555396,155.33976236979166,932.03857421875
