epoch,startPos,prefixLength,learnRate,MSE,MAE,RMSE,meanLoss,totalLoss
254,3,mix,0.007900000000000013,571.9670649588072,16.82350045442581,23.915832934665,21.370147705078125,64.11044311523438
254,3,3,0.007900000000000013,644.3928307963686,18.3095526099205,25.384893751922,21.370147705078125,64.11044311523438
254,3,4,0.007900000000000013,209.41209658993807,10.332010805606842,14.471077934623187,64.11044311523438,64.11044311523438
