epoch,startPos,prefixLength,learnRate,MSE,MAE,RMSE,meanLoss,totalLoss
457,2,mix,0.0062000000000000085,78.35261758043097,2.2979668538413307,8.85170139467159,2.4843888459382235,67.07849884033203
457,2,2,0.0062000000000000085,82.31389678264594,2.4503126085871827,9.072700633364134,2.4843888459382235,67.07849884033203
457,2,3,0.0062000000000000085,58.61410074147297,2.1104578741897058,7.655984635660717,22.35949961344401,67.07849884033203
457,2,4,0.0062000000000000085,1.1685689517519442e-06,0.0010751429917945643,0.0010810036779548644,67.07849884033203,67.07849884033203
