epoch,startPos,prefixLength,learnRate,MSE,MAE,RMSE,meanLoss,totalLoss
73,3,mix,0.009700000000000002,516.8760453743527,11.629630023782903,22.734908079302908,10.41386094204215,447.7960205078125
73,3,3,0.009700000000000002,514.3193968259923,11.544408406046303,22.67861099860378,10.41386094204215,447.7960205078125
73,3,4,0.009700000000000002,265.849827337327,7.15347959548235,16.304901941972144,23.568211605674342,447.7960205078125
73,3,5,0.009700000000000002,407.9528980944092,11.195430623367429,20.197843897169054,89.5592041015625,447.7960205078125
