epoch,startPos,prefixLength,learnRate,MSE,MAE,RMSE,meanLoss,totalLoss
72,3,mix,0.009600000000000003,673.5859900308852,21.44089808830848,25.953535212584917,21.50627685546875,1075.3138427734375
72,3,3,0.009600000000000003,669.7723758672569,21.367340931525597,25.879960893850996,21.50627685546875,1075.3138427734375
72,3,4,0.009600000000000003,654.3537676255424,22.026121139526367,25.580339474399914,56.59546540912829,1075.3138427734375
72,3,5,0.009600000000000003,943.8169383531113,27.62316370010376,30.72160377247762,215.0627685546875,1075.3138427734375
