epoch,startPos,prefixLength,learnRate,MSE,MAE,RMSE,meanLoss,totalLoss
358,3,mix,0.0070000000000000106,459.585972356902,10.47448857738213,21.437956347490356,10.784292531567951,463.7245788574219
358,3,3,0.0070000000000000106,459.13584134894023,10.527045466005802,21.42745531669452,10.784292531567951,463.7245788574219
358,3,4,0.0070000000000000106,287.91512950972253,7.523506063967943,16.96806204343096,24.406556781969574,463.7245788574219
358,3,5,0.0070000000000000106,130.67507860394025,3.2126528788357973,11.431320072674907,92.74491577148437,463.7245788574219
