epoch,startPos,prefixLength,learnRate,MSE,MAE,RMSE,meanLoss,totalLoss
74,3,mix,0.009700000000000002,472.45901745472753,10.881627843461253,21.73612241074124,10.626758664153343,456.95062255859375
74,3,3,0.009700000000000002,467.3408634382176,10.770809170874683,21.618067985789516,10.626758664153343,456.95062255859375
74,3,4,0.009700000000000002,275.0567897648932,6.931095496565104,16.58483613922348,24.050032766241777,456.95062255859375
74,3,5,0.009700000000000002,116.79545983670508,4.5772258043289185,10.807194818115619,76.15843709309895,456.95062255859375
