epoch,startPos,prefixLength,learnRate,MSE,MAE,RMSE,meanLoss,totalLoss
392,4,mix,0.008000000000000012,265.8754078574408,7.154249823838472,16.30568636572655,7.8054552580180925,148.30364990234375
392,4,4,0.008000000000000012,265.8754079379104,7.154249825328589,16.305686368194085,7.8054552580180925,148.30364990234375
392,4,5,0.008000000000000012,407.9856395746671,11.196461210027337,20.198654400099702,29.66072998046875,148.30364990234375
