epoch,startPos,prefixLength,learnRate,MSE,MAE,RMSE,meanLoss,totalLoss
102,3,mix,0.009200000000000005,665.0904772885742,18.94612145423889,25.789348136169984,20.571177164713543,61.713531494140625
102,3,3,0.009200000000000005,625.5102430552638,17.93713891506195,25.01020277917122,20.571177164713543,61.713531494140625
102,3,4,0.009200000000000005,167.32494987186055,10.74083387851715,12.935414561267859,61.713531494140625,61.713531494140625
