epoch,startPos,prefixLength,learnRate,MSE,MAE,RMSE,meanLoss,totalLoss
320,2,mix,0.007400000000000012,332.1598607648355,8.190060684457421,18.22525337998996,8.48224931196733,933.0474243164062
320,2,2,0.007400000000000012,331.5767539301325,8.197315191184837,18.209249131420343,8.48224931196733,933.0474243164062
320,2,3,0.007400000000000012,503.743071581028,11.650845255702734,22.444221340492703,21.698777309683866,933.0474243164062
320,2,4,0.007400000000000012,349.6657323276718,8.540619584172964,18.699351120498054,49.107759174547695,933.0474243164062
320,2,5,0.007400000000000012,168.30304042929473,6.003123799338937,12.973166168260342,186.60948486328124,933.0474243164062
