epoch,startPos,prefixLength,learnRate,MSE,MAE,RMSE,meanLoss,totalLoss
222,4,mix,0.008900000000000007,260.96095429463975,6.988734922558069,16.154285941961028,7.910714400442023,150.30357360839844
222,4,4,0.008900000000000007,260.96095429463975,6.988734922558069,16.154285941961028,7.910714400442023,150.30357360839844
222,4,5,0.008900000000000007,106.66371707286311,3.0324815027415752,10.327812792303272,30.060714721679688,150.30357360839844
