epoch,startPos,prefixLength,learnRate,MSE,MAE,RMSE,meanLoss,totalLoss
457,2,mix,0.0062000000000000085,332.54274815483865,8.22922443931124,18.235754663705,8.507197709517046,935.791748046875
457,2,2,0.0062000000000000085,334.93006162404265,8.276100919714995,18.30109454715872,8.507197709517046,935.791748046875
457,2,3,0.0062000000000000085,468.312478079161,10.69113795899532,21.640528599809226,21.76259879178779,935.791748046875
457,2,4,0.0062000000000000085,292.1302199556697,7.685296357423067,17.091817339173435,49.252197265625,935.791748046875
457,2,5,0.0062000000000000085,130.6683944355872,3.2116206251084805,11.431027706885642,187.158349609375,935.791748046875
