epoch,startPos,prefixLength,learnRate,MSE,MAE,RMSE,meanLoss,totalLoss
354,3,mix,0.007200000000000011,502.67625655411035,11.264691166325726,22.420442826895957,10.542860164198764,453.3429870605469
354,3,3,0.007200000000000011,507.28218094179994,11.34358762873506,22.52292567456102,10.542860164198764,453.3429870605469
354,3,4,0.007200000000000011,303.57302240335116,7.832754829339683,17.423347049386095,23.860157213712995,453.3429870605469
354,3,5,0.007200000000000011,174.2819932208329,5.792330721858889,13.201590556475871,90.66859741210938,453.3429870605469
