epoch,startPos,prefixLength,learnRate,MSE,MAE,RMSE,meanLoss,totalLoss
301,3,mix,0.007500000000000012,541.1029896613383,12.280341815880753,23.261620529561956,10.3412901412609,444.67547607421875
301,3,3,0.007500000000000012,550.5539204520799,12.452216157351028,23.463885450881314,10.3412901412609,444.67547607421875
301,3,4,0.007500000000000012,327.24085866841375,7.960963870212436,18.08979985152997,23.40397242495888,444.67547607421875
