epoch,startPos,prefixLength,learnRate,MSE,MAE,RMSE,meanLoss,totalLoss
97,2,mix,0.009600000000000003,341.5080209973562,8.268315044584973,18.479935632933255,8.453212353067661,921.400146484375
97,2,2,0.009600000000000003,343.29698294765507,8.310839985786327,18.52827522862436,8.453212353067661,921.400146484375
97,2,3,0.009600000000000003,461.1053321845473,10.863013098863037,21.473363317946895,21.42791038335756,921.400146484375
97,2,4,0.009600000000000003,256.7959617723426,7.147688002511859,16.024854500816616,48.49474455180921,921.400146484375
97,2,5,0.009600000000000003,105.89734838933731,3.1254884088411927,10.29064373056114,184.280029296875,921.400146484375
