epoch,startPos,prefixLength,learnRate,MSE,MAE,RMSE,meanLoss,totalLoss
400,2,mix,0.00670000000000001,116.36612295516606,2.8565008524329802,10.787313055398275,2.3311261263760654,153.8543243408203
400,2,2,0.00670000000000001,116.47732458952547,2.8666120691671977,10.79246610323727,2.3311261263760654,153.8543243408203
400,2,3,0.00670000000000001,77.64757687018896,2.356229585975825,8.811786247418224,12.82119369506836,153.8543243408203
400,2,4,0.00670000000000001,108.18091879986406,3.1880894716086914,10.40100566290895,51.28477478027344,153.8543243408203
