epoch,startPos,prefixLength,learnRate,MSE,MAE,RMSE,meanLoss,totalLoss
88,3,mix,0.009300000000000004,499.79699933537506,11.553421703590589,22.356140081314912,10.667482597883357,458.7017517089844
88,3,3,0.009300000000000004,497.40737720086,11.465353164821863,22.302631620525414,10.667482597883357,458.7017517089844
88,3,4,0.009300000000000004,352.85190034120046,8.639794122427702,18.78435253984551,24.142197458367598,458.7017517089844
88,3,5,0.009300000000000004,156.9469033642158,5.4866928067058325,12.52784512053912,91.74035034179687,458.7017517089844
