epoch,startPos,prefixLength,learnRate,MSE,MAE,RMSE,meanLoss,totalLoss
473,3,mix,0.007600000000000012,469.41438327679293,10.81522861732678,21.665972936307128,10.728467364643896,461.3240966796875
473,3,3,0.007600000000000012,472.55178592350893,10.881977720016783,21.73825627605648,10.728467364643896,461.3240966796875
473,3,4,0.007600000000000012,259.8518208227337,6.608342426270246,16.11992000050663,24.280215614720394,461.3240966796875
473,3,5,0.007600000000000012,117.7340854809643,4.695852410048246,10.850533879997071,76.88734944661458,461.3240966796875
