epoch,startPos,prefixLength,learnRate,MSE,MAE,RMSE,meanLoss,totalLoss
151,3,mix,0.008900000000000007,672.824819148917,21.395753126878006,25.93886695962098,21.060908203125,1053.04541015625
151,3,3,0.008900000000000007,668.5843254995578,21.507356703281403,25.8569976118566,21.060908203125,1053.04541015625
151,3,4,0.008900000000000007,596.6794996104703,19.74252607822418,24.42702396139305,55.42344263980263,1053.04541015625
