epoch,startPos,prefixLength,learnRate,MSE,MAE,RMSE,meanLoss,totalLoss
188,3,mix,0.009100000000000006,470.31395143738393,10.824733660302378,21.686722929880023,10.676473928052326,459.08837890625
188,3,3,0.009100000000000006,478.4980777513116,11.040634447200732,21.874598916352994,10.676473928052326,459.08837890625
188,3,4,0.009100000000000006,282.49000864188713,7.077531117200851,16.807439086365513,24.162546258223685,459.08837890625
188,3,5,0.009100000000000006,116.28795038394328,4.513432782143354,10.78368908972914,76.51472981770833,459.08837890625
