epoch,startPos,prefixLength,learnRate,MSE,MAE,RMSE,meanLoss,totalLoss
335,4,mix,0.00830000000000001,265.89358763814795,7.155530399829149,16.306243823705934,7.9229278564453125,150.53562927246094
335,4,4,0.00830000000000001,265.8935873311591,7.155530394613743,16.306243814292706,7.9229278564453125,150.53562927246094
335,4,5,0.00830000000000001,340.31844861831564,9.416996760293841,18.447722044152652,30.10712585449219,150.53562927246094
