epoch,startPos,prefixLength,learnRate,MSE,MAE,RMSE,meanLoss,totalLoss
77,1,mix,0.005,439.74834749219093,17.666200433802956,20.97017757416925,17.545015492833645,2333.487060546875
77,1,1,0.005,440.05512915928034,17.64708722875837,20.977491012017627,17.545015492833645,2333.487060546875
77,1,2,0.005,296.97209158538595,15.310036115481385,17.232878215358742,21.213518732244317,2333.487060546875
77,1,3,0.005,378.59041288626855,16.99462613260204,19.457399951850416,54.26714094295058,2333.487060546875
77,1,4,0.005,268.3283378846148,14.925342118740081,16.38073068836109,122.81510844983552,2333.487060546875
77,1,5,0.005,194.63620630184994,12.827475100755692,13.95120805886895,466.697412109375,2333.487060546875
