epoch,startPos,prefixLength,learnRate,MSE,MAE,RMSE,meanLoss,totalLoss
452,3,mix,0.006300000000000009,678.2092012608692,21.366947073202866,26.042449985761117,21.5495263671875,1077.476318359375
452,3,3,0.006300000000000009,678.5914254251576,21.391943482252266,26.049787435316198,21.5495263671875,1077.476318359375
452,3,4,0.006300000000000009,663.4138926899158,22.23474321762721,25.756822255276674,56.709279913651315,1077.476318359375
452,3,5,0.006300000000000009,959.5117263370917,27.853755176067352,30.975986285138553,215.495263671875,1077.476318359375
