epoch,startPos,prefixLength,learnRate,MSE,MAE,RMSE,meanLoss,totalLoss
239,2,mix,0.008200000000000011,656.6742514453956,20.503024424825394,25.625656117364013,19.34859139578683,541.7605590820312
239,2,2,0.008200000000000011,656.4445802888984,20.481182404926844,25.62117445178691,19.34859139578683,541.7605590820312
239,2,3,0.008200000000000011,598.3442328857564,19.235386610031128,24.461075873431167,180.58685302734375,541.7605590820312
239,2,4,0.008200000000000011,346.7038117231823,17.95680260658264,18.619984203086272,541.7605590820312,541.7605590820312
