epoch,startPos,prefixLength,learnRate,MSE,MAE,RMSE,meanLoss,totalLoss
64,4,mix,0.009600000000000003,362.3710611444128,8.938578899949789,19.036046363266003,7.852632221422698,149.20001220703125
64,4,4,0.009600000000000003,362.37105331397277,8.938578648865223,19.03604615759199,7.852632221422698,149.20001220703125
64,4,5,0.009600000000000003,187.14007614377797,6.860332760959864,13.679915063470897,29.84000244140625,149.20001220703125
