epoch,startPos,prefixLength,learnRate,MSE,MAE,RMSE,meanLoss,totalLoss
134,1,mix,0.0009,448.2170881885592,17.524699811964776,21.17113809384274,17.507777622767858,2328.534423828125
134,1,1,0.0009,447.3065283016152,17.49862223107255,21.149622415107444,17.507777622767858,2328.534423828125
134,1,2,0.0009,282.25096991046684,11.506789435566004,16.80032648225822,21.168494762073863,2328.534423828125
134,1,3,0.0009,460.3319393985449,13.79515342651443,21.455347571142838,54.15196334484012,2328.534423828125
134,1,4,0.0009,275.77307319256397,9.259711220115424,16.60641662709219,122.554443359375,2328.534423828125
