epoch,startPos,prefixLength,learnRate,MSE,MAE,RMSE,meanLoss,totalLoss
135,2,mix,0.009200000000000005,759.1568279222356,23.036600637085296,27.55280072737136,23.280284451362782,3096.27783203125
135,2,2,0.009200000000000005,756.9359871315038,23.052542570759268,27.512469666162357,23.280284451362782,3096.27783203125
135,2,3,0.009200000000000005,863.3316981145329,24.424446848722603,29.382506668331292,61.925556640625,3096.27783203125
135,2,4,0.009200000000000005,998.2087717625584,26.690469551086426,31.59444210241033,162.96199115953948,3096.27783203125
135,2,5,0.009200000000000005,980.4500335273566,23.07400408387184,31.312138756836088,516.0463053385416,3096.27783203125
