epoch,startPos,prefixLength,learnRate,MSE,MAE,RMSE,meanLoss,totalLoss
398,3,mix,0.00670000000000001,656.2495676298302,21.112103861111862,25.617368475896,21.0402197265625,1052.010986328125
398,3,3,0.00670000000000001,660.3358275869737,21.31975516447654,25.69700036165649,21.0402197265625,1052.010986328125
398,3,4,0.00670000000000001,605.3581620290131,20.045874762535096,24.604027353850284,55.36899928042763,1052.010986328125
