epoch,startPos,prefixLength,learnRate,MSE,MAE,RMSE,meanLoss,totalLoss
77,1,mix,0.005,213.37407830546996,5.121483399202726,14.60732960898295,4.61347032131109,613.591552734375
77,1,1,0.005,213.92140500235527,5.137581817475483,14.626052269917377,4.61347032131109,613.591552734375
77,1,2,0.005,78.33907720027868,2.2983569381760844,8.850936515436018,22.72561306423611,613.591552734375
77,1,3,0.005,57.789733061438035,1.9545813145377906,7.601955870789967,204.530517578125,613.591552734375
77,1,4,0.005,3.4751522468083913e-06,0.001860849417425925,0.0018641760235579663,613.591552734375,613.591552734375
