epoch,startPos,prefixLength,learnRate,MSE,MAE,RMSE,meanLoss,totalLoss
79,2,mix,0.009600000000000003,767.3098809766246,23.311023456208847,27.70035886006939,23.335926486137218,3103.67822265625
79,2,2,0.009600000000000003,767.5956049856411,23.299850749618866,27.70551578631304,23.335926486137218,3103.67822265625
79,2,3,0.009600000000000003,693.9386908479757,22.024354081887466,26.342716087145906,62.073564453125,3103.67822265625
79,2,4,0.009600000000000003,847.1329127400629,24.986458802223204,29.105547800033982,163.35148540296052,3103.67822265625
