epoch,startPos,prefixLength,learnRate,MSE,MAE,RMSE,meanLoss,totalLoss
400,2,mix,0.00670000000000001,332.5487799505233,8.237279056438378,18.235920046724356,8.516316916725852,936.7948608398438
400,2,2,0.00670000000000001,330.26158495922584,8.164183630608022,18.173100587385353,8.516316916725852,936.7948608398438
400,2,3,0.00670000000000001,471.10455447342105,10.755594398487698,21.704943088463075,21.785926996275435,936.7948608398438
400,2,4,0.00670000000000001,306.85659342165883,8.25449456423521,17.517322667053286,49.30499267578125,936.7948608398438
400,2,5,0.00670000000000001,130.64177559245553,3.2135243825614452,11.429863323437228,187.35897216796874,936.7948608398438
