epoch,startPos,prefixLength,learnRate,MSE,MAE,RMSE,meanLoss,totalLoss
19,1,mix,0.01,521.7322862133893,12.894669771580368,22.8414598091582,12.889614818135247,3931.33251953125
19,1,1,0.01,733.7113461790645,18.538234915802605,27.087106640966002,29.782822117660984,3931.33251953125
19,1,2,0.01,342.29271940958125,8.436798511792274,18.50115454261115,35.739386541193184,3931.33251953125
19,1,3,0.01,392.20184008361866,9.201115580307404,19.804086449104858,91.42633766351744,3931.33251953125
19,1,4,0.01,272.59814639090104,7.24987962541636,16.510546520055023,206.91223787006578,3931.33251953125
19,1,5,0.01,133.55080793842495,3.985280838343897,11.556418473663237,786.26650390625,3931.33251953125
