epoch,startPos,prefixLength,learnRate,MSE,MAE,RMSE,meanLoss,totalLoss
335,3,mix,0.007100000000000011,493.94800781024753,11.40394218232144,22.224941120512504,10.64286697742551,457.6432800292969
335,3,3,0.007100000000000011,499.37382085613166,11.517574512145735,22.34667359711802,10.64286697742551,457.6432800292969
335,3,4,0.007100000000000011,359.1876234094865,8.83816142603755,18.95224586716536,24.086488422594574,457.6432800292969
335,3,5,0.007100000000000011,175.81026818373806,6.344390474259853,13.259346446327514,91.52865600585938,457.6432800292969
