epoch,startPos,prefixLength,learnRate,MSE,MAE,RMSE,meanLoss,totalLoss
457,2,mix,0.0062000000000000085,350.08797961841634,8.466317252455545,18.710638140331195,8.408980490944602,924.9878540039062
457,2,2,0.0062000000000000085,348.17138080153836,8.420483255359743,18.659351028413028,8.408980490944602,924.9878540039062
457,2,3,0.0062000000000000085,543.0455430541743,12.354949984022163,23.30333759473467,21.51134544195131,924.9878540039062
457,2,4,0.0062000000000000085,312.2614833843237,7.656527685374021,17.670921973239643,48.68357126336349,924.9878540039062
