epoch,startPos,prefixLength,learnRate,MSE,MAE,RMSE,meanLoss,totalLoss
407,5,mix,0.0066000000000000095,652.5363433398597,21.533377289772034,25.544790923784436,20.799099731445313,103.99549865722656
407,5,5,0.0066000000000000095,650.7466524440279,21.513234853744507,25.50973642443269,20.799099731445313,103.99549865722656
