epoch,startPos,prefixLength,learnRate,MSE,MAE,RMSE,meanLoss,totalLoss
130,3,mix,0.009000000000000006,479.9386120615345,10.888386419550939,21.907501273799678,10.812062108239463,464.9186706542969
130,3,3,0.009000000000000006,469.09122486578525,10.673905411227183,21.658513911757318,10.812062108239463,464.9186706542969
130,3,4,0.009000000000000006,296.32061701330065,7.847525429725647,17.2139657549706,24.469403718647204,464.9186706542969
130,3,5,0.009000000000000006,130.6564436504251,3.211826926097274,11.430504960430449,92.98373413085938,464.9186706542969
