epoch,startPos,prefixLength,learnRate,MSE,MAE,RMSE,meanLoss,totalLoss
452,3,mix,0.0062000000000000085,667.664374287065,21.06162708080732,25.839202276522876,21.47302490234375,1073.6512451171875
452,3,3,0.0062000000000000085,681.359076295111,21.144531754346993,26.10285571149469,21.47302490234375,1073.6512451171875
452,3,4,0.0062000000000000085,638.4617604732172,20.98461903333664,25.267800863415424,56.50796026932566,1073.6512451171875
452,3,5,0.0062000000000000085,1279.3982374221994,32.92395228147507,35.76867676364614,214.7302490234375,1073.6512451171875
