epoch,startPos,prefixLength,learnRate,MSE,MAE,RMSE,meanLoss,totalLoss
102,1,mix,0.006,439.82107797834806,17.774651137892814,20.971911643394552,17.528489191729324,2331.2890625
102,1,1,0.006,439.3636355225062,17.763932752696906,20.961002731799503,17.528489191729324,2331.2890625
102,1,2,0.006,291.89961842564855,12.027468458231953,17.08507004450519,21.002604166666668,2331.2890625
102,1,3,0.006,402.07143386264784,12.875404712828724,20.051718975256158,54.216024709302324,2331.2890625
102,1,4,0.006,253.25599920542317,8.970327273756265,15.914018952025385,122.69942434210526,2331.2890625
102,1,5,0.006,67.25211773636545,4.518263336271048,8.200738853076926,388.5481770833333,2331.2890625
