epoch,startPos,prefixLength,learnRate,MSE,MAE,RMSE,meanLoss,totalLoss
63,1,mix,0.007,703.7927922551686,21.36686152840654,26.529093317623364,21.67968241373698,4162.4990234375
63,1,1,0.007,707.151550727269,21.41890501541396,26.592321273767528,21.67968241373698,4162.4990234375
63,1,2,0.007,1307.3671162689943,29.481537103652954,36.15753194382872,31.296985138627818,4162.4990234375
63,1,3,0.007,1987.1866378520551,38.89338181569026,44.577871616442785,83.24998046875,4162.4990234375
63,1,4,0.007,2736.57491911638,47.91616519292196,52.31228267927504,219.07889597039474,4162.4990234375
63,1,5,0.007,3202.755274731378,51.72618380188942,56.59289067304636,832.4998046875,4162.4990234375
