epoch,startPos,prefixLength,learnRate,MSE,MAE,RMSE,meanLoss,totalLoss
459,2,mix,0.006300000000000009,772.8068137218297,23.356173378579758,27.799403118085642,23.297469748590224,3098.5634765625
459,2,2,0.006300000000000009,769.9981277727759,23.315132286618738,27.748840115809813,23.297469748590224,3098.5634765625
459,2,3,0.006300000000000009,670.6939890521979,21.38846450127088,25.897760309574995,61.97126953125,3098.5634765625
459,2,4,0.006300000000000009,702.4835359086713,22.561280131340027,26.50440597162425,163.0822882401316,3098.5634765625
