epoch,startPos,prefixLength,learnRate,MSE,MAE,RMSE,meanLoss,totalLoss
419,2,mix,0.0066000000000000095,77.02649455292956,2.2462366146782813,8.776473924813402,2.4682029441550926,66.6414794921875
419,2,2,0.0066000000000000095,80.98739440681332,2.398579421394146,8.99929966201889,2.4682029441550926,66.6414794921875
419,2,3,0.0066000000000000095,36.59324304073293,1.4688930287477433,6.049234913667425,22.213826497395832,66.6414794921875
419,2,4,0.0066000000000000095,7.574463422693961e-08,0.00023947796216816641,0.0002752174308195969,66.6414794921875,66.6414794921875
