epoch,startPos,prefixLength,learnRate,MSE,MAE,RMSE,meanLoss,totalLoss
179,5,mix,0.008600000000000009,650.2593566545893,21.47638738155365,25.5001834631555,20.66595916748047,103.32979583740234
179,5,5,0.008600000000000009,651.8718344910412,21.47695255279541,25.531780871906317,20.66595916748047,103.32979583740234
