epoch,startPos,prefixLength,learnRate,MSE,MAE,RMSE,meanLoss,totalLoss
115,1,mix,0.002,426.80226162127923,17.29203760448624,20.659193150297018,17.563974091500945,2318.444580078125
115,1,1,0.002,425.8021798408942,17.278738080414342,20.634974675072762,17.563974091500945,2318.444580078125
115,1,2,0.002,249.52564189853166,11.13835935946554,15.796380658192929,20.886888108811938,2318.444580078125
115,1,3,0.002,405.4895269612491,12.827674058858644,20.13677051965506,53.91731581577035,2318.444580078125
115,1,4,0.002,258.2748490386645,9.178027386218309,16.070931803684083,122.02339895148026,2318.444580078125
