epoch,startPos,prefixLength,learnRate,MSE,MAE,RMSE,meanLoss,totalLoss
117,2,mix,0.009300000000000004,755.871937681856,23.088253058054867,27.4931252803652,23.59188131461466,3137.72021484375
117,2,2,0.009300000000000004,762.1472655618227,23.186965753050412,27.60701478903184,23.59188131461466,3137.72021484375
117,2,3,0.009300000000000004,847.265442208849,24.679317625669334,29.107824415590542,62.754404296875,3137.72021484375
117,2,4,0.009300000000000004,1144.0941627831587,29.899579693873722,33.82446101245604,165.14316920230263,3137.72021484375
117,2,5,0.009300000000000004,1750.447246002254,37.39944675564766,41.838346597377075,627.54404296875,3137.72021484375
