epoch,startPos,prefixLength,learnRate,MSE,MAE,RMSE,meanLoss,totalLoss
20,1,mix,0.01,447.34661403056805,17.444581044442725,21.15057006396206,17.7640371681156,2362.616943359375
20,1,1,0.01,448.64905817418645,17.47092870916381,21.18133749729196,17.7640371681156,2362.616943359375
20,1,2,0.01,273.31053430875824,14.214478494333369,16.532106166751962,21.478335848721592,2362.616943359375
20,1,3,0.01,366.831707712998,16.08611984550953,19.15285116406949,54.944580078125,2362.616943359375
20,1,4,0.01,286.772517437206,14.61568442583084,16.934359079611074,124.3482601768092,2362.616943359375
20,1,5,0.01,161.31007845217832,11.979399763047695,12.7007904656434,472.523388671875,2362.616943359375
