epoch,startPos,prefixLength,learnRate,MSE,MAE,RMSE,meanLoss,totalLoss
464,5,mix,0.006100000000000008,651.7491122827455,21.506390631198883,25.5293774362546,20.76880645751953,103.84403228759766
464,5,5,0.006100000000000008,638.9183705273281,21.297639966011047,25.276834661945472,20.76880645751953,103.84403228759766
