epoch,startPos,prefixLength,learnRate,MSE,MAE,RMSE,meanLoss,totalLoss
391,2,mix,0.00690000000000001,661.1284808012146,20.405766436031886,25.712418804951326,19.43571036202567,544.1998901367188
391,2,2,0.00690000000000001,645.5191321573191,20.181811856372015,25.407068547105528,19.43571036202567,544.1998901367188
391,2,3,0.00690000000000001,550.3964164678368,18.102510571479797,23.460528904264645,181.39996337890625,544.1998901367188
391,2,4,0.00690000000000001,335.18855503219197,17.673496782779694,18.30815542407787,544.1998901367188,544.1998901367188
