epoch,startPos,prefixLength,learnRate,MSE,MAE,RMSE,meanLoss,totalLoss
172,2,mix,0.008700000000000008,116.47559584425454,2.8631568783104795,10.792386012567126,2.3309867165305396,153.84512329101562
172,2,2,0.008700000000000008,116.58679895535037,2.8732671614025698,10.79753670775656,2.3309867165305396,153.84512329101562
172,2,3,0.008700000000000008,77.65283942533476,2.3555961595263852,8.812084851233264,12.820426940917969,153.84512329101562
172,2,4,0.008700000000000008,182.90720248000426,4.375123122322066,13.524318928508166,51.281707763671875,153.84512329101562
