epoch,startPos,prefixLength,learnRate,MSE,MAE,RMSE,meanLoss,totalLoss
153,2,mix,0.008900000000000007,333.24391661947965,9.812074692505929,18.254969641702495,9.27545815325798,1307.839599609375
153,2,2,0.008900000000000007,331.4427180398696,9.804279649474969,18.20556832509959,9.27545815325798,1307.839599609375
153,2,3,0.008900000000000007,346.02311746396964,10.150145166141625,18.601696628640347,13.210501006155303,1307.839599609375
153,2,4,0.008900000000000007,317.30627802327393,9.654232730179848,17.813092882014452,16.984929865056817,1307.839599609375
