epoch,startPos,prefixLength,learnRate,MSE,MAE,RMSE,meanLoss,totalLoss
337,3,mix,0.007200000000000011,77.6491853349593,2.355952036873532,8.811877514750151,2.373108386993408,28.4773006439209
337,3,3,0.007200000000000011,77.64913608650764,2.3559492514622207,8.811874720313927,2.373108386993408,28.4773006439209
337,3,4,0.007200000000000011,184.63437883893775,4.703436253212203,13.58802336025876,9.492433547973633,28.4773006439209
