epoch,startPos,prefixLength,learnRate,MSE,MAE,RMSE,meanLoss,totalLoss
416,3,mix,0.007900000000000013,473.22230107521466,10.89961526068774,21.753673277752764,10.669985039289607,458.8093566894531
416,3,3,0.007900000000000013,474.8501567564462,10.936522122133862,21.791056806783057,10.669985039289607,458.8093566894531
416,3,4,0.007900000000000013,289.9184112312372,7.224174659699202,17.02699066867769,24.14786087839227,458.8093566894531
416,3,5,0.007900000000000013,120.76765896343883,5.072999782860279,10.989433969201455,76.46822611490886,458.8093566894531
