epoch,startPos,prefixLength,learnRate,MSE,MAE,RMSE,meanLoss,totalLoss
150,2,mix,0.008900000000000007,346.00564534557105,8.503348824701138,18.60122698494836,8.420048384232954,926.205322265625
150,2,2,0.008900000000000007,347.3657108779925,8.54296943818086,18.637749619468348,8.420048384232954,926.205322265625
150,2,3,0.008900000000000007,507.52109574854126,11.342586181549864,22.528228863995086,21.539658657340116,926.205322265625
150,2,4,0.008900000000000007,303.73570298604267,7.82980644851923,17.428014889425665,48.747648540296055,926.205322265625
150,2,5,0.008900000000000007,173.40186298426997,5.665743940509856,13.168214115219648,185.241064453125,926.205322265625
