epoch,startPos,prefixLength,learnRate,MSE,MAE,RMSE,meanLoss,totalLoss
191,1,mix,0.0003999999999999998,426.7445146418953,17.361977253560767,20.65779549327312,17.58229925399436,2338.44580078125
191,1,1,0.0003999999999999998,425.0740271504355,17.31608676786224,20.61732347203282,17.58229925399436,2338.44580078125
191,1,2,0.0003999999999999998,268.82826911412656,11.637683350725897,16.395983322574054,21.258598188920455,2338.44580078125
191,1,3,0.0003999999999999998,396.30207598247256,12.605459930883212,19.907337239884008,54.38246048328488,2338.44580078125
191,1,4,0.0003999999999999998,261.13141423602065,9.716752871870995,16.15956107807451,123.07609477796052,2338.44580078125
191,1,5,0.0003999999999999998,120.67048015056011,5.227452538907528,10.985011613583307,467.68916015625,2338.44580078125
