epoch,startPos,prefixLength,learnRate,MSE,MAE,RMSE,meanLoss,totalLoss
457,2,mix,0.007700000000000012,353.9716965084409,8.437193886687359,18.81413555038979,8.410790245812219,933.5977172851562
457,2,2,0.007700000000000012,353.64821049521316,8.434300373963735,18.805536697877386,8.410790245812219,933.5977172851562
457,2,3,0.007700000000000012,515.5828292984766,11.587253838777542,22.706449068457985,21.711574820585028,933.5977172851562
457,2,4,0.007700000000000012,265.8519443503963,7.153461562097073,16.304966861370687,49.13672196237665,933.5977172851562
457,2,5,0.007700000000000012,340.2550516097463,9.414457341656089,18.446003675857444,186.71954345703125,933.5977172851562
