epoch,startPos,prefixLength,learnRate,MSE,MAE,RMSE,meanLoss,totalLoss
68,4,mix,0.009600000000000003,287.9668839571531,7.543412771075964,16.969587029658474,8.141644929584704,154.69125366210938
68,4,4,0.009600000000000003,290.1155566003948,7.63528660312295,17.032778886617262,8.141644929584704,154.69125366210938
68,4,5,0.009600000000000003,130.67087192571412,3.2120013497769833,11.43113607327435,30.938250732421874,154.69125366210938
