epoch,startPos,prefixLength,learnRate,MSE,MAE,RMSE,meanLoss,totalLoss
368,3,mix,0.00690000000000001,520.3595586566253,16.301303505897522,22.81139098469502,20.87781016031901,62.63343048095703
368,3,3,0.00690000000000001,722.0828019877581,19.805835843086243,26.87159842636381,20.87781016031901,62.63343048095703
368,3,4,0.00690000000000001,267.73317198698714,11.391498446464539,16.362553956732647,62.63343048095703,62.63343048095703
