epoch,startPos,prefixLength,learnRate,MSE,MAE,RMSE,meanLoss,totalLoss
400,2,mix,0.00670000000000001,82.3153066842731,2.450595213889301,9.072778333249033,2.433886492693866,65.71493530273438
400,2,2,0.00670000000000001,80.99487161785328,2.399810630977754,8.99971508537094,2.433886492693866,65.71493530273438
400,2,3,0.00670000000000001,82.30471907915789,2.829488203555229,9.072194832517537,21.904978434244793,65.71493530273438
400,2,4,0.00670000000000001,1.8838513661452584e-06,0.001370442161714891,0.0013725346502530486,65.71493530273438,65.71493530273438
