epoch,startPos,prefixLength,learnRate,MSE,MAE,RMSE,meanLoss,totalLoss
430,4,mix,0.006300000000000009,558.2133082394714,18.40551495552063,23.626538219541843,19.743138363486842,375.11962890625
430,4,4,0.006300000000000009,564.7821993662828,18.423820900917054,23.76514673563542,19.743138363486842,375.11962890625
430,4,5,0.006300000000000009,724.0449656578671,23.340851843357086,26.908083648930987,75.02392578125,375.11962890625
