epoch,startPos,prefixLength,learnRate,MSE,MAE,RMSE,meanLoss,totalLoss
396,3,mix,0.0066000000000000095,478.7610025653984,10.868269174613737,21.88060791123954,10.438707218613736,448.8644104003906
396,3,3,0.0066000000000000095,480.81254363624527,10.988947001370517,21.92743814576261,10.438707218613736,448.8644104003906
396,3,4,0.0066000000000000095,298.54946691299386,7.35917489156127,17.278584054053557,23.62444265265214,448.8644104003906
