epoch,startPos,prefixLength,learnRate,MSE,MAE,RMSE,meanLoss,totalLoss
168,3,mix,0.008600000000000009,473.3192418219875,10.814514577388763,21.755901310264935,10.820678001226382,465.2891540527344
168,3,3,0.008600000000000009,482.3852868653603,11.036049746315587,21.963271315206217,10.820678001226382,465.2891540527344
168,3,4,0.008600000000000009,302.6040737025936,8.092857126146555,17.395518782220712,24.488902844880755,465.2891540527344
168,3,5,0.008600000000000009,130.6354585530475,3.214279778301716,11.429586980860135,93.05783081054688,465.2891540527344
