epoch,startPos,prefixLength,learnRate,MSE,MAE,RMSE,meanLoss,totalLoss
392,4,mix,0.00670000000000001,561.1991458644579,18.417870354652404,23.689642164128564,19.70930882504112,374.47686767578125
392,4,4,0.00670000000000001,558.7821995276051,18.279524326324463,23.638574397107902,19.70930882504112,374.47686767578125
392,4,5,0.00670000000000001,717.0292138509044,23.240723073482513,26.777401178062526,74.89537353515625,374.47686767578125
