epoch,startPos,prefixLength,learnRate,MSE,MAE,RMSE,meanLoss,totalLoss
343,2,mix,0.007200000000000011,82.31552249656673,2.450634471312924,9.072790226637379,2.4381261754918984,65.82940673828125
343,2,2,0.007200000000000011,78.35414781517574,2.2982901203520214,8.851787831572542,2.4381261754918984,65.82940673828125
343,2,3,0.007200000000000011,38.36383720088301,1.579539599153577,6.193854793332099,21.943135579427082,65.82940673828125
343,2,4,0.007200000000000011,1.998962919382431e-06,0.0014137536873022327,0.001413846851459673,65.82940673828125,65.82940673828125
