epoch,startPos,prefixLength,learnRate,MSE,MAE,RMSE,meanLoss,totalLoss
158,1,mix,0.003,450.94381491022483,17.6955179405563,21.235437714118934,17.493204446663533,2326.59619140625
158,1,1,0.003,452.56729858399035,17.719481597709304,21.273629182252623,17.493204446663533,2326.59619140625
158,1,2,0.003,297.8555519786659,11.95229159056076,17.25849216990482,21.150874467329544,2326.59619140625
158,1,3,0.003,400.8359766408086,12.6224779561162,20.020888507776288,54.10688817223837,2326.59619140625
158,1,4,0.003,255.3162642984725,9.13230317234993,15.978618973442996,122.45243112664474,2326.59619140625
158,1,5,0.003,96.04468124170313,6.307535395026207,9.800238835952067,387.7660319010417,2326.59619140625
