epoch,startPos,prefixLength,learnRate,MSE,MAE,RMSE,meanLoss,totalLoss
248,2,mix,0.008100000000000012,333.9229255220923,9.817419660898546,18.273558096935922,9.283210916722075,1308.9327392578125
248,2,2,0.008100000000000012,333.4903235967942,9.831625063489708,18.26171743283731,9.283210916722075,1308.9327392578125
248,2,3,0.008100000000000012,350.6825509702472,10.252488571720628,18.726519990917886,13.221542820785984,1308.9327392578125
248,2,4,0.008100000000000012,319.843700040087,9.724338189343966,17.884174569716293,16.999126483867695,1308.9327392578125
