epoch,startPos,prefixLength,learnRate,MSE,MAE,RMSE,meanLoss,totalLoss
265,3,mix,0.007900000000000013,594.2883349277529,19.68063989510903,24.378029758939768,21.32169921875,1066.0849609375
265,3,3,0.007900000000000013,600.9872624863524,19.82337772846222,24.515041555876515,21.32169921875,1066.0849609375
265,3,4,0.007900000000000013,555.9529224256894,18.72655305862427,23.57865395703685,56.10973478618421,1066.0849609375
