epoch,startPos,prefixLength,learnRate,MSE,MAE,RMSE,meanLoss,totalLoss
46,4,mix,0.009700000000000002,304.334965666626,7.877585286647081,17.445198928835005,7.431345086348684,141.195556640625
46,4,4,0.009700000000000002,305.03762895039904,7.924429505690933,17.465326477063034,7.431345086348684,141.195556640625
46,4,5,0.009700000000000002,174.32582156977625,5.790909111034125,13.203250416839644,28.239111328125,141.195556640625
