epoch,startPos,prefixLength,learnRate,MSE,MAE,RMSE,meanLoss,totalLoss
208,3,mix,0.00840000000000001,673.8114716695841,21.56979586986395,25.957878797574814,21.00161376953125,1050.0806884765625
208,3,3,0.00840000000000001,672.8900893320824,21.568267826850597,25.940125083200396,21.00161376953125,1050.0806884765625
208,3,4,0.00840000000000001,592.4143920932116,19.738920903205873,24.339564336553185,55.267404656661185,1050.0806884765625
