epoch,startPos,prefixLength,learnRate,MSE,MAE,RMSE,meanLoss,totalLoss
282,3,mix,0.008600000000000009,516.8757078224315,11.629641508175569,22.734900655653448,10.390175752861555,446.7775573730469
282,3,3,0.008600000000000009,521.8201409751554,11.713445470075715,22.843382870651084,10.390175752861555,446.7775573730469
282,3,4,0.008600000000000009,265.8523431020684,7.153707797080278,16.30497908928645,23.51460828279194,446.7775573730469
282,3,5,0.008600000000000009,362.8023447839227,10.008443027734756,19.04737107277334,89.35551147460937,446.7775573730469
