epoch,startPos,prefixLength,learnRate,MSE,MAE,RMSE,meanLoss,totalLoss
344,2,mix,0.00830000000000001,367.1537709577825,8.838538457639515,19.161257029688382,8.285601251775569,911.4161376953125
344,2,2,0.00830000000000001,374.4226467862927,9.022438611702196,19.35000379292709,8.285601251775569,911.4161376953125
344,2,3,0.00830000000000001,460.97693610727146,11.129328543150967,21.470373450577693,21.19572413244913,911.4161376953125
344,2,4,0.00830000000000001,274.077625549165,6.967604075372219,16.555289956662342,47.969270405016445,911.4161376953125
344,2,5,0.00830000000000001,112.89467681921843,4.48088300973177,10.625190672134709,151.9026896158854,911.4161376953125
