epoch,startPos,prefixLength,learnRate,MSE,MAE,RMSE,meanLoss,totalLoss
139,1,mix,0.0009,789.1027137638093,22.1400358825922,28.090972104286624,21.313025156656902,4092.100830078125
139,1,1,0.0009,793.6713263229059,22.195741924146812,28.172172907372726,21.313025156656902,4092.100830078125
139,1,2,0.0009,1368.8008285121105,30.182063281536102,36.99730839550508,30.76767541412124,4092.100830078125
139,1,3,0.0009,1755.8824695319754,36.62477862376433,41.90325130025086,81.8420166015625,4092.100830078125
139,1,4,0.0009,2142.8629849552703,42.27063616514206,46.2910680904564,215.37372789884867,4092.100830078125
