epoch,startPos,prefixLength,learnRate,MSE,MAE,RMSE,meanLoss,totalLoss
126,3,mix,0.009000000000000006,499.7559310649504,11.565099950879812,22.355221561526747,10.57730528365734,454.8241271972656
126,3,3,0.009000000000000006,495.3204157688966,11.423113940114325,22.255795105295533,10.57730528365734,454.8241271972656
126,3,4,0.009000000000000006,349.49315510423463,8.540946602076293,18.69473602659943,23.938111957750824,454.8241271972656
126,3,5,0.009000000000000006,175.73944546829372,6.34701013751328,13.256675505883582,90.96482543945312,454.8241271972656
