epoch,startPos,prefixLength,learnRate,MSE,MAE,RMSE,meanLoss,totalLoss
277,4,mix,0.007700000000000012,294.6146365468157,7.849602847546339,17.16434200739474,8.04331488358347,152.82298278808594
277,4,4,0.007700000000000012,305.00504592128266,8.22323073744774,17.46439366028156,8.04331488358347,152.82298278808594
277,4,5,0.007700000000000012,130.64487606786165,3.2131791673600674,11.429998953099762,30.564596557617186,152.82298278808594
