epoch,startPos,prefixLength,learnRate,MSE,MAE,RMSE,meanLoss,totalLoss
412,4,mix,0.0066000000000000095,677.2688924305852,20.54793064594269,26.024390337346716,19.20423648231908,364.8804931640625
412,4,4,0.0066000000000000095,671.9808152223832,20.516680335998537,25.922592756558576,19.20423648231908,364.8804931640625
412,4,5,0.0066000000000000095,786.0159569893294,25.28628647327423,28.035976119788113,60.81341552734375,364.8804931640625
