epoch,startPos,prefixLength,learnRate,MSE,MAE,RMSE,meanLoss,totalLoss
108,4,mix,0.009200000000000005,675.717193254143,20.513156795501708,25.994560839801526,19.232505396792764,365.4176025390625
108,4,4,0.009200000000000005,691.4757346574131,20.781920552253723,26.295926198888928,19.232505396792764,365.4176025390625
108,4,5,0.009200000000000005,796.367607442111,25.475390791893005,28.219985957510875,60.902933756510414,365.4176025390625
