epoch,startPos,prefixLength,learnRate,MSE,MAE,RMSE,meanLoss,totalLoss
16,3,mix,0.01,761.8243823904642,23.034483141758862,27.60116632301005,23.204402608082706,3086.185546875
16,3,3,0.01,852.3513510447009,23.942727070588333,29.195056962518517,61.7237109375,3086.185546875
16,3,4,0.01,937.6069280886404,25.644429886341094,30.62036786337879,162.43081825657896,3086.185546875
16,3,5,0.01,958.481799358154,23.703097611665726,30.959357218103772,514.3642578125,3086.185546875
