epoch,startPos,prefixLength,learnRate,MSE,MAE,RMSE,meanLoss,totalLoss
191,2,mix,0.009100000000000006,354.97148437373323,8.44488848566457,18.84068694007024,8.417445277308559,934.33642578125
191,2,2,0.009100000000000006,354.3234918990331,8.435715176854972,18.82348245939186,8.417445277308559,934.33642578125
191,2,3,0.009100000000000006,517.1032282141467,11.63856416940689,22.739903874338314,21.728754087936046,934.33642578125
191,2,4,0.009100000000000006,265.8371176492542,7.154785026609898,16.304512186792163,49.1756013569079,934.33642578125
191,2,5,0.009100000000000006,329.09444850143433,9.122803946956992,18.140960517608608,186.86728515625,934.33642578125
