epoch,startPos,prefixLength,learnRate,MSE,MAE,RMSE,meanLoss,totalLoss
359,2,mix,0.007100000000000011,344.25598685105854,8.472825877102357,18.55413665065175,8.415676047585228,925.724365234375
359,2,2,0.007100000000000011,349.7653835864504,8.595579361210444,18.702015495300245,8.415676047585228,925.724365234375
359,2,3,0.007100000000000011,511.1851186678178,11.466961769217795,22.6094033240114,21.528473610101745,925.724365234375
359,2,4,0.007100000000000011,304.3718427678782,7.876355463266373,17.446255838083946,48.72233501233553,925.724365234375
359,2,5,0.007100000000000011,175.35228090120955,5.914950005710125,13.242064827707557,185.144873046875,925.724365234375
