epoch,startPos,prefixLength,learnRate,MSE,MAE,RMSE,meanLoss,totalLoss
15,2,mix,0.01,442.58073022771214,17.437344410767157,21.037602768084394,17.772659187030076,2363.763671875
15,2,2,0.01,277.80237689152057,14.456945575241532,16.667404623741533,21.48876065340909,2363.763671875
15,2,3,0.01,370.5492480456056,16.3105273747986,19.249655790314943,54.97124818313954,2363.763671875
15,2,4,0.01,286.8907944496128,14.735159462690353,16.937850939526324,124.40861430921052,2363.763671875
15,2,5,0.01,161.9319574841896,12.009299628436565,12.725248818164209,472.752734375,2363.763671875
