epoch,startPos,prefixLength,learnRate,MSE,MAE,RMSE,meanLoss,totalLoss
377,3,mix,0.00680000000000001,468.17496034541944,10.694957084953785,21.63735104733062,10.838460523028706,466.0538024902344
377,3,3,0.00680000000000001,481.6158614849164,10.967635356905786,21.945748141380744,10.838460523028706,466.0538024902344
377,3,4,0.00680000000000001,296.2778562461956,7.848897007852793,17.21272367309124,24.52914749948602,466.0538024902344
377,3,5,0.00680000000000001,130.63895560459974,3.2138710357248783,11.429739962247599,93.21076049804688,466.0538024902344
