epoch,startPos,prefixLength,learnRate,MSE,MAE,RMSE,meanLoss,totalLoss
206,3,mix,0.009000000000000006,524.3923759229144,11.798457924953915,22.899615191590325,10.347563987554507,444.94525146484375
206,3,3,0.009000000000000006,518.1694527470595,11.672039451924237,22.763335712216247,10.347563987554507,444.94525146484375
206,3,4,0.009000000000000006,265.8609690523243,7.1532432869076725,16.30524360604049,23.41817112972862,444.94525146484375
206,3,5,0.009000000000000006,407.96622251474594,11.195550680160522,20.19817374206752,88.98905029296876,444.94525146484375
