epoch,startPos,prefixLength,learnRate,MSE,MAE,RMSE,meanLoss,totalLoss
224,3,mix,0.008200000000000011,665.8642995213175,21.260496698893032,25.804346523818765,21.49606201171875,1074.8031005859375
224,3,3,0.008200000000000011,672.4356027224707,21.436330428490272,25.93136330242725,21.49606201171875,1074.8031005859375
224,3,4,0.008200000000000011,653.0124584887913,22.01549110809962,25.554108446369074,56.56858424136513,1074.8031005859375
224,3,5,0.008200000000000011,958.4674536082725,27.846608579158783,30.959125530419502,214.9606201171875,1074.8031005859375
