epoch,startPos,prefixLength,learnRate,MSE,MAE,RMSE,meanLoss,totalLoss
145,4,mix,0.008800000000000007,563.9336559926899,18.424873924255373,23.747287339666606,19.89637515419408,378.0311279296875
145,4,4,0.008800000000000007,561.232359215114,18.499367332458498,23.69034316372631,19.89637515419408,378.0311279296875
145,4,5,0.008800000000000007,759.3197121345347,24.159997582435608,27.555756424648095,75.6062255859375,378.0311279296875
