epoch,startPos,prefixLength,learnRate,MSE,MAE,RMSE,meanLoss,totalLoss
267,2,mix,0.007900000000000013,347.13821634388677,8.386548263020813,18.63164556188977,8.411764803799716,925.2941284179688
267,2,2,0.007900000000000013,346.97348058626574,8.402466756158642,18.62722417823616,8.411764803799716,925.2941284179688
267,2,3,0.007900000000000013,539.8197609688302,12.303980816494335,23.23402162710602,21.51846810274346,925.2941284179688
267,2,4,0.007900000000000013,319.2145275454569,7.755600545555353,17.866575708441083,48.69969096936678,925.2941284179688
