epoch,startPos,prefixLength,learnRate,MSE,MAE,RMSE,meanLoss,totalLoss
309,2,mix,0.007600000000000012,740.1242006449112,22.77617389314315,27.205223774946443,23.39730857906485,3111.842041015625
309,2,2,0.007600000000000012,749.9297939925692,22.90930637016016,27.38484606479593,23.39730857906485,3111.842041015625
309,2,3,0.007600000000000012,791.0099409884648,23.785926543749294,28.124898950724514,62.2368408203125,3111.842041015625
309,2,4,0.007600000000000012,992.285670887286,27.838232159614563,31.500566199471493,163.78116005345396,3111.842041015625
309,2,5,0.007600000000000012,1576.0336077534384,35.389883160591125,39.69928976384135,622.368408203125,3111.842041015625
