epoch,startPos,prefixLength,learnRate,MSE,MAE,RMSE,meanLoss,totalLoss
231,2,mix,0.008200000000000011,787.2287812566933,23.605392783880234,28.057597567444958,23.115682272086467,3074.3857421875
231,2,2,0.008200000000000011,789.7113696674187,23.681128827008333,28.10180367285023,23.115682272086467,3074.3857421875
231,2,3,0.008200000000000011,725.8267285375841,22.79893898505431,26.941171625183344,61.48771484375,3074.3857421875
231,2,4,0.008200000000000011,682.8672858009295,22.560168671607972,26.1317294835403,161.80977590460526,3074.3857421875
