epoch,startPos,prefixLength,learnRate,MSE,MAE,RMSE,meanLoss,totalLoss
471,3,mix,0.006100000000000008,671.3910877149204,21.06302160024643,25.91121548123361,21.52353515625,1076.1767578125
471,3,3,0.006100000000000008,678.5012952280869,21.14052429107519,26.04805741755202,21.52353515625,1076.1767578125
471,3,4,0.006100000000000008,618.5064804418187,20.71229519844055,24.869790518655734,56.64088199013158,1076.1767578125
471,3,5,0.006100000000000008,1199.2891813536207,31.874025344848633,34.630754848163804,215.2353515625,1076.1767578125
