epoch,startPos,prefixLength,learnRate,MSE,MAE,RMSE,meanLoss,totalLoss
243,3,mix,0.008100000000000012,338.252429816592,10.079914188316952,18.391640215505305,9.650171145044192,955.366943359375
243,3,3,0.008100000000000012,347.4161393843664,10.251898299078816,18.639102429687068,9.650171145044192,955.366943359375
243,3,4,0.008100000000000012,311.72182402816975,9.623459756108266,17.655645670101386,12.407362900771103,955.366943359375
