epoch,startPos,prefixLength,learnRate,MSE,MAE,RMSE,meanLoss,totalLoss
455,3,mix,0.0062000000000000085,663.489087458457,21.28755237505986,25.758281919772074,20.95825927734375,1047.9129638671875
455,3,3,0.0062000000000000085,664.2055971440229,21.320209035506615,25.772186502972986,20.95825927734375,1047.9129638671875
455,3,4,0.0062000000000000085,587.3649579987093,19.448754835128785,24.235613423198295,55.15331388774671,1047.9129638671875
