epoch,startPos,prefixLength,learnRate,MSE,MAE,RMSE,meanLoss,totalLoss
317,4,mix,0.007400000000000012,666.2286417032585,20.39639220237732,25.811405264015722,19.187180368523848,364.5564270019531
317,4,4,0.007400000000000012,673.5582458998069,20.549517107009887,25.953000710896745,19.187180368523848,364.5564270019531
317,4,5,0.007400000000000012,801.9952350750905,25.576168835163116,28.3195203892137,60.75940450032552,364.5564270019531
