epoch,startPos,prefixLength,learnRate,MSE,MAE,RMSE,meanLoss,totalLoss
169,3,mix,0.008700000000000008,748.1627976889433,22.25627009685223,27.35256473694822,20.86254150390625,1043.1270751953125
169,3,3,0.008700000000000008,739.3154532073705,22.10442851139949,27.190355886000656,20.86254150390625,1043.1270751953125
169,3,4,0.008700000000000008,658.9583274799415,21.00479152202606,25.670183627702034,54.9014250102796,1043.1270751953125
169,3,5,0.008700000000000008,730.2136973965639,23.921415150165558,27.02246653058458,173.8545125325521,1043.1270751953125
