epoch,startPos,prefixLength,learnRate,MSE,MAE,RMSE,meanLoss,totalLoss
224,3,mix,0.008200000000000011,676.0341580067899,21.221388670114372,26.00065687644814,21.49734375,1074.8671875
224,3,3,0.008200000000000011,681.328021955586,21.096789781863873,26.102260859082417,21.49734375,1074.8671875
224,3,4,0.008200000000000011,645.0386846059907,21.07875485420227,25.39761178941813,56.5719572368421,1074.8671875
224,3,5,0.008200000000000011,1270.176395550498,32.758000910282135,35.63953416573368,214.9734375,1074.8671875
