epoch,startPos,prefixLength,learnRate,MSE,MAE,RMSE,meanLoss,totalLoss
172,1,mix,0.0005999999999999998,429.55429400971224,17.418679901483383,20.72569164128696,17.58598522673872,2338.93603515625
172,1,1,0.0005999999999999998,426.85811456147337,17.370906525489055,20.660544875715967,17.58598522673872,2338.93603515625
172,1,2,0.0005999999999999998,270.4563667155061,11.681855615095369,16.445557659000382,21.26305486505682,2338.93603515625
172,1,3,0.0005999999999999998,410.0055825214813,12.881739631633867,20.248594581389625,54.39386128270349,2338.93603515625
172,1,4,0.0005999999999999998,259.52762371076636,9.656924382597207,16.109861070498603,123.10189658717105,2338.93603515625
172,1,5,0.0005999999999999998,120.66783392471999,5.228778000921011,10.984891165811339,467.78720703125,2338.93603515625
