epoch,startPos,prefixLength,learnRate,MSE,MAE,RMSE,meanLoss,totalLoss
187,3,mix,0.00850000000000001,539.7108760709835,12.218205046586014,23.2316782878677,10.28691846270894,442.3374938964844
187,3,3,0.00850000000000001,550.542463715069,12.471751922741532,23.463641314064382,10.28691846270894,442.3374938964844
187,3,4,0.00850000000000001,325.12371798706783,8.023885822668671,18.03118737041651,23.280920731393916,442.3374938964844
