epoch,startPos,prefixLength,learnRate,MSE,MAE,RMSE,meanLoss,totalLoss
439,2,mix,0.007800000000000013,343.6787777272841,8.321072327422685,18.53857539638049,8.458610324684633,921.988525390625
439,2,2,0.007800000000000013,343.06992080505125,8.325379521489657,18.522146765562873,8.458610324684633,921.988525390625
439,2,3,0.007800000000000013,463.910774768012,10.732788253744895,21.538588040259558,21.441593613735463,921.988525390625
439,2,4,0.007800000000000013,260.90071792381343,6.989208497852087,16.152421426021963,48.52571186266447,921.988525390625
439,2,5,0.007800000000000013,106.63807894737486,3.033449837937951,10.326571500133763,184.397705078125,921.988525390625
