epoch,startPos,prefixLength,learnRate,MSE,MAE,RMSE,meanLoss,totalLoss
226,3,mix,0.008900000000000007,454.40095601259986,10.626789096404206,21.316682575217932,10.458816173464752,449.7290954589844
226,3,3,0.008900000000000007,464.7392173115559,10.770238751037555,21.55781105102176,10.458816173464752,449.7290954589844
226,3,4,0.008900000000000007,260.8854741359066,6.989791402965784,16.151949545980713,23.669952392578125,449.7290954589844
226,3,5,0.008900000000000007,106.63713431066797,3.03357526473701,10.326525761874997,89.94581909179688,449.7290954589844
