epoch,startPos,prefixLength,learnRate,MSE,MAE,RMSE,meanLoss,totalLoss
324,2,mix,0.007400000000000012,334.61443587042214,8.276496187783778,18.292469375959666,8.520519464666194,937.2571411132812
324,2,2,0.007400000000000012,334.0981468623613,8.284842011252683,18.278351863949915,8.520519464666194,937.2571411132812
324,2,3,0.007400000000000012,465.14196112065207,10.632094534283334,21.56715004632397,21.796677700308866,937.2571411132812
324,2,4,0.007400000000000012,294.06111656516066,7.7711084023118016,17.14821030210327,49.32932321648849,937.2571411132812
324,2,5,0.007400000000000012,130.58866763098445,3.2196972090750933,11.42753987658693,187.45142822265626,937.2571411132812
