epoch,startPos,prefixLength,learnRate,MSE,MAE,RMSE,meanLoss,totalLoss
193,2,mix,0.008600000000000009,774.5261169248362,23.4291312975042,27.830309321400584,23.319069769149436,3101.436279296875
193,2,2,0.008600000000000009,763.3650334323315,23.228656723218805,27.629061392532527,23.319069769149436,3101.436279296875
193,2,3,0.008600000000000009,699.6188255350345,22.25730675000411,26.450308609447916,62.0287255859375,3101.436279296875
193,2,4,0.008600000000000009,824.2030274319816,24.708560478687286,28.7089363688727,163.23348838404604,3101.436279296875
