epoch,startPos,prefixLength,learnRate,MSE,MAE,RMSE,meanLoss,totalLoss
34,3,mix,0.0099,658.1536343561361,20.96594339609146,25.654505147364198,21.5851611328125,1079.258056640625
34,3,3,0.0099,671.6336192154214,21.09159955611596,25.915895107354896,21.5851611328125,1079.258056640625
34,3,4,0.0099,626.3367058876196,20.954882943630217,25.02671983875673,56.80305561266447,1079.258056640625
34,3,5,0.0099,1216.1133814333596,32.080504417419434,34.87281722822748,215.851611328125,1079.258056640625
