epoch,startPos,prefixLength,learnRate,MSE,MAE,RMSE,meanLoss,totalLoss
98,2,mix,0.009400000000000004,753.8951095127795,23.049298084834042,27.4571504259415,23.65436295817669,3146.0302734375
98,2,2,0.009400000000000004,759.9917923091467,23.113864730386172,27.567948641658973,23.65436295817669,3146.0302734375
98,2,3,0.009400000000000004,840.3033060376446,24.512612191530373,28.987985546388774,62.92060546875,3146.0302734375
98,2,4,0.009400000000000004,1150.9528729562935,30.009661863247555,33.925696351825906,165.58054070723685,3146.0302734375
98,2,5,0.009400000000000004,1754.9157791987845,37.508517533540726,41.89171492310603,629.2060546875,3146.0302734375
