epoch,startPos,prefixLength,learnRate,MSE,MAE,RMSE,meanLoss,totalLoss
41,2,mix,0.0099,766.4912829959536,23.270825908464545,27.685578971658757,23.361910024083645,3107.134033203125
41,2,2,0.0099,770.1531651479986,23.354219843359555,27.751633558188942,23.361910024083645,3107.134033203125
41,2,3,0.0099,703.8496410546443,22.339712308003353,26.530164738550802,62.1426806640625,3107.134033203125
41,2,4,0.0099,852.0372477142633,25.155295300483704,29.18967707451152,163.53337016858552,3107.134033203125
