epoch,startPos,prefixLength,learnRate,MSE,MAE,RMSE,meanLoss,totalLoss
416,3,mix,0.0066000000000000095,734.6467484352811,22.14249474268693,27.104367700340863,20.7920556640625,1039.602783203125
416,3,3,0.0066000000000000095,712.9805686030197,21.807738570066597,26.701695987390384,20.7920556640625,1039.602783203125
416,3,4,0.0066000000000000095,650.9486002023181,20.95338331460953,25.513694366012892,54.71593595805921,1039.602783203125
416,3,5,0.0066000000000000095,707.4220772493131,23.617857038974762,26.597407340741185,173.26713053385416,1039.602783203125
