epoch,startPos,prefixLength,learnRate,MSE,MAE,RMSE,meanLoss,totalLoss
39,1,mix,0.008,325.3919836872929,9.73471295097193,18.038624772617588,9.545704267178362,1632.3154296875
39,1,1,0.008,325.41078446966895,9.73564496192388,18.03914589080284,9.545704267178362,1632.3154296875
39,1,2,0.008,331.4131714305244,9.867658604195135,18.20475683524843,11.576705175088652,1632.3154296875
39,1,3,0.008,347.4191640389687,10.22705170770104,18.639183566856374,16.48803464330808,1632.3154296875
39,1,4,0.008,318.6638397053939,9.748234042365636,17.85115793738305,21.198901684253247,1632.3154296875
