epoch,startPos,prefixLength,learnRate,MSE,MAE,RMSE,meanLoss,totalLoss
282,2,mix,0.007700000000000012,327.9301758855677,8.086785380994636,18.10884247779431,8.477337646484376,932.5071411132812
282,2,2,0.007700000000000012,330.6180556293716,8.140909325065357,18.18290558819936,8.477337646484376,932.5071411132812
282,2,3,0.007700000000000012,497.7225251114509,11.50771120021289,22.30969576465468,21.686212584029796,932.5071411132812
282,2,4,0.007700000000000012,343.18539173554507,8.3383210003376,18.52526360772081,49.07932321648849,932.5071411132812
282,2,5,0.007700000000000012,168.24611882099794,6.0008073933422565,12.970972161754027,186.50142822265624,932.5071411132812
