epoch,startPos,prefixLength,learnRate,MSE,MAE,RMSE,meanLoss,totalLoss
415,3,mix,0.006500000000000009,461.556617048716,10.521384603597902,21.483868763533163,10.818120202352834,465.1791687011719
415,3,3,0.006500000000000009,464.48162861907616,10.622234622524543,21.551835852638543,10.818120202352834,465.1791687011719
415,3,4,0.006500000000000009,292.14149359638463,7.6860637187957765,17.092147132422674,24.48311414216694,465.1791687011719
415,3,5,0.006500000000000009,130.67555503439416,3.212727092206478,11.431340911476402,93.03583374023438,465.1791687011719
