epoch,startPos,prefixLength,learnRate,MSE,MAE,RMSE,meanLoss,totalLoss
259,4,mix,0.008700000000000008,265.844456625014,7.153681995719671,16.3047372448934,7.801456652189556,148.22767639160156
259,4,4,0.008700000000000008,265.8444566995262,7.153682000190019,16.304737247178384,7.801456652189556,148.22767639160156
259,4,5,0.008700000000000008,407.93716623279096,11.195649657398462,20.19745444933076,29.645535278320313,148.22767639160156
