epoch,startPos,prefixLength,learnRate,MSE,MAE,RMSE,meanLoss,totalLoss
248,2,mix,0.008100000000000012,332.24646834213155,8.234200993220188,18.227629257315158,8.514862615411932,936.6348876953125
248,2,2,0.008100000000000012,334.7307065500027,8.28664696209931,18.295647202271986,8.514862615411932,936.6348876953125
248,2,3,0.008100000000000012,471.87375752141156,10.748379900543528,21.72265539756619,21.782206690588662,936.6348876953125
248,2,4,0.008100000000000012,296.07042841840996,7.855961679294706,17.206697196685074,49.2965730365954,936.6348876953125
248,2,5,0.008100000000000012,130.5162186699073,3.2280917754396796,11.42436950863842,187.3269775390625,936.6348876953125
