epoch,startPos,prefixLength,learnRate,MSE,MAE,RMSE,meanLoss,totalLoss
411,4,mix,0.006500000000000009,566.3065769822282,18.395129013061524,23.797196830345968,19.770706979851973,375.6434326171875
411,4,4,0.006500000000000009,557.129192746258,18.245987153053285,23.60358431989214,19.770706979851973,375.6434326171875
411,4,5,0.006500000000000009,717.6744761070181,23.170157492160797,26.78944710342149,75.1286865234375,375.6434326171875
