epoch,startPos,prefixLength,learnRate,MSE,MAE,RMSE,meanLoss,totalLoss
236,4,mix,0.008100000000000012,304.38689009651137,7.875853751599789,17.44668708083318,7.5453651829769735,143.3619384765625
236,4,4,0.008100000000000012,304.38689009651137,7.875853751599789,17.44668708083318,7.5453651829769735,143.3619384765625
236,4,5,0.008100000000000012,171.86500324356598,5.477299368008971,13.109729335251966,28.6723876953125,143.3619384765625
