epoch,startPos,prefixLength,learnRate,MSE,MAE,RMSE,meanLoss,totalLoss
375,3,mix,0.00690000000000001,77.6506705644477,2.3557256486126903,8.811961788639787,2.4095980326334634,28.915176391601562
375,3,3,0.00690000000000001,77.65067413587487,2.355725882216916,8.811961991286326,2.4095980326334634,28.915176391601562
375,3,4,0.00690000000000001,108.18525377270579,3.187690651649973,10.401214052826035,9.638392130533854,28.915176391601562
