epoch,startPos,prefixLength,learnRate,MSE,MAE,RMSE,meanLoss,totalLoss
111,3,mix,0.009100000000000006,482.9922655429228,10.976178105073897,21.97708501014006,10.430651287699854,448.51800537109375
111,3,3,0.009100000000000006,475.6055092814062,10.74178511632437,21.80838162912155,10.430651287699854,448.51800537109375
111,3,4,0.009100000000000006,298.661883012028,7.3587156787514685,17.28183679508715,23.606210809004935,448.51800537109375
