epoch,startPos,prefixLength,learnRate,MSE,MAE,RMSE,meanLoss,totalLoss
474,3,mix,0.006100000000000008,595.5446419254437,19.581793207388657,24.403783352698483,21.18621337890625,1059.3106689453125
474,3,3,0.006100000000000008,600.0260636211419,19.71763422855964,24.495429443492963,21.18621337890625,1059.3106689453125
474,3,4,0.006100000000000008,567.2087260380222,19.10185329914093,23.816144231130743,55.75319310238487,1059.3106689453125
