epoch,startPos,prefixLength,learnRate,MSE,MAE,RMSE,meanLoss,totalLoss
243,3,mix,0.008100000000000012,667.5342044171957,21.328159240575935,25.836683309147784,21.4710791015625,1073.553955078125
243,3,3,0.008100000000000012,664.3898970158082,21.283506485132072,25.77576181252085,21.4710791015625,1073.553955078125
243,3,4,0.008100000000000012,658.8701319655696,22.155109127362568,25.668465711171162,56.502839740953945,1073.553955078125
243,3,5,0.008100000000000012,958.5786314417178,27.87175363302231,30.960921036715263,214.710791015625,1073.553955078125
