epoch,startPos,prefixLength,learnRate,MSE,MAE,RMSE,meanLoss,totalLoss
156,1,mix,0.003,439.1791898477787,17.492215301502835,20.956602535902107,17.558375308388158,2335.263916015625
156,1,1,0.003,438.93427312817784,17.482893420778442,20.950758294824983,17.558375308388158,2335.263916015625
156,1,2,0.003,279.1147523773698,11.442286989812192,16.70672775792345,21.424439596473626,2335.263916015625
156,1,3,0.003,385.123866773521,12.311440539292313,19.62457303417124,54.30846316315407,2335.263916015625
156,1,4,0.003,227.96596414735873,8.674885391443969,15.098541788774131,122.90862715871711,2335.263916015625
156,1,5,0.003,97.84409885515052,4.827275101095438,9.891617605586587,467.052783203125,2335.263916015625
