epoch,startPos,prefixLength,learnRate,MSE,MAE,RMSE,meanLoss,totalLoss
98,2,mix,0.009400000000000004,789.2117872932253,23.582951881668784,28.09291347107354,23.15307066494361,3079.3583984375
98,2,2,0.009400000000000004,785.943248421134,23.536083542939387,28.0346793885918,23.15307066494361,3079.3583984375
98,2,3,0.009400000000000004,763.1734314244624,23.3755400455915,27.625593775056895,61.58716796875,3079.3583984375
98,2,4,0.009400000000000004,736.9376963831503,23.601860761642456,27.146596405132453,162.07149465460526,3079.3583984375
