epoch,startPos,prefixLength,learnRate,MSE,MAE,RMSE,meanLoss,totalLoss
305,2,mix,0.007600000000000012,334.8831256858161,8.286814672074147,18.299812176244217,8.50623612837358,935.6859741210938
305,2,2,0.007600000000000012,331.0623143447098,8.19811156664842,18.19511787114087,8.50623612837358,935.6859741210938
305,2,3,0.007600000000000012,462.3743787097312,10.603816089474343,21.502892333584597,21.76013893304869,935.6859741210938
305,2,4,0.007600000000000012,298.3200769233673,7.932513146847486,17.27194479273736,49.24663021689967,935.6859741210938
305,2,5,0.007600000000000012,130.58760489030848,3.2197586949914694,11.427493377390707,187.13719482421874,935.6859741210938
