epoch,startPos,prefixLength,learnRate,MSE,MAE,RMSE,meanLoss,totalLoss
306,2,mix,0.00850000000000001,343.95058840475434,8.362063627818536,18.54590489581876,8.439175387041285,919.8701171875
306,2,2,0.00850000000000001,341.37390416829146,8.258515072922254,18.476306561872462,8.439175387041285,919.8701171875
306,2,3,0.00850000000000001,475.1216744008482,11.039888743988492,21.797285941163597,21.392328306686046,919.8701171875
306,2,4,0.00850000000000001,260.95731906935157,6.988484804704785,16.15417342575446,48.414216694078945,919.8701171875
306,2,5,0.00850000000000001,106.66365155606078,3.0324789257720113,10.327809620440377,183.9740234375,919.8701171875
