epoch,startPos,prefixLength,learnRate,MSE,MAE,RMSE,meanLoss,totalLoss
357,3,mix,0.007100000000000011,692.1765822752932,21.34160210077579,26.309248987291394,21.49420166015625,1074.7100830078125
357,3,3,0.007100000000000011,676.2711902226222,21.05179087473796,26.005214673650016,21.49420166015625,1074.7100830078125
357,3,4,0.007100000000000011,650.6347918584773,21.198187613487242,25.507543822533705,56.563688579358555,1074.7100830078125
357,3,5,0.007100000000000011,1278.6221999248214,32.78379091620445,35.757827114141335,214.9420166015625,1074.7100830078125
