epoch,startPos,prefixLength,learnRate,MSE,MAE,RMSE,meanLoss,totalLoss
140,3,mix,0.008900000000000007,566.7083410083089,17.046898066997528,23.805636748642304,20.82421620686849,62.47264862060547
140,3,3,0.008900000000000007,544.7449843459176,16.91296923160553,23.33977258556556,20.82421620686849,62.47264862060547
140,3,4,0.008900000000000007,441.2678582593835,17.39816951751709,21.006376609481787,62.47264862060547,62.47264862060547
