epoch,startPos,prefixLength,learnRate,MSE,MAE,RMSE,meanLoss,totalLoss
132,3,mix,0.009100000000000006,664.4954391625596,21.43861724780156,25.777809045040264,21.07018798828125,1053.5093994140625
132,3,3,0.009100000000000006,669.4261082135406,21.55550291905036,25.873270149201097,21.07018798828125,1053.5093994140625
132,3,4,0.009100000000000006,581.6445723570723,19.570233631134034,24.117308563707358,55.44786312705592,1053.5093994140625
