epoch,startPos,prefixLength,learnRate,MSE,MAE,RMSE,meanLoss,totalLoss
331,5,mix,0.007200000000000011,651.1709426613188,21.501152873039246,25.518051310029904,20.788998413085938,103.94499206542969
331,5,5,0.007200000000000011,652.6190425256668,21.521688401699066,25.54640958188972,20.788998413085938,103.94499206542969
