epoch,startPos,prefixLength,learnRate,MSE,MAE,RMSE,meanLoss,totalLoss
273,3,mix,0.007700000000000012,557.1498166925892,17.270639717578888,23.60402119751186,20.236412048339844,60.70923614501953
273,3,3,0.007700000000000012,580.7284790068129,17.273202180862427,24.09830863373637,20.236412048339844,60.70923614501953
273,3,4,0.007700000000000012,253.21072338650288,14.08503144979477,15.912596374775013,60.70923614501953,60.70923614501953
