epoch,startPos,prefixLength,learnRate,MSE,MAE,RMSE,meanLoss,totalLoss
302,2,mix,0.007600000000000012,345.7317852929942,8.501812691268112,18.59386418399882,8.419371448863636,926.130859375
302,2,2,0.007600000000000012,348.5411407254893,8.571187584760732,18.669256565955948,8.419371448863636,926.130859375
302,2,3,0.007600000000000012,511.15671711038607,11.440457274798643,22.60877522358047,21.5379269622093,926.130859375
302,2,4,0.007600000000000012,304.41086462920293,7.875054510682821,17.447374147108867,48.74372944078947,926.130859375
302,2,5,0.007600000000000012,175.88157140237746,5.976596569642425,13.262034964603941,185.226171875,926.130859375
