epoch,startPos,prefixLength,learnRate,MSE,MAE,RMSE,meanLoss,totalLoss
341,3,mix,0.007200000000000011,656.086495017287,21.150171298247116,25.61418542560522,21.0144189453125,1050.720947265625
341,3,3,0.007200000000000011,665.2182488189204,21.393354516762955,25.791825232404946,21.0144189453125,1050.720947265625
341,3,4,0.007200000000000011,593.5001856059828,19.74606764316559,24.36185923951583,55.30110248766447,1050.720947265625
