epoch,startPos,prefixLength,learnRate,MSE,MAE,RMSE,meanLoss,totalLoss
451,4,mix,0.006300000000000009,700.1078695684163,20.276825765768688,26.459551575346403,19.4112548828125,368.8138427734375
451,4,4,0.006300000000000009,684.4757302101222,19.86647907892863,26.162487079980032,19.4112548828125,368.8138427734375
451,4,5,0.006300000000000009,824.9353493073195,22.006147861480713,28.72168778653719,73.7627685546875,368.8138427734375
