epoch,startPos,prefixLength,learnRate,MSE,MAE,RMSE,meanLoss,totalLoss
324,2,mix,0.00840000000000001,355.34514333243817,8.453585735901639,18.85060060932909,8.419458337732264,934.5598754882812
324,2,2,0.00840000000000001,357.8620510740365,8.514349772008481,18.917242163540553,8.419458337732264,934.5598754882812
324,2,3,0.00840000000000001,520.5994828113238,11.672044250436805,22.816649245919606,21.733950592750727,934.5598754882812
324,2,4,0.00840000000000001,265.905134145451,7.156239236146211,16.30659787158103,49.18736186780428,934.5598754882812
324,2,5,0.00840000000000001,453.1558912015881,12.385638413950801,21.287458542568864,186.91197509765624,934.5598754882812
