epoch,startPos,prefixLength,learnRate,MSE,MAE,RMSE,meanLoss,totalLoss
20,1,mix,0.01,414.7590904194261,17.21559038340594,20.36563503599694,17.622119874882518,2343.741943359375
20,1,1,0.01,416.61366874286983,17.25375404096011,20.411116303202768,17.622119874882518,2343.741943359375
20,1,2,0.01,288.113112054997,11.883333744550193,16.97389501720206,21.11479228251689,2343.741943359375
20,1,3,0.01,441.1319968931799,13.506183711303906,21.003142548037424,54.50562658975291,2343.741943359375
20,1,4,0.01,230.46636549778168,8.922349804639817,15.18111871693854,123.35483912417763,2343.741943359375
20,1,5,0.01,346.4350832636476,11.736287657171488,18.612766674077434,468.748388671875,2343.741943359375
