epoch,startPos,prefixLength,learnRate,MSE,MAE,RMSE,meanLoss,totalLoss
46,5,mix,0.009700000000000002,663.7450752436753,21.81993019580841,25.76325047899964,21.05149688720703,105.25748443603516
46,5,5,0.009700000000000002,663.1850484858423,21.8066189289093,25.752379472309784,21.05149688720703,105.25748443603516
