epoch,startPos,prefixLength,learnRate,MSE,MAE,RMSE,meanLoss,totalLoss
115,1,mix,0.002,440.1734968747552,17.676580538096673,20.980312125293924,17.549918497415412,2334.13916015625
115,1,1,0.002,445.64581306805826,17.79689723209423,21.11032479778694,17.549918497415412,2334.13916015625
115,1,2,0.002,295.0088647576496,15.286325413999814,17.175822098451345,21.219446910511362,2334.13916015625
115,1,3,0.002,383.59505366980926,17.087382915006444,19.585582801382483,54.28230605014535,2334.13916015625
115,1,4,0.002,268.4926216012,14.934390342235565,16.3857444628311,122.84942948190789,2334.13916015625
115,1,5,0.002,192.62545707323426,12.714278683066368,13.878957348202864,466.82783203125,2334.13916015625
