epoch,startPos,prefixLength,learnRate,MSE,MAE,RMSE,meanLoss,totalLoss
320,3,mix,0.007300000000000011,478.2713246996682,10.932626348666169,21.86941528024168,10.833937534066134,465.85931396484375
320,3,3,0.007300000000000011,482.59809329021294,10.94682896069505,21.968115378662162,10.833937534066134,465.85931396484375
320,3,4,0.007300000000000011,300.603984426586,8.011766880750656,17.33793483741896,24.518911261307565,465.85931396484375
320,3,5,0.007300000000000011,130.6800517903152,3.2134268283843994,11.431537595193186,93.17186279296875,465.85931396484375
