epoch,startPos,prefixLength,learnRate,MSE,MAE,RMSE,meanLoss,totalLoss
169,3,mix,0.009200000000000005,469.54389433842937,10.817965865135193,21.668961542686567,10.736489229424055,461.6690368652344
169,3,3,0.009200000000000005,470.22825828736654,10.825982396575538,21.684747134503702,10.736489229424055,461.6690368652344
169,3,4,0.009200000000000005,274.9477972034671,6.922492787241936,16.581549903536374,24.298370361328125,461.6690368652344
169,3,5,0.009200000000000005,117.76103819704348,4.6981912814080715,10.851775808458424,76.94483947753906,461.6690368652344
