epoch,startPos,prefixLength,learnRate,MSE,MAE,RMSE,meanLoss,totalLoss
369,5,mix,0.00690000000000001,652.4041588057144,21.52990221977234,25.542203483758296,20.931916809082033,104.65958404541016
369,5,5,0.00690000000000001,652.6609416747592,21.499599516391754,25.547229628176108,20.931916809082033,104.65958404541016
