epoch,startPos,prefixLength,learnRate,MSE,MAE,RMSE,meanLoss,totalLoss
209,2,mix,0.00840000000000001,760.773102531338,23.200732040054657,27.582115628271485,23.434933769971803,3116.84619140625
209,2,2,0.00840000000000001,761.3455991300334,23.19104027748108,27.592491716589016,23.434933769971803,3116.84619140625
209,2,3,0.00840000000000001,836.8353587448983,24.434909128225765,28.92810672589719,62.336923828125,3116.84619140625
209,2,4,0.00840000000000001,1109.0833484351201,28.7131329536438,33.302903003118516,164.04453638980263,3116.84619140625
209,2,5,0.00840000000000001,2074.2762141196886,42.62463802099228,45.54422262065397,623.36923828125,3116.84619140625
