epoch,startPos,prefixLength,learnRate,MSE,MAE,RMSE,meanLoss,totalLoss
164,3,mix,0.008700000000000008,503.63705771654764,11.29945201257413,22.44185949774545,10.545329958893532,453.4491882324219
164,3,3,0.008700000000000008,504.5247443148057,11.315486375750465,22.46162826499463,10.545329958893532,453.4491882324219
164,3,4,0.008700000000000008,303.5791473205868,7.832546254619956,17.423522816026235,23.865746749074834,453.4491882324219
164,3,5,0.008700000000000008,175.78340357460547,5.9792932737618685,13.258333363383404,90.68983764648438,453.4491882324219
