epoch,startPos,prefixLength,learnRate,MSE,MAE,RMSE,meanLoss,totalLoss
202,3,mix,0.00840000000000001,51.77273093289353,2.2494800885802277,7.195327020566441,1.7818608283996582,5.345582485198975
202,3,3,0.00840000000000001,48.90385485168005,1.8751785833876085,6.993129117332244,1.7818608283996582,5.345582485198975
202,3,4,0.00840000000000001,2.1979174123798444,0.5222910483879275,1.482537491053715,5.345582485198975,5.345582485198975
