epoch,startPos,prefixLength,learnRate,MSE,MAE,RMSE,meanLoss,totalLoss
154,2,mix,0.009300000000000004,342.30745083464785,8.289745788892795,18.501552660105254,8.44595196925172,920.6087646484375
154,2,2,0.009300000000000004,344.31752322616336,8.312918684413207,18.555794869155118,8.44595196925172,920.6087646484375
154,2,3,0.009300000000000004,458.4664921830048,10.719019018621607,21.411830659310866,21.409506154614824,920.6087646484375
154,2,4,0.009300000000000004,260.25802280098503,7.014542905986309,16.13251445996516,48.453092876233555,920.6087646484375
154,2,5,0.009300000000000004,106.66573981802836,3.0329538471996784,10.327910718922213,184.1217529296875,920.6087646484375
