epoch,startPos,prefixLength,learnRate,MSE,MAE,RMSE,meanLoss,totalLoss
240,4,mix,0.008800000000000007,265.84607760951025,7.153620595484972,16.304786953821576,7.7525490208675985,147.29843139648438
240,4,4,0.008800000000000007,265.84607777043715,7.153620598465205,16.304786958756534,7.7525490208675985,147.29843139648438
240,4,5,0.008800000000000007,385.37840455338045,10.601881690323353,19.631057143042003,29.459686279296875,147.29843139648438
