epoch,startPos,prefixLength,learnRate,MSE,MAE,RMSE,meanLoss,totalLoss
183,3,mix,0.008600000000000009,35.61282815329911,1.3620341768007904,5.967648460934936,1.7099523544311523,5.129857063293457
183,3,3,0.008600000000000009,59.284242733040166,2.194418899186445,7.699626142420174,1.7099523544311523,5.129857063293457
183,3,4,0.008600000000000009,2.92305339476075,0.7616752621887599,1.7096939476879334,5.129857063293457,5.129857063293457
