epoch,startPos,prefixLength,learnRate,MSE,MAE,RMSE,meanLoss,totalLoss
287,2,mix,0.008600000000000009,369.04958466882863,8.86816644908062,19.210663306321013,8.290209406072444,911.9230346679688
287,2,2,0.008600000000000009,368.4848347696306,8.87041259716664,19.1959588135011,8.290209406072444,911.9230346679688
287,2,3,0.008600000000000009,462.99826924001866,11.16532596268437,21.517394573693597,21.20751243413881,911.9230346679688
287,2,4,0.008600000000000009,259.05440398338004,6.662512491643429,16.09516710020061,47.99594919305099,911.9230346679688
287,2,5,0.008600000000000009,113.27458782828823,4.541307993233204,10.643053501147508,151.98717244466147,911.9230346679688
