epoch,startPos,prefixLength,learnRate,MSE,MAE,RMSE,meanLoss,totalLoss
172,1,mix,0.0005999999999999998,328.03503483263563,9.779908599158706,18.111737487956134,9.543227167854532,1631.891845703125
172,1,1,0.0005999999999999998,325.59423632542126,9.732678589844253,18.044230000901155,9.543227167854532,1631.891845703125
172,1,2,0.0005999999999999998,329.4187627262079,9.79977526006082,18.14989704450711,11.573701033355496,1631.891845703125
172,1,3,0.0005999999999999998,340.26213578770887,10.101706800767435,18.446195699593694,16.483756017203284,1631.891845703125
172,1,4,0.0005999999999999998,321.80755181711044,9.824628925394444,17.938995284494347,21.19340059354708,1631.891845703125
