epoch,startPos,prefixLength,learnRate,MSE,MAE,RMSE,meanLoss,totalLoss
216,4,mix,0.008200000000000011,352.7340769380811,8.639709439128637,18.781216066540555,7.603465833162007,144.46585083007812
216,4,4,0.008200000000000011,368.7295359583398,9.139567539840936,19.202331524019154,7.603465833162007,144.46585083007812
216,4,5,0.008200000000000011,175.77053263927507,6.345867129042745,13.257847964103188,28.893170166015626,144.46585083007812
