epoch,startPos,prefixLength,learnRate,MSE,MAE,RMSE,meanLoss,totalLoss
319,3,mix,0.007400000000000012,672.7966177904351,21.461446775839878,25.938323341928545,21.5182080078125,1075.910400390625
319,3,3,0.007400000000000012,664.7626932175887,21.306098016408775,25.782992324739745,21.5182080078125,1075.910400390625
319,3,4,0.007400000000000012,661.1669076151869,22.236695379018784,25.71316603639441,56.626863178453945,1075.910400390625
319,3,5,0.007400000000000012,982.3300854939234,28.2106431722641,31.342145515167328,215.182080078125,1075.910400390625
