epoch,startPos,prefixLength,learnRate,MSE,MAE,RMSE,meanLoss,totalLoss
91,3,mix,0.009400000000000004,353.86300411806127,10.40265466674016,18.811246745446226,9.654767277264837,955.8219604492188
91,3,3,0.009400000000000004,344.3482717074849,10.264972157507705,18.55662339186429,9.654767277264837,955.8219604492188
91,3,4,0.009400000000000004,311.9941029991487,9.697162941120387,17.66335480590108,12.413272213626218,955.8219604492188
