epoch,startPos,prefixLength,learnRate,MSE,MAE,RMSE,meanLoss,totalLoss
117,2,mix,0.009200000000000005,789.317846187095,23.598515608093955,28.094801052634185,23.13435076950188,3076.86865234375
117,2,2,0.009200000000000005,788.2674553206504,23.56026212193749,28.07610114172996,23.13435076950188,3076.86865234375
117,2,3,0.009200000000000005,744.6952508811969,23.136102327933678,27.289104984978838,61.537373046875,3076.86865234375
117,2,4,0.009200000000000005,704.5102911633815,22.966569328308104,26.542612741841776,161.94045538651315,3076.86865234375
