epoch,startPos,prefixLength,learnRate,MSE,MAE,RMSE,meanLoss,totalLoss
476,2,mix,0.007600000000000012,354.31548578105634,8.428465823608416,18.82326979515133,8.415778632636544,934.1514282226562
476,2,2,0.007600000000000012,358.2679628517505,8.52800085147222,18.92796774225248,8.415778632636544,934.1514282226562
476,2,3,0.007600000000000012,519.2656757949585,11.628174544735389,22.787401690297173,21.72445181913154,934.1514282226562
476,2,4,0.007600000000000012,265.84948774641924,7.153491881489754,16.304891528201566,49.165864643297695,934.1514282226562
476,2,5,0.007600000000000012,317.70164284011094,8.82053935714066,17.824187017648544,186.83028564453124,934.1514282226562
