epoch,startPos,prefixLength,learnRate,MSE,MAE,RMSE,meanLoss,totalLoss
374,4,mix,0.00690000000000001,695.3439653322936,20.78288972377777,26.36937552033217,19.186263234991777,364.53900146484375
374,4,4,0.00690000000000001,692.4082960055114,20.820389723777772,26.313652274162006,19.186263234991777,364.53900146484375
374,4,5,0.00690000000000001,794.3356778949251,25.43499892950058,28.18396135916534,60.756500244140625,364.53900146484375
