epoch,startPos,prefixLength,learnRate,MSE,MAE,RMSE,meanLoss,totalLoss
146,4,mix,0.009300000000000004,260.8798952766168,6.990040463954211,16.151776845802967,7.92949074193051,150.6603240966797
146,4,4,0.009300000000000004,260.8798952766168,6.990040463954211,16.151776845802967,7.92949074193051,150.6603240966797
146,4,5,0.009300000000000004,106.62856665832086,3.034605871886015,10.326110916425451,30.132064819335938,150.6603240966797
