epoch,startPos,prefixLength,learnRate,MSE,MAE,RMSE,meanLoss,totalLoss
463,3,mix,0.006100000000000008,570.1707177830851,17.919182002544403,23.878247795495486,20.131752014160156,60.39525604248047
463,3,3,0.006100000000000008,529.8606520685194,17.01040005683899,23.01870222381182,20.131752014160156,60.39525604248047
463,3,4,0.006100000000000008,222.2557098938912,11.193436086177826,14.908243018340263,60.39525604248047,60.39525604248047
