epoch,startPos,prefixLength,learnRate,MSE,MAE,RMSE,meanLoss,totalLoss
154,2,mix,0.009000000000000006,759.3931226077407,23.082044028183994,27.557088427621316,23.242330680216167,3091.22998046875
154,2,2,0.009000000000000006,757.8558175851034,23.05969825387001,27.529181200774996,23.242330680216167,3091.22998046875
154,2,3,0.009000000000000006,866.7721373526371,24.446981943570652,29.440994163795438,61.824599609375,3091.22998046875
154,2,4,0.009000000000000006,989.2792411326936,26.591656816005706,31.452809749411795,162.69631476151315,3091.22998046875
154,2,5,0.009000000000000006,995.3445705236736,23.45050573348999,31.549081928380637,515.2049967447916,3091.22998046875
