epoch,startPos,prefixLength,learnRate,MSE,MAE,RMSE,meanLoss,totalLoss
283,3,mix,0.008600000000000009,448.6587854409167,10.443538256328214,21.181567114850512,10.462901270666787,449.9047546386719
283,3,3,0.008600000000000009,467.46363031063197,10.831311344423078,21.620907249942867,10.462901270666787,449.9047546386719
283,3,4,0.008600000000000009,260.9351500460442,6.988083868473768,16.153487241027687,23.679197612561676,449.9047546386719
283,3,5,0.008600000000000009,106.66701304933554,3.0330651812255383,10.32797235905168,89.98095092773437,449.9047546386719
