epoch,startPos,prefixLength,learnRate,MSE,MAE,RMSE,meanLoss,totalLoss
172,2,mix,0.008700000000000008,332.1124863836467,8.247890491570745,18.223953643039337,8.500724098899148,935.0796508789062
172,2,2,0.008700000000000008,333.94213363088886,8.23401304354359,18.274083660498242,8.500724098899148,935.0796508789062
172,2,3,0.008700000000000008,464.41295816951026,10.727989063174887,21.55024264757848,21.746038392532704,935.0796508789062
172,2,4,0.008700000000000008,285.13491917690243,7.467040989920497,16.885938504474733,49.21471846731085,935.0796508789062
172,2,5,0.008700000000000008,129.83629318832072,3.3074833434075117,11.39457297086296,187.01593017578125,935.0796508789062
