epoch,startPos,prefixLength,learnRate,MSE,MAE,RMSE,meanLoss,totalLoss
437,2,mix,0.006400000000000009,772.638054619332,23.274013791014166,27.79636765153555,23.30683703888628,3099.809326171875
437,2,2,0.006400000000000009,766.6440847495775,23.128597687272464,27.68833842522114,23.30683703888628,3099.809326171875
437,2,3,0.006400000000000009,832.3739184315548,24.071117809185615,28.850891120233268,61.9961865234375,3099.809326171875
437,2,4,0.006400000000000009,1134.2880158837527,28.987028777599335,33.67919262517664,163.14785927220396,3099.809326171875
437,2,5,0.006400000000000009,2269.0570263178392,44.72966140508652,47.63462003960816,619.961865234375,3099.809326171875
