epoch,startPos,prefixLength,learnRate,MSE,MAE,RMSE,meanLoss,totalLoss
495,2,mix,0.007500000000000012,352.8578993197557,8.403758696935794,18.784512219372523,8.41099094700169,933.6199951171875
495,2,2,0.007500000000000012,352.9551509097746,8.41301778924686,18.787100652037147,8.41099094700169,933.6199951171875
495,2,3,0.007500000000000012,509.43323713695366,11.4617919085378,22.57062775238991,21.712092909702037,933.6199951171875
495,2,4,0.007500000000000012,265.88581027376324,7.154958145320416,16.30600534385302,49.13789447985197,933.6199951171875
495,2,5,0.007500000000000012,329.0236483672401,9.118914056569338,18.139009023848025,186.7239990234375,933.6199951171875
