epoch,startPos,prefixLength,learnRate,MSE,MAE,RMSE,meanLoss,totalLoss
58,1,mix,0.007,211.84148966603163,5.094114391060264,14.554775493494622,4.607169932888863,612.7536010742188
58,1,1,0.007,215.15856995889752,5.161345082099367,14.668284492703894,4.607169932888863,612.7536010742188
58,1,2,0.007,82.30248902668173,2.4502064552887077,9.072071925788602,22.69457781756366,612.7536010742188
58,1,3,0.007,84.49145248653821,3.0945131016196683,9.191923220226451,204.2512003580729,612.7536010742188
58,1,4,0.007,1.6364597315431578e-06,0.0012660199681704398,0.0012792418581109508,612.7536010742188,612.7536010742188
