epoch,startPos,prefixLength,learnRate,MSE,MAE,RMSE,meanLoss,totalLoss
453,3,mix,0.006100000000000008,548.1261365388402,12.371495519510724,23.412093809372116,10.268061438272166,441.5266418457031
453,3,3,0.006100000000000008,543.8692567050557,12.318999536335468,23.321004624695217,10.268061438272166,441.5266418457031
453,3,4,0.006100000000000008,334.4597607437811,8.076107809320092,18.28824105111755,23.238244307668584,441.5266418457031
