epoch,startPos,prefixLength,learnRate,MSE,MAE,RMSE,meanLoss,totalLoss
191,2,mix,0.008600000000000009,331.5467819904509,9.768636992641,18.208426126122237,9.273854790004433,1307.613525390625
191,2,2,0.008600000000000009,325.14213078722855,9.637795101139798,18.031697945208283,9.273854790004433,1307.613525390625
191,2,3,0.008600000000000009,345.23640663167566,10.16745287262333,18.580538383794902,13.208217428188131,1307.613525390625
191,2,4,0.008600000000000009,311.9801271029006,9.579156192374372,17.66295918307294,16.981993836241884,1307.613525390625
