epoch,startPos,prefixLength,learnRate,MSE,MAE,RMSE,meanLoss,totalLoss
153,2,mix,0.008900000000000007,79.67290805406688,2.348743167811108,8.925968185808578,2.482056229202836,67.01551818847656
153,2,2,0.008900000000000007,83.63421152460045,2.5010866194675145,9.14517422057122,2.482056229202836,67.01551818847656
153,2,3,0.008900000000000007,36.40888765894943,1.3759890303845168,6.033977764207408,22.33850606282552,67.01551818847656
153,2,4,0.008900000000000007,8.76545735876958e-07,0.0009357565741083818,0.0009362402127002225,67.01551818847656,67.01551818847656
