epoch,startPos,prefixLength,learnRate,MSE,MAE,RMSE,meanLoss,totalLoss
456,2,mix,0.006300000000000009,762.1985539612331,23.08769167872036,27.607943674986608,23.314254875469924,3100.7958984375
456,2,2,0.006300000000000009,761.7624725177316,23.083749825463574,27.600044791951543,23.314254875469924,3100.7958984375
456,2,3,0.006300000000000009,837.0630911969959,24.102883467307457,28.932042637826246,62.01591796875,3100.7958984375
456,2,4,0.006300000000000009,1136.7647277093342,29.19883660078049,33.71594174436381,163.19978412828948,3100.7958984375
456,2,5,0.006300000000000009,2240.4650436251477,44.42844218015671,47.33355092981244,620.1591796875,3100.7958984375
