epoch,startPos,prefixLength,learnRate,MSE,MAE,RMSE,meanLoss,totalLoss
153,1,mix,0.0006999999999999999,427.3347530023901,17.37635309237874,20.67207664949001,17.592121783952066,2339.752197265625
153,1,1,0.0006999999999999999,425.00043289707617,17.336957197297703,20.615538627381923,17.592121783952066,2339.752197265625
153,1,2,0.0006999999999999999,266.6267229986765,11.596729150041938,16.328708552689537,21.27047452059659,2339.752197265625
153,1,3,0.0006999999999999999,391.1313539244789,12.457626623863524,19.777041081124317,54.412841796875,2339.752197265625
153,1,4,0.0006999999999999999,254.77171120237668,9.474549449235202,15.9615698226201,123.14485248766448,2339.752197265625
153,1,5,0.0006999999999999999,120.668801803345,5.229153094813228,10.984935220716824,467.950439453125,2339.752197265625
