epoch,startPos,prefixLength,learnRate,MSE,MAE,RMSE,meanLoss,totalLoss
263,2,mix,0.007900000000000013,329.84471887053706,8.14269872289151,18.16162764926473,8.481336004083806,932.9469604492188
263,2,2,0.007900000000000013,330.83596270689293,8.176180868010436,18.18889668745449,8.481336004083806,932.9469604492188
263,2,3,0.007900000000000013,499.75243527873795,11.5324614349414,22.355143374148554,21.696440940679505,932.9469604492188
263,2,4,0.007900000000000013,352.85797558507625,8.64013430327177,18.784514249377764,49.10247160259046,932.9469604492188
263,2,5,0.007900000000000013,172.07936248902487,6.174513334408402,13.117902366195018,186.58939208984376,932.9469604492188
