epoch,startPos,prefixLength,learnRate,MSE,MAE,RMSE,meanLoss,totalLoss
339,3,mix,0.00830000000000001,514.3611059083349,11.544902773066001,22.679530548676155,10.491421721702398,451.1311340332031
339,3,3,0.00830000000000001,516.9180618837387,11.63013037869876,22.735832113290655,10.491421721702398,451.1311340332031
339,3,4,0.00830000000000001,265.85594202738787,7.159445890784264,16.305089451683113,23.743743896484375,451.1311340332031
339,3,5,0.00830000000000001,362.80691635267385,10.00841200351715,19.047491077637336,90.22622680664062,451.1311340332031
