epoch,startPos,prefixLength,learnRate,MSE,MAE,RMSE,meanLoss,totalLoss
445,4,mix,0.0062000000000000085,304.4070842875284,7.87519853208214,17.447265811224646,7.6126556396484375,144.6404571533203
445,4,4,0.0062000000000000085,303.00041062085376,7.781439615786075,17.40690698030106,7.6126556396484375,144.6404571533203
445,4,5,0.0062000000000000085,173.8787791991115,5.72670524707064,13.18631029511711,28.92809143066406,144.6404571533203
