epoch,startPos,prefixLength,learnRate,MSE,MAE,RMSE,meanLoss,totalLoss
321,3,mix,0.00840000000000001,472.4774383389511,10.874882912771268,21.736546145580515,10.67265213367551,458.9240417480469
321,3,3,0.00840000000000001,477.17641684110254,10.981417141854763,21.844368080608387,10.67265213367551,458.9240417480469
321,3,4,0.00840000000000001,260.0129688863593,6.619946131110192,16.124917639676777,24.15389693410773,458.9240417480469
321,3,5,0.00840000000000001,118.84182632147312,4.830576550215483,10.901459825246944,76.48734029134114,458.9240417480469
