epoch,startPos,prefixLength,learnRate,MSE,MAE,RMSE,meanLoss,totalLoss
373,3,mix,0.00680000000000001,493.1468651155162,11.345743855292147,22.20691030097425,10.575480616369912,454.74566650390625
373,3,3,0.00680000000000001,499.22588741661275,11.524700258604504,22.3433633863976,10.575480616369912,454.74566650390625
373,3,4,0.00680000000000001,359.18637950609536,8.83819759786129,18.952213050356292,23.933982447574014,454.74566650390625
373,3,5,0.00680000000000001,156.90567465127066,5.485171727836132,12.526199529437116,90.94913330078126,454.74566650390625
