epoch,startPos,prefixLength,learnRate,MSE,MAE,RMSE,meanLoss,totalLoss
153,2,mix,0.009300000000000004,354.02035997279694,8.419081871294313,18.815428774619964,8.423240317954674,934.9796752929688
153,2,2,0.009300000000000004,355.5819278367414,8.461317505549502,18.856880119381927,8.423240317954674,934.9796752929688
153,2,3,0.009300000000000004,521.5525857609177,11.71453183990988,22.83752582397922,21.74371337890625,934.9796752929688
153,2,4,0.009300000000000004,265.6495657287953,7.163746985048055,16.298759637739167,49.20945659436678,934.9796752929688
153,2,5,0.009300000000000004,306.6674785852379,8.53732437454164,17.51192389731174,186.99593505859374,934.9796752929688
