epoch,startPos,prefixLength,learnRate,MSE,MAE,RMSE,meanLoss,totalLoss
318,4,mix,0.007400000000000012,676.1113761049601,19.630417307217915,26.00214175995816,19.36410201223273,367.9179382324219
318,4,4,0.007400000000000012,680.3031312688877,19.813221434752148,26.082621249960436,19.36410201223273,367.9179382324219
318,4,5,0.007400000000000012,830.1501595392447,22.037771224975586,28.812326520766153,73.58358764648438,367.9179382324219
