epoch,startPos,prefixLength,learnRate,MSE,MAE,RMSE,meanLoss,totalLoss
26,1,mix,0.01,439.6522110409804,17.74302652061862,20.967885230537206,17.512218045112782,2329.125
26,1,1,0.01,440.297128189225,17.763163278536762,20.983258283432175,17.512218045112782,2329.125
26,1,2,0.01,289.1899997541944,11.968418387213239,17.005587309887137,20.98310810810811,2329.125
26,1,3,0.01,397.3095839232296,12.792794409123333,19.93262611707824,54.1656976744186,2329.125
26,1,4,0.01,253.16803052755427,9.128227838128804,15.911254838244352,122.58552631578948,2329.125
26,1,5,0.01,67.29486784944973,4.608704846352339,8.203344918351887,388.1875,2329.125
