epoch,startPos,prefixLength,learnRate,MSE,MAE,RMSE,meanLoss,totalLoss
419,2,mix,0.0066000000000000095,351.22154543730954,8.49375002970919,18.740905672813934,8.41802645596591,925.98291015625
419,2,2,0.0066000000000000095,347.6302021782947,8.424209745467774,18.644843849662426,8.41802645596591,925.98291015625
419,2,3,0.0066000000000000095,548.2860879123133,12.428360903804952,23.415509559100208,21.534486282703487,925.98291015625
419,2,4,0.0066000000000000095,319.54814634403374,7.789258437603712,17.875909664798424,48.73594263980263,925.98291015625
