epoch,startPos,prefixLength,learnRate,MSE,MAE,RMSE,meanLoss,totalLoss
187,3,mix,0.009100000000000006,515.5221246142024,11.588301472027194,22.705112301290264,10.404751799827398,447.4043273925781
187,3,3,0.009100000000000006,521.7440594041681,11.71469773453745,22.84171752307974,10.404751799827398,447.4043273925781
187,3,4,0.009100000000000006,265.8054422637416,7.155145379155874,16.30354078915809,23.547596178556745,447.4043273925781
187,3,5,0.009100000000000006,385.32049952408585,10.602824039757252,19.629582255465497,89.48086547851562,447.4043273925781
