epoch,startPos,prefixLength,learnRate,MSE,MAE,RMSE,meanLoss,totalLoss
96,1,mix,0.003,178.17825544292612,4.64182603245038,13.348342797625708,4.852086163949275,1004.3818359375
96,1,1,0.003,179.7034520058571,4.678483237833732,13.405351618135837,4.852086163949275,1004.3818359375
96,1,2,0.003,116.8059872981863,2.8937499869840555,10.807681865145101,15.217906605113637,1004.3818359375
96,1,3,0.003,77.65010036529941,2.3558263769937184,8.811929434879708,83.698486328125,1004.3818359375
96,1,4,0.003,102.01286713339051,2.8909167194642578,10.100141936299238,334.7939453125,1004.3818359375
