epoch,startPos,prefixLength,learnRate,MSE,MAE,RMSE,meanLoss,totalLoss
207,3,mix,0.009000000000000006,476.8351602339899,10.967743432657285,21.836555594552678,10.642241721929507,457.61639404296875
207,3,3,0.009000000000000006,473.4082742538822,10.86970202387734,21.757947381448513,10.642241721929507,457.61639404296875
207,3,4,0.009000000000000006,292.68435316726334,7.4393252149224285,17.108020141654713,24.085073370682565,457.61639404296875
207,3,5,0.009000000000000006,73.22063001776282,2.4474791567772627,8.556905399603458,76.26939900716145,457.61639404296875
