epoch,startPos,prefixLength,learnRate,MSE,MAE,RMSE,meanLoss,totalLoss
39,2,mix,0.0099,303.1984666650846,7.495230984508193,17.412595058321564,8.62618826101492,957.5068969726562
39,2,2,0.0099,305.31669138826,7.543371076496052,17.473313692263982,8.62618826101492,957.5068969726562
39,2,3,0.0099,464.7047809817617,11.064753627319904,21.557012338952763,22.26760225517805,957.5068969726562
39,2,4,0.0099,305.62490036795464,7.614041275344789,17.48213088750781,50.39509984066612,957.5068969726562
