epoch,startPos,prefixLength,learnRate,MSE,MAE,RMSE,meanLoss,totalLoss
220,1,mix,0.00019999999999999982,719.5320665325853,21.97527810335159,26.824094887481017,20.437557961443346,2840.820556640625
220,1,1,0.00019999999999999982,719.1932929553702,21.97116622413908,26.817779418799205,20.437557961443346,2840.820556640625
220,1,2,0.00019999999999999982,1045.548864289371,26.165681838989258,32.33494803288496,101.45787702287946,2840.820556640625
220,1,3,0.00019999999999999982,1205.4173955218116,30.0497887134552,34.71912146817387,946.940185546875,2840.820556640625
220,1,4,0.00019999999999999982,1250.4544398182857,33.33809506893158,35.36176522486237,2840.820556640625,2840.820556640625
