epoch,startPos,prefixLength,learnRate,MSE,MAE,RMSE,meanLoss,totalLoss
373,3,mix,0.0070000000000000106,504.5128027466126,11.312061382796276,22.46136244190482,10.429142441860465,448.453125
373,3,3,0.0070000000000000106,512.8067780406583,11.495630210858177,22.64523742513331,10.429142441860465,448.453125
373,3,4,0.0070000000000000106,304.98226099912483,7.926235821656883,17.463741323070632,23.60279605263158,448.453125
373,3,5,0.0070000000000000106,177.27906725774034,6.166430834680796,13.314618554721736,89.690625,448.453125
