epoch,startPos,prefixLength,learnRate,MSE,MAE,RMSE,meanLoss,totalLoss
245,3,mix,0.008800000000000007,472.48786400892135,10.861752948300404,21.73678596317591,10.66499647983285,458.5948486328125
245,3,3,0.008800000000000007,479.2239016701723,11.049253753640436,21.891183194842903,10.66499647983285,458.5948486328125
245,3,4,0.008800000000000007,274.9706004188791,6.923015432059765,16.582237497360815,24.136570980674342,458.5948486328125
245,3,5,0.008800000000000007,115.78848979182894,4.450843099504709,10.760506019320324,76.43247477213542,458.5948486328125
