epoch,startPos,prefixLength,learnRate,MSE,MAE,RMSE,meanLoss,totalLoss
20,1,mix,0.01,427.53146621737034,17.31578486401807,20.67683404724646,17.558769457267992,2317.757568359375
20,1,1,0.01,425.91126357852846,17.269167847438332,20.637617681760858,17.558769457267992,2317.757568359375
20,1,2,0.01,248.74394423356947,11.101817477694047,15.771618313716873,20.880698814048422,2317.757568359375
20,1,3,0.01,409.82080798287404,12.911651930856435,20.244031416268697,53.90133879905523,2317.757568359375
20,1,4,0.01,255.5970173473567,9.053567474335432,15.987401832297726,121.98724043996711,2317.757568359375
