epoch,startPos,prefixLength,learnRate,MSE,MAE,RMSE,meanLoss,totalLoss
293,5,mix,0.007600000000000012,651.9119625141839,21.525293111801147,25.532566704391158,20.641204833984375,103.20602416992188
293,5,5,0.007600000000000012,652.2007214445534,21.545521080493927,25.538220796377992,20.641204833984375,103.20602416992188
