epoch,startPos,prefixLength,learnRate,MSE,MAE,RMSE,meanLoss,totalLoss
101,1,mix,0.006,452.2838675452572,17.704724144847955,21.2669665807152,17.46718786712876,2323.135986328125
101,1,1,0.006,452.94477797816216,17.707445358528812,21.282499335796118,17.46718786712876,2323.135986328125
101,1,2,0.006,298.65933041340213,11.948120496634926,17.281762942865583,21.11941805752841,2323.135986328125
101,1,3,0.006,399.45893964121933,12.56332723119042,19.98646891377312,54.02641828670058,2323.135986328125
101,1,4,0.006,248.9329559416953,8.991896878927946,15.777609322761649,122.27031506990132,2323.135986328125
101,1,5,0.006,95.1404977997664,6.196026189252734,9.753999067037396,387.1893310546875,2323.135986328125
