epoch,startPos,prefixLength,learnRate,MSE,MAE,RMSE,meanLoss,totalLoss
17,3,mix,0.01,795.9323410021168,23.679698140332192,28.21227287905242,23.12714953888628,3075.910888671875
17,3,3,0.01,708.5005797143248,22.310996945087727,26.617674198064805,61.5182177734375,3075.910888671875
17,3,4,0.01,607.0322644397468,20.75984392166138,24.638024767414834,161.89004677220396,3075.910888671875
