epoch,startPos,prefixLength,learnRate,MSE,MAE,RMSE,meanLoss,totalLoss
383,2,mix,0.00690000000000001,763.4471701252376,23.2587407617008,27.630547770995015,23.32822228912124,3102.653564453125
383,2,2,0.00690000000000001,767.0305778697139,23.26376521412064,27.695316894191947,23.32822228912124,3102.653564453125
383,2,3,0.00690000000000001,689.7082610668208,21.884535280557778,26.262297330333094,62.0530712890625,3102.653564453125
383,2,4,0.00690000000000001,730.3415101533459,23.076981794834136,27.024831362162946,163.29755602384867,3102.653564453125
