epoch,startPos,prefixLength,learnRate,MSE,MAE,RMSE,meanLoss,totalLoss
55,2,mix,0.009700000000000002,349.8434152582654,8.584987505472132,18.70410156244521,8.412839577414772,925.412353515625
55,2,2,0.009700000000000002,355.6487821126061,8.723384771163442,18.85865271202071,8.412839577414772,925.412353515625
55,2,3,0.009700000000000002,504.75742484071395,11.310643096031113,22.466807179497355,21.521217523619185,925.412353515625
55,2,4,0.009700000000000002,303.7469713124699,7.830526001751423,17.428338168410374,48.70591334292763,925.412353515625
55,2,5,0.009700000000000002,175.91152137186347,5.978962386958301,13.263164078449135,185.082470703125,925.412353515625
