epoch,startPos,prefixLength,learnRate,MSE,MAE,RMSE,meanLoss,totalLoss
172,1,mix,0.0005999999999999998,426.66901664035464,17.313709271140397,20.65596806350055,17.557450727982953,2317.58349609375
172,1,1,0.0005999999999999998,427.61628098208405,17.328524030087625,20.678884906640494,17.557450727982953,2317.58349609375
172,1,2,0.0005999999999999998,251.56196621384814,11.188046885188669,15.860705098256135,20.87913059543919,2317.58349609375
172,1,3,0.0005999999999999998,405.616724604997,12.841974762183698,20.139928614694664,53.8972906068314,2317.58349609375
172,1,4,0.0005999999999999998,252.00142804856486,9.002588192746042,15.87455284562576,121.97807874177632,2317.58349609375
