epoch,startPos,prefixLength,learnRate,MSE,MAE,RMSE,meanLoss,totalLoss
192,2,mix,0.009100000000000006,343.23224889519844,8.297830974490479,18.52652824722426,8.439070115395642,919.858642578125
192,2,2,0.009100000000000006,342.56816947206624,8.273720663811627,18.508597177313742,8.439070115395642,919.858642578125
192,2,3,0.009100000000000006,459.01733956091414,10.801069865680553,21.424689952503726,21.39206145530523,919.858642578125
192,2,4,0.009100000000000006,258.70635096736083,7.073769225180149,16.084351120494752,48.41361276726974,919.858642578125
192,2,5,0.009100000000000006,106.15945162256182,3.0923990197479725,10.30337088639256,183.971728515625,919.858642578125
