epoch,startPos,prefixLength,learnRate,MSE,MAE,RMSE,meanLoss,totalLoss
207,3,mix,0.009000000000000006,460.87616865373036,10.699029911478812,21.468026659516948,10.459437170694041,449.75579833984375
207,3,3,0.009000000000000006,467.54316121577153,10.833975616842508,21.622746384670275,10.459437170694041,449.75579833984375
207,3,4,0.009000000000000006,260.9870281413841,6.990657131001353,16.155092947469665,23.6713578073602,449.75579833984375
207,3,5,0.009000000000000006,106.68509470648159,3.0360020734369755,10.32884769499878,89.95115966796875,449.75579833984375
