epoch,startPos,prefixLength,learnRate,MSE,MAE,RMSE,meanLoss,totalLoss
191,1,mix,0.001,415.99476673839945,17.256538478939824,20.395949763087756,17.63817074424342,2345.876708984375
191,1,1,0.001,415.0079938357726,17.234270019851852,20.37174498750101,17.63817074424342,2345.876708984375
191,1,2,0.001,287.095645393835,11.864488906192559,16.94389699549177,21.13402440526464,2345.876708984375
191,1,3,0.001,434.91045905464273,13.378394311801953,20.85450692427521,54.55527230196221,2345.876708984375
191,1,4,0.001,230.44805154630293,8.92533610239625,15.180515523074403,123.46719520970395,2345.876708984375
191,1,5,0.001,307.7732127407498,10.706024808809161,17.543466383265017,469.175341796875,2345.876708984375
