epoch,startPos,prefixLength,learnRate,MSE,MAE,RMSE,meanLoss,totalLoss
134,1,mix,0.0009,326.33691007959493,9.749077513792313,18.064797537741597,9.547017058433845,1632.5399169921875
134,1,1,0.0009,325.5046715842081,9.727280938478057,18.041748019086402,9.547017058433845,1632.5399169921875
134,1,2,0.0009,330.53046938119473,9.865309776996988,18.18049695088654,11.578297283632535,1632.5399169921875
134,1,3,0.0009,344.8629147802859,10.186380014933933,18.57048504429235,16.49030219184028,1632.5399169921875
134,1,4,0.0009,314.44368363852885,9.605048985752676,17.732559985476684,21.201817103794642,1632.5399169921875
