epoch,startPos,prefixLength,learnRate,MSE,MAE,RMSE,meanLoss,totalLoss
19,2,mix,0.01,177.36376426396984,4.6355239743955625,13.317798776973987,4.857188938896437,1005.4381103515625
19,2,2,0.01,116.81702571936046,2.8961485571416774,10.808192527863318,15.233910762902463,1005.4381103515625
19,2,3,0.01,77.65228934575283,2.355477359980924,8.81205363951859,83.78650919596355,1005.4381103515625
19,2,4,0.01,142.51553895196707,3.6406320877531044,11.937987223647339,335.1460367838542,1005.4381103515625
