epoch,startPos,prefixLength,learnRate,MSE,MAE,RMSE,meanLoss,totalLoss
102,1,mix,0.005,682.2373110307083,21.101006847495835,26.119672873730792,21.506612141927082,4129.26953125
102,1,1,0.005,684.9036298350433,21.149119451642036,26.17066353448157,21.506612141927082,4129.26953125
102,1,2,0.005,1406.7830692657628,30.64138906142291,37.507106916766624,31.047139332706767,4129.26953125
102,1,3,0.005,2181.250219481337,40.628622570863136,46.70385658038677,82.585390625,4129.26953125
102,1,4,0.005,2954.8947196705385,49.2762045443058,54.358943327391295,217.32997532894737,4129.26953125
102,1,5,0.005,2572.224395317003,45.090176329016685,50.71710160603624,688.2115885416666,4129.26953125
