epoch,startPos,prefixLength,learnRate,MSE,MAE,RMSE,meanLoss,totalLoss
78,2,mix,0.009700000000000002,761.5725509963487,23.113386392593384,27.596603975785655,23.33157233905075,3103.09912109375
78,2,2,0.009700000000000002,764.7812429942643,23.178914610077353,27.654678501010714,23.33157233905075,3103.09912109375
78,2,3,0.009700000000000002,901.1529704507599,24.93494339631154,30.019210023762447,62.061982421875,3103.09912109375
78,2,4,0.009700000000000002,1214.7606421048706,29.990913009643556,34.85341650548581,163.32100637335526,3103.09912109375
78,2,5,0.009700000000000002,1169.8830390905043,24.750568211078644,34.20355301851701,517.1831868489584,3103.09912109375
