epoch,startPos,prefixLength,learnRate,MSE,MAE,RMSE,meanLoss,totalLoss
106,4,mix,0.009200000000000005,288.1883818877111,7.585095843672752,16.976112095757117,8.123652407997533,154.34939575195312
106,4,4,0.009200000000000005,292.41831272739404,7.748165298998356,17.100243060477066,8.123652407997533,154.34939575195312
106,4,5,0.009200000000000005,130.66121207955493,3.2112731765955687,11.430713542012805,30.869879150390624,154.34939575195312
