epoch,startPos,prefixLength,learnRate,MSE,MAE,RMSE,meanLoss,totalLoss
415,3,mix,0.007900000000000013,523.1824824836787,11.758247868919915,22.87318260504381,10.445570125136264,449.1595153808594
415,3,3,0.007900000000000013,520.6250623560898,11.673018926923925,22.81720978463602,10.445570125136264,449.1595153808594
415,3,4,0.007900000000000013,265.89759991657473,7.159033530205488,16.30636685214014,23.63997449372944,449.1595153808594
415,3,5,0.007900000000000013,396.6953043036014,10.899248369038105,19.917211258195795,89.83190307617187,449.1595153808594
