epoch,startPos,prefixLength,learnRate,MSE,MAE,RMSE,meanLoss,totalLoss
19,2,mix,0.01,447.59991467208357,17.510778634442072,21.156557249989508,17.50395397673872,2328.02587890625
19,2,2,0.01,281.6937127722867,11.494417283883584,16.783733576659476,21.163871626420455,2328.02587890625
19,2,3,0.01,466.7319138937683,13.924671848219903,21.60397912176755,54.14013671875,2328.02587890625
19,2,4,0.01,302.076538969162,9.796635263040661,17.38034921884949,122.52767783717105,2328.02587890625
