epoch,startPos,prefixLength,learnRate,MSE,MAE,RMSE,meanLoss,totalLoss
167,3,mix,0.008700000000000008,343.47720631219966,10.15678987858029,18.533138058952662,9.65726047092014,956.0687866210938
167,3,3,0.008700000000000008,346.884199172916,10.207580894357166,18.624827493776042,9.65726047092014,956.0687866210938
167,3,4,0.008700000000000008,308.5424394110718,9.558162704753201,17.565376153418175,12.416477748325892,956.0687866210938
