epoch,startPos,prefixLength,learnRate,MSE,MAE,RMSE,meanLoss,totalLoss
75,3,mix,0.009600000000000003,666.4947351447152,21.41235993917172,25.81655932041904,21.16157958984375,1058.0789794921875
75,3,3,0.009600000000000003,668.4099749348626,21.528090495329636,25.85362595333317,21.16157958984375,1058.0789794921875
75,3,4,0.009600000000000003,582.045223987823,19.611990332603455,24.125613442725616,55.68836734169408,1058.0789794921875
