epoch,startPos,prefixLength,learnRate,MSE,MAE,RMSE,meanLoss,totalLoss
425,4,mix,0.006400000000000009,356.03124550239875,8.738581050932407,18.868790250103444,7.65627007735403,145.46913146972656
425,4,4,0.006400000000000009,359.23145882622305,8.838581181317569,18.95340230212568,7.65627007735403,145.46913146972656
425,4,5,0.006400000000000009,179.6233494241305,6.516720870509744,13.4023635760313,29.093826293945312,145.46913146972656
