epoch,startPos,prefixLength,learnRate,MSE,MAE,RMSE,meanLoss,totalLoss
126,3,mix,0.009100000000000006,504.8336176167772,11.34080855582248,22.468502789833977,10.538550088571947,453.15765380859375
126,3,3,0.009100000000000006,509.3589115098314,11.393667020242322,22.56898118014704,10.538550088571947,453.15765380859375
126,3,4,0.009100000000000006,307.9530723817632,8.110913037508727,17.548591749247663,23.85040283203125,453.15765380859375
126,3,5,0.009100000000000006,174.40062246471945,5.790600538253784,13.20608278274521,90.63153076171875,453.15765380859375
