epoch,startPos,prefixLength,learnRate,MSE,MAE,RMSE,meanLoss,totalLoss
164,4,mix,0.008600000000000009,559.505997272305,18.23607966899872,23.65387911680249,19.810990182976973,376.4088134765625
164,4,4,0.008600000000000009,557.4362231091652,18.29556691646576,23.610087316847544,19.810990182976973,376.4088134765625
164,4,5,0.008600000000000009,739.8892106115377,23.72417789697647,27.200904591787708,75.2817626953125,376.4088134765625
