epoch,startPos,prefixLength,learnRate,MSE,MAE,RMSE,meanLoss,totalLoss
90,3,mix,0.009400000000000004,77.64655304584424,2.356395377377339,8.811728153196979,2.409578800201416,28.914945602416992
90,3,3,0.009400000000000004,77.64655490586203,2.356398071502099,8.811728258739146,2.409578800201416,28.914945602416992
90,3,4,0.009400000000000004,107.86742344333372,3.094530148562626,10.385924294126822,9.638315200805664,28.914945602416992
