epoch,startPos,prefixLength,learnRate,MSE,MAE,RMSE,meanLoss,totalLoss
226,3,mix,0.008200000000000011,738.1174990393041,22.147706866264343,27.168317928044498,20.78904296875,1039.4521484375
226,3,3,0.008200000000000011,749.7785199568148,22.312602276985462,27.38208392282835,20.78904296875,1039.4521484375
226,3,4,0.008200000000000011,661.5374965645018,21.104884839057924,25.720371236910673,54.7080078125,1039.4521484375
226,3,5,0.008200000000000011,722.8877195192787,23.914555221796036,26.886571360425982,173.24202473958334,1039.4521484375
