epoch,startPos,prefixLength,learnRate,MSE,MAE,RMSE,meanLoss,totalLoss
244,3,mix,0.008000000000000012,477.7517168697225,10.860562459650366,21.857532268527535,10.754682673964389,462.45135498046875
244,3,3,0.008000000000000012,473.70631132021043,10.852031117813153,21.764795228079002,10.754682673964389,462.45135498046875
244,3,4,0.008000000000000012,289.9634342451482,7.604494159668684,17.028312724552254,24.33954499897204,462.45135498046875
244,3,5,0.008000000000000012,130.64813455478017,3.2127977665513754,11.430141493209092,92.49027099609376,462.45135498046875
