epoch,startPos,prefixLength,learnRate,MSE,MAE,RMSE,meanLoss,totalLoss
173,2,mix,0.008900000000000007,755.9738303834118,23.03426090408774,27.49497827573995,23.299081443843985,3098.77783203125
173,2,2,0.008900000000000007,761.032532957152,23.11260030725423,27.586818101353263,23.299081443843985,3098.77783203125
173,2,3,0.008900000000000007,898.4917425210149,25.081411237900074,29.97485183484674,61.975556640625,3098.77783203125
173,2,4,0.008900000000000007,1038.631683154163,27.51508561372757,32.227809158460694,163.0935701069079,3098.77783203125
173,2,5,0.008900000000000007,1013.0848431406131,22.940097123384476,31.82899375004829,516.4629720052084,3098.77783203125
