epoch,startPos,prefixLength,learnRate,MSE,MAE,RMSE,meanLoss,totalLoss
261,3,mix,0.007900000000000013,77.6576184014417,2.3566001315498397,8.812356007416048,2.37367582321167,28.48410987854004
261,3,3,0.007900000000000013,77.65762835323002,2.3566000989198983,8.812356572065728,2.37367582321167,28.48410987854004
261,3,4,0.007900000000000013,147.82176076758367,4.126131083106884,12.158197266354238,9.49470329284668,28.48410987854004
