epoch,startPos,prefixLength,learnRate,MSE,MAE,RMSE,meanLoss,totalLoss
487,4,mix,0.007500000000000012,265.8133860059128,7.154849917441607,16.30378440748996,7.895687705592105,150.01806640625
487,4,4,0.007500000000000012,265.813386005908,7.1548499166965485,16.303784407489815,7.895687705592105,150.01806640625
487,4,5,0.007500000000000012,385.3302340173536,10.602746495977044,19.629830208571686,30.00361328125,150.01806640625
