epoch,startPos,prefixLength,learnRate,MSE,MAE,RMSE,meanLoss,totalLoss
449,3,mix,0.006100000000000008,501.35016500795723,11.569615005769514,22.390850028704968,10.579942570176236,454.9375305175781
449,3,3,0.006100000000000008,491.6797197743766,11.328138093040748,22.173852163626794,10.579942570176236,454.9375305175781
449,3,4,0.006100000000000008,362.41197243591694,8.937517656385898,19.037120907214856,23.944080553556745,454.9375305175781
449,3,5,0.006100000000000008,190.95270738074754,7.031271541491151,13.818563868244324,90.98750610351563,454.9375305175781
