epoch,startPos,prefixLength,learnRate,MSE,MAE,RMSE,meanLoss,totalLoss
491,3,mix,0.005800000000000007,473.32907442936107,10.850459159097888,21.756127284729722,10.838943126589752,466.0745544433594
491,3,3,0.005800000000000007,478.70344225028384,10.904434019191699,21.87929254455646,10.838943126589752,466.0745544433594
491,3,4,0.005800000000000007,294.1395666293985,7.768545825779438,17.150497562152488,24.53023970754523,466.0745544433594
491,3,5,0.005800000000000007,130.62794657392138,3.215158751234412,11.429258356250479,93.21491088867188,466.0745544433594
