epoch,startPos,prefixLength,learnRate,MSE,MAE,RMSE,meanLoss,totalLoss
96,1,mix,0.006,418.24677062358387,17.28816282376647,20.45108238269026,17.616768973214285,2343.0302734375
96,1,1,0.006,416.40289749289235,17.25773992987745,20.405952501485746,17.616768973214285,2343.0302734375
96,1,2,0.006,287.2606035717257,11.865490655656215,16.94876407210053,21.10838084177928,2343.0302734375
96,1,3,0.006,429.83534703894753,13.275110161101276,20.73247083776913,54.48907612645349,2343.0302734375
96,1,4,0.006,230.4629100068325,8.924297715723515,15.181004907674343,123.3173828125,2343.0302734375
96,1,5,0.006,307.7815895416767,10.705857709050179,17.543705125818683,468.6060546875,2343.0302734375
