epoch,startPos,prefixLength,learnRate,MSE,MAE,RMSE,meanLoss,totalLoss
358,3,mix,0.008200000000000011,526.7142502911324,11.79813217236237,22.9502559962004,10.4654541015625,450.0145263671875
358,3,3,0.008200000000000011,518.1038546357703,11.673113472759724,22.761894794497454,10.4654541015625,450.0145263671875
358,3,4,0.008200000000000011,265.8177678983503,7.158670791983605,16.30391878961467,23.684975071957236,450.0145263671875
358,3,5,0.008200000000000011,373.9826396600185,10.30697813257575,19.33863075970009,90.0029052734375,450.0145263671875
