epoch,startPos,prefixLength,learnRate,MSE,MAE,RMSE,meanLoss,totalLoss
19,2,mix,0.01,788.6571893530163,22.124187652021646,28.083040956296315,21.31354522705078,4092.20068359375
19,2,2,0.01,1360.692755926544,30.05766688199604,36.88756912465965,30.76842619243421,4092.20068359375
19,2,3,0.01,1710.1528708564435,36.08941709536772,41.35399461788962,81.844013671875,4092.20068359375
19,2,4,0.01,2121.2433142648683,42.026904702186584,46.056957284050675,215.37898334703948,4092.20068359375
