epoch,startPos,prefixLength,learnRate,MSE,MAE,RMSE,meanLoss,totalLoss
121,1,mix,0.003,677.992453960485,21.15076540162166,26.038288230229057,21.495630900065105,4127.1611328125
121,1,1,0.003,676.8003933836364,21.143585953861475,26.015387627010988,21.495630900065105,4127.1611328125
121,1,2,0.003,1354.4357338500372,29.92786737224635,36.802659331222756,31.03128671287594,4127.1611328125
121,1,3,0.003,2097.1607888425565,39.79242035058829,45.79476813832074,82.54322265625,4127.1611328125
121,1,4,0.003,2886.1983781220238,48.619880890846254,53.723350399263296,217.2190069901316,4127.1611328125
121,1,5,0.003,2519.0501066459406,44.68035849928856,50.1901395360278,687.8601888020834,4127.1611328125
