epoch,startPos,prefixLength,learnRate,MSE,MAE,RMSE,meanLoss,totalLoss
185,4,mix,0.008600000000000009,678.1931488989636,19.87826156616211,26.042141787859222,19.331787109375,367.303955078125
185,4,4,0.008600000000000009,676.4231261094241,19.794226050376892,26.008135767667472,19.331787109375,367.303955078125
185,4,5,0.008600000000000009,830.8571403252508,22.074655771255493,28.824592630690393,73.460791015625,367.303955078125
