epoch,startPos,prefixLength,learnRate,MSE,MAE,RMSE,meanLoss,totalLoss
373,4,mix,0.00680000000000001,558.7625525544618,18.335532116889954,23.63815882327686,19.80823557000411,376.3564758300781
373,4,4,0.00680000000000001,556.7814887504919,18.29015302658081,23.596217678909728,19.80823557000411,376.3564758300781
373,4,5,0.00680000000000001,720.2430510801032,23.34275472164154,26.837344337324122,75.27129516601562,376.3564758300781
