epoch,startPos,prefixLength,learnRate,MSE,MAE,RMSE,meanLoss,totalLoss
321,2,mix,0.007400000000000012,346.9814357056043,8.541812047029712,18.627437711762838,8.4170654296875,925.877197265625
321,2,2,0.007400000000000012,350.8886868718285,8.595893280979778,18.732023032012012,8.4170654296875,925.877197265625
321,2,3,0.007400000000000012,509.3298749148876,11.39234746501527,22.56833788551757,21.53202784338663,925.877197265625
321,2,4,0.007400000000000012,304.4166550795827,7.875263810157776,17.447540086773916,48.730378803453945,925.877197265625
321,2,5,0.007400000000000012,173.88583402030844,5.726826310157776,13.18657779790907,185.175439453125,925.877197265625
