epoch,startPos,prefixLength,learnRate,MSE,MAE,RMSE,meanLoss,totalLoss
262,3,mix,0.007900000000000013,666.9422826515757,21.295289640243237,25.825225703787677,21.4887158203125,1074.435791015625
262,3,3,0.007900000000000013,667.0585198153797,21.287414972598736,25.827476063591263,21.4887158203125,1074.435791015625
262,3,4,0.007900000000000013,659.163779439753,22.152312397956848,25.674185078396413,56.5492521587171,1074.435791015625
262,3,5,0.007900000000000013,939.8623729895198,27.527114868164062,30.657174902288695,214.887158203125,1074.435791015625
