epoch,startPos,prefixLength,learnRate,MSE,MAE,RMSE,meanLoss,totalLoss
134,1,mix,0.004,414.12740536623795,17.207038234241985,20.350120524612084,17.625387320841167,2344.176513671875
134,1,1,0.004,415.1622958115644,17.224542782500837,20.375531792116846,17.625387320841167,2344.176513671875
134,1,2,0.004,288.9110342716062,11.900342831595076,16.99738315952212,21.11870733037725,2344.176513671875
134,1,3,0.004,434.92152486104186,13.378089804879643,20.85477223229834,54.51573287609012,2344.176513671875
134,1,4,0.004,230.44788415509728,8.925347784906625,15.180510009716317,123.37771124588816,2344.176513671875
134,1,5,0.004,346.71264171407506,11.731306368485093,18.620221312166915,468.835302734375,2344.176513671875
