epoch,startPos,prefixLength,learnRate,MSE,MAE,RMSE,meanLoss,totalLoss
320,3,mix,0.00840000000000001,510.59684266401547,11.504251532933928,22.596390036110094,10.413781454396803,447.7926025390625
320,3,3,0.00840000000000001,515.5408610107868,11.588048388673501,22.70552490057842,10.413781454396803,447.7926025390625
320,3,4,0.00840000000000001,265.7861621546827,7.159740736335516,16.302949492490086,23.568031712582236,447.7926025390625
320,3,5,0.00840000000000001,306.33250588677555,8.525972831994295,17.5023571523031,89.5585205078125,447.7926025390625
