epoch,startPos,prefixLength,learnRate,MSE,MAE,RMSE,meanLoss,totalLoss
58,1,mix,0.007,178.85961714164938,4.668618211595951,13.373840777489814,4.852978987394324,1004.566650390625
58,1,1,0.007,177.25296271487866,4.626851919037242,13.3136382223222,4.852978987394324,1004.566650390625
58,1,2,0.007,116.37160500035037,2.8557634779168466,10.78756714928581,15.220706824100379,1004.566650390625
58,1,3,0.007,77.65188130156518,2.355530491904318,8.812030486872205,83.71388753255208,1004.566650390625
58,1,4,0.007,101.62446176462598,2.7813085290446793,10.080895881052735,334.8555501302083,1004.566650390625
