epoch,startPos,prefixLength,learnRate,MSE,MAE,RMSE,meanLoss,totalLoss
98,2,mix,0.009400000000000004,762.4528054598522,23.22034814252573,27.612547971164346,23.368514670465224,3108.012451171875
98,2,2,0.009400000000000004,763.2989572741371,23.229123509982053,27.627865593891563,23.368514670465224,3108.012451171875
98,2,3,0.009400000000000004,693.0895688511329,22.07011251266186,26.32659432686144,62.1602490234375,3108.012451171875
98,2,4,0.009400000000000004,832.0625701127259,24.798721194267273,28.84549479750219,163.5796026932566,3108.012451171875
