epoch,startPos,prefixLength,learnRate,MSE,MAE,RMSE,meanLoss,totalLoss
207,3,mix,0.009000000000000006,473.4590015414494,10.912953620607203,21.759113068814397,10.754672028297602,462.4508972167969
207,3,3,0.009000000000000006,472.74465014124814,10.883133066648787,21.742691878910673,10.754672028297602,462.4508972167969
207,3,4,0.009000000000000006,267.4394744362883,6.768516272306442,16.353576808646125,24.339520906147204,462.4508972167969
207,3,5,0.009000000000000006,117.26755769945856,4.636164203286171,10.829014622737313,77.07514953613281,462.4508972167969
