epoch,startPos,prefixLength,learnRate,MSE,MAE,RMSE,meanLoss,totalLoss
35,3,mix,0.009800000000000001,484.5822279611905,11.071322065185417,22.013228476559053,10.412234284156977,447.72607421875
35,3,3,0.009800000000000001,476.37663985085004,10.788666577163069,21.82605415211027,10.412234284156977,447.72607421875
35,3,4,0.009800000000000001,310.10843882102444,7.685093956813216,17.6098960479903,23.564530222039473,447.72607421875
