epoch,startPos,prefixLength,learnRate,MSE,MAE,RMSE,meanLoss,totalLoss
283,2,mix,0.007700000000000012,352.90634516714147,8.663651688623109,18.785801690828674,8.414699485085228,925.616943359375
283,2,2,0.007700000000000012,347.2283041826318,8.543664643674024,18.634063007906562,8.414699485085228,925.616943359375
283,2,3,0.007700000000000012,509.3266423768589,11.392189650034362,22.568266268742462,21.52597542696221,925.616943359375
283,2,4,0.007700000000000012,303.0081478789158,7.7813719511032104,17.407129225662565,48.71668122944079,925.616943359375
283,2,5,0.007700000000000012,173.88420923610101,5.7266844511032104,13.186516190264243,185.123388671875,925.616943359375
