epoch,startPos,prefixLength,learnRate,MSE,MAE,RMSE,meanLoss,totalLoss
431,4,mix,0.006400000000000009,672.0089866200478,20.44555609226227,25.92313612624923,19.185548481188324,364.5254211425781
431,4,4,0.006400000000000009,665.7591672479602,20.408067774772643,25.80230933943627,19.185548481188324,364.5254211425781
431,4,5,0.006400000000000009,801.3789902164394,25.56118816137314,28.30863808480442,60.75423685709635,364.5254211425781
