epoch,startPos,prefixLength,learnRate,MSE,MAE,RMSE,meanLoss,totalLoss
292,4,mix,0.007600000000000012,356.0069534343279,8.737659304589034,18.8681465288546,7.574765657123766,143.92054748535156
292,4,4,0.007600000000000012,352.8070153799711,8.637661466747522,18.78315775848063,7.574765657123766,143.92054748535156
292,4,5,0.007600000000000012,153.13727710782163,5.312692264094949,12.374864730889854,28.78410949707031,143.92054748535156
