epoch,startPos,prefixLength,learnRate,MSE,MAE,RMSE,meanLoss,totalLoss
417,3,mix,0.0066000000000000095,669.7723565297249,21.392609412853535,25.879960520250506,21.07711669921875,1053.8558349609375
417,3,3,0.0066000000000000095,671.7273265524952,21.43795266518226,25.91770295671465,21.07711669921875,1053.8558349609375
417,3,4,0.0066000000000000095,580.5704425016187,19.57739713191986,24.095029414831988,55.466096576891445,1053.8558349609375
