epoch,startPos,prefixLength,learnRate,MSE,MAE,RMSE,meanLoss,totalLoss
359,3,mix,0.008200000000000011,472.32330072244713,10.861477490514517,21.733000269692337,10.692439589389535,459.77490234375
359,3,3,0.008200000000000011,472.54489812349277,10.864210411228918,21.738097849708303,10.692439589389535,459.77490234375
359,3,4,0.008200000000000011,259.95146653868403,6.615389613062144,16.123010467610694,24.198679070723685,459.77490234375
359,3,5,0.008200000000000011,115.29534377632764,4.388957463204861,10.737566939317661,76.629150390625,459.77490234375
