epoch,startPos,prefixLength,learnRate,MSE,MAE,RMSE,meanLoss,totalLoss
38,1,mix,0.008,152.55367846026797,3.906521241050234,12.351262221338676,4.3216408676242235,695.7841796875
38,1,1,0.008,177.31963418238752,4.473628593890413,13.316141865509977,5.231459997650376,695.7841796875
38,1,2,0.008,66.84711484191546,2.006976174457837,8.176008490817232,24.849434988839285,695.7841796875
38,1,3,0.008,45.78224495489043,1.7815292915915961,6.766257825038182,231.92805989583334,695.7841796875
38,1,4,0.008,0.6876934582630178,0.34403129621023254,0.8292728491051771,695.7841796875,695.7841796875
38,1,5,0.008,7.979197607494481e-08,0.0002824747352860868,0.0002824747352860868,695.7841796875,695.7841796875
