epoch,startPos,prefixLength,learnRate,MSE,MAE,RMSE,meanLoss,totalLoss
338,3,mix,0.007200000000000011,344.0473862513954,10.220180108999976,18.548514394727018,9.649652654474432,955.3156127929688
338,3,3,0.007200000000000011,339.7041492912494,10.123259997675913,18.431064789947687,9.649652654474432,955.3156127929688
338,3,4,0.007200000000000011,307.2192420470862,9.558791163333115,17.527670753613734,12.406696270038555,955.3156127929688
