epoch,startPos,prefixLength,learnRate,MSE,MAE,RMSE,meanLoss,totalLoss
473,3,mix,0.007600000000000012,463.75849068993034,10.788647437976165,21.53505260476348,10.459213611691498,449.7461853027344
473,3,3,0.007600000000000012,473.8472385811152,10.987510979175568,21.768032492191736,10.459213611691498,449.7461853027344
473,3,4,0.007600000000000012,260.967761746499,6.989314119517803,16.154496641693886,23.670851858038652,449.7461853027344
473,3,5,0.007600000000000012,106.66841574582894,3.0332606211304665,10.328040266470156,89.94923706054688,449.7461853027344
