epoch,startPos,prefixLength,learnRate,MSE,MAE,RMSE,meanLoss,totalLoss
268,2,mix,0.008700000000000008,343.0407122486562,8.297770085583988,18.521358272239542,8.444860615861526,920.4898071289062
268,2,2,0.008700000000000008,342.3280909658343,8.290239765533599,18.50211044626624,8.444860615861526,920.4898071289062
268,2,3,0.008700000000000008,460.87308834649417,10.698831638659943,21.46795491765562,21.406739700672237,920.4898071289062
268,2,4,0.008700000000000008,260.95085769004766,6.988078355789185,16.15397343349455,48.44683195415296,920.4898071289062
268,2,5,0.008700000000000008,106.66784636934321,3.0331799844279885,10.328012701838782,184.09796142578125,920.4898071289062
