epoch,startPos,prefixLength,learnRate,MSE,MAE,RMSE,meanLoss,totalLoss
96,2,mix,0.009400000000000004,330.5802741789451,8.200132040706064,18.18186663076553,8.50659901012074,935.7258911132812
96,2,2,0.009400000000000004,331.28982036209806,8.232893127548907,18.20136863980558,8.50659901012074,935.7258911132812
96,2,3,0.009400000000000004,481.252730344812,11.168915558098393,21.937473198725783,21.761067235192588,935.7258911132812
96,2,4,0.009400000000000004,293.2377890113195,7.800745256617665,17.124187251117043,49.24873111122533,935.7258911132812
96,2,5,0.009400000000000004,129.38651946048736,3.363433259539306,11.374819535293181,187.14517822265626,935.7258911132812
