epoch,startPos,prefixLength,learnRate,MSE,MAE,RMSE,meanLoss,totalLoss
438,2,mix,0.006400000000000009,333.5355056484863,8.259712456858583,18.2629544611075,8.48819746537642,933.7017211914062
438,2,2,0.006400000000000009,334.27647371502064,8.27980429998466,18.283229302150662,8.48819746537642,933.7017211914062
438,2,3,0.006400000000000009,486.72469005271273,11.052289107983762,22.06183786661285,21.713993516079213,933.7017211914062
438,2,4,0.006400000000000009,294.1893547792104,7.766933806240559,17.151949008180104,49.14219585217928,933.7017211914062
438,2,5,0.006400000000000009,130.6463660214738,3.2129983883351088,11.430064130243268,186.74034423828124,933.7017211914062
