epoch,startPos,prefixLength,learnRate,MSE,MAE,RMSE,meanLoss,totalLoss
58,1,mix,0.007,325.1883669854775,9.73690568159746,18.032979980731902,9.544030975877194,1632.029296875
58,1,1,0.007,325.1716451740559,9.732949907804818,18.032516329510308,9.544030975877194,1632.029296875
58,1,2,0.007,328.8298437915146,9.804499164249542,18.133666032865904,11.574675864361701,1632.029296875
58,1,3,0.007,347.39291546832,10.255981269901476,18.63847943015524,16.48514441287879,1632.029296875
58,1,4,0.007,315.4218641650975,9.660420212894678,17.76012004928732,21.1951856737013,1632.029296875
