epoch,startPos,prefixLength,learnRate,MSE,MAE,RMSE,meanLoss,totalLoss
58,1,mix,0.007,459.3687629580457,17.526246919663567,21.43288974818948,17.758150258458645,2361.833984375
58,1,1,0.007,459.2189893191131,17.43829596426451,21.429395449221452,17.758150258458645,2361.833984375
58,1,2,0.007,268.25373433157,13.57274843113763,16.378453355905435,21.471218039772726,2361.833984375
58,1,3,0.007,372.1342683726259,15.730419172482057,19.290781953374154,54.926371729651166,2361.833984375
58,1,4,0.007,279.01013936977756,13.847486731410026,16.703596599827762,124.30705180921052,2361.833984375
58,1,5,0.007,149.10631862999986,11.287531115114689,12.21090981991104,472.366796875,2361.833984375
