epoch,startPos,prefixLength,learnRate,MSE,MAE,RMSE,meanLoss,totalLoss
116,2,mix,0.009300000000000004,758.5178442519403,23.032601524801816,27.541202665314753,23.320910919877818,3101.68115234375
116,2,2,0.009300000000000004,758.148212515255,23.046508073806763,27.534491324795795,23.320910919877818,3101.68115234375
116,2,3,0.009300000000000004,874.4420051222226,24.614888053673965,29.570965576426865,62.033623046875,3101.68115234375
116,2,4,0.009300000000000004,1032.2846759163108,27.267698955535888,32.12918729000643,163.24637643914474,3101.68115234375
116,2,5,0.009300000000000004,993.7108618435117,22.819618433713913,31.52317975464264,516.9468587239584,3101.68115234375
