epoch,startPos,prefixLength,learnRate,MSE,MAE,RMSE,meanLoss,totalLoss
174,2,mix,0.008700000000000008,792.895229618605,23.667250216007233,28.15839536654397,23.099658937382518,3072.254638671875
174,2,2,0.008700000000000008,794.2324195048176,23.68000935424458,28.18212943524349,23.099658937382518,3072.254638671875
174,2,3,0.008700000000000008,728.941848552387,22.85618012226545,26.998923099864317,61.4450927734375,3072.254638671875
174,2,4,0.008700000000000008,693.9441808760805,22.763347363471986,26.342820290851176,161.69761256167763,3072.254638671875
