epoch,startPos,prefixLength,learnRate,MSE,MAE,RMSE,meanLoss,totalLoss
416,3,mix,0.007900000000000013,463.635924378387,10.788607806305993,21.532206676938316,10.430722968522893,448.5210876464844
416,3,3,0.007900000000000013,470.38456815150425,10.959027989344163,21.68835097815194,10.430722968522893,448.5210876464844
416,3,4,0.007900000000000013,260.88870019371967,6.989689018577337,16.15204941156755,23.606373034025495,448.5210876464844
416,3,5,0.007900000000000013,106.64015079339285,3.0331945531070232,10.32667181590433,89.70421752929687,448.5210876464844
