epoch,startPos,prefixLength,learnRate,MSE,MAE,RMSE,meanLoss,totalLoss
458,2,mix,0.007700000000000012,369.7434587814112,8.909480174471225,19.228714433924367,8.288873845880682,911.776123046875
458,2,2,0.007700000000000012,369.3860757503838,8.8833370488137,19.219419235512394,8.288873845880682,911.776123046875
458,2,3,0.007700000000000012,469.6873430352891,11.273695353418589,21.672271293874324,21.204095884811046,911.776123046875
458,2,4,0.007700000000000012,281.663808748067,7.133508402854204,16.78284268972533,47.9882170024671,911.776123046875
458,2,5,0.007700000000000012,114.37411065740505,4.652971504256129,10.694583239070377,151.96268717447916,911.776123046875
