epoch,startPos,prefixLength,learnRate,MSE,MAE,RMSE,meanLoss,totalLoss
223,4,mix,0.008200000000000011,685.7304364256669,19.93688036998113,26.18645520924256,19.373939915707236,368.1048583984375
223,4,4,0.008200000000000011,691.305510760175,20.21222871541977,26.292689302545206,19.373939915707236,368.1048583984375
223,4,5,0.008200000000000011,841.2832141628587,22.471590042114258,29.004882591778557,73.6209716796875,368.1048583984375
