epoch,startPos,prefixLength,learnRate,MSE,MAE,RMSE,meanLoss,totalLoss
137,1,mix,0.004,440.91785425214886,17.530754321226567,20.998044057772354,17.549354954769736,2334.064208984375
137,1,1,0.004,440.79544694893417,17.529371140919853,20.99512912436916,17.549354954769736,2334.064208984375
137,1,2,0.004,279.7958761923138,11.464008133473067,16.727100053276235,21.413433109948393,2334.064208984375
137,1,3,0.004,390.5770407165206,12.496809395876797,19.763022054243642,54.28056299963663,2334.064208984375
137,1,4,0.004,227.9020789006043,8.67742109298706,15.09642603070688,122.84548468338816,2334.064208984375
137,1,5,0.004,97.84576096193595,4.8327023312449455,9.89170162115376,466.812841796875,2334.064208984375
