epoch,startPos,prefixLength,learnRate,MSE,MAE,RMSE,meanLoss,totalLoss
186,3,mix,0.008600000000000009,671.6681698701499,21.407563796410194,25.9165616907442,21.48546142578125,1074.2730712890625
186,3,3,0.008600000000000009,670.1440140155462,21.370721138440647,25.887139935024614,21.48546142578125,1074.2730712890625
186,3,4,0.008600000000000009,652.5033910069252,21.978736380736034,25.544145924397732,56.54068796258224,1074.2730712890625
186,3,5,0.008600000000000009,945.5837548006343,27.673270285129547,30.750345604572225,214.8546142578125,1074.2730712890625
