epoch,startPos,prefixLength,learnRate,MSE,MAE,RMSE,meanLoss,totalLoss
111,3,mix,0.009500000000000003,515.5710903292537,11.587464869699694,22.706190572820745,10.448201024255088,449.27264404296875
111,3,3,0.009500000000000003,510.62684743662544,11.503664139658213,22.59705395481069,10.448201024255088,449.27264404296875
111,3,4,0.009500000000000003,265.83497839919465,7.154057071357966,16.30444658365302,23.64592863384046,449.27264404296875
111,3,5,0.009500000000000003,385.3637007035567,10.60211692377925,19.63068263468076,89.85452880859376,449.27264404296875
