epoch,startPos,prefixLength,learnRate,MSE,MAE,RMSE,meanLoss,totalLoss
316,4,mix,0.007300000000000011,557.7674619381447,18.300180435180664,23.61710104856531,19.765493292557565,375.54437255859375
316,4,4,0.007300000000000011,560.5189007968025,18.336812090873718,23.67528037419626,19.765493292557565,375.54437255859375
316,4,5,0.007300000000000011,733.047232790067,23.558029532432556,27.07484501876358,75.10887451171875,375.54437255859375
