epoch,startPos,prefixLength,learnRate,MSE,MAE,RMSE,meanLoss,totalLoss
438,2,mix,0.006400000000000009,349.40283364707733,8.446569125633687,18.692320178273143,8.41370849609375,925.5079345703125
438,2,2,0.006400000000000009,349.6720814664597,8.4613373696671,18.699520888687488,8.41370849609375,925.5079345703125
438,2,3,0.006400000000000009,537.8738391922647,12.271005002612418,23.192107260709722,21.523440338844477,925.5079345703125
438,2,4,0.006400000000000009,311.85318842374596,7.597521892562509,17.659365459261156,48.71094392475329,925.5079345703125
