epoch,startPos,prefixLength,learnRate,MSE,MAE,RMSE,meanLoss,totalLoss
39,1,mix,0.008,448.69640154180394,17.523235488231435,21.1824550404764,17.50592545817669,2328.2880859375
39,1,1,0.008,450.6237045959643,17.566107651162326,21.227899203547306,17.50592545817669,2328.2880859375
39,1,2,0.008,285.282920917908,11.583904871184911,16.890320332009928,21.166255326704544,2328.2880859375
39,1,3,0.008,463.84629293376935,13.873837244442917,21.5370910973086,54.146234556686046,2328.2880859375
39,1,4,0.008,288.94894065706245,9.527315815910697,16.998498188283058,122.54147820723684,2328.2880859375
