epoch,startPos,prefixLength,learnRate,MSE,MAE,RMSE,meanLoss,totalLoss
436,3,mix,0.006400000000000009,595.9808655271103,19.746010184288025,24.412719339047634,21.2106640625,1060.533203125
436,3,3,0.006400000000000009,595.969964003407,19.680359666164104,24.41249606253746,21.2106640625,1060.533203125
436,3,4,0.006400000000000009,570.6521168070146,19.126845932006837,23.88832595237713,55.817537006578945,1060.533203125
