epoch,startPos,prefixLength,learnRate,MSE,MAE,RMSE,meanLoss,totalLoss
324,2,mix,0.007400000000000012,347.1861355303968,8.38879413104483,18.632931479785913,8.416650390625,925.83154296875
324,2,2,0.007400000000000012,347.50537778432846,8.402837026265583,18.64149612515928,8.416650390625,925.83154296875
324,2,3,0.007400000000000012,544.4521272818333,12.352339853278615,23.333497964982303,21.530966115552324,925.83154296875
324,2,4,0.007400000000000012,327.18129173497687,7.945564537867904,18.088153353368522,48.727975945723685,925.83154296875
