epoch,startPos,prefixLength,learnRate,MSE,MAE,RMSE,meanLoss,totalLoss
115,2,mix,0.009200000000000005,116.71207697552842,2.8890241184718195,10.803336381670638,2.3308343598336885,153.83506774902344
115,2,2,0.009200000000000005,116.79846789075219,2.89086228074349,10.807333986268407,2.3308343598336885,153.83506774902344
115,2,3,0.009200000000000005,77.65087491374483,2.3556817016741434,8.811973383626668,12.819588979085287,153.83506774902344
115,2,4,0.009200000000000005,142.32588232402202,3.6095473905479594,11.930041170256791,51.27835591634115,153.83506774902344
