epoch,startPos,prefixLength,learnRate,MSE,MAE,RMSE,meanLoss,totalLoss
107,3,mix,0.009100000000000006,502.29053307968076,11.620841382918032,22.411839127561144,10.751079470612282,462.2964172363281
107,3,3,0.009100000000000006,497.7238470128852,11.488742279396815,22.309725390799528,10.751079470612282,462.2964172363281
107,3,4,0.009100000000000006,359.2076857728917,8.837632828950882,18.95277514700398,24.331390380859375,462.2964172363281
107,3,5,0.009100000000000006,168.262359917154,6.000141875818372,12.971598202116576,92.45928344726562,462.2964172363281
