epoch,startPos,prefixLength,learnRate,MSE,MAE,RMSE,meanLoss,totalLoss
302,3,mix,0.00850000000000001,463.7208816676435,10.6707256981595,21.534179382266775,10.598497257676236,455.7353820800781
302,3,3,0.00850000000000001,475.4609109036223,10.893735728819262,21.80506617517182,10.598497257676236,455.7353820800781
302,3,4,0.00850000000000001,289.05811848759527,7.13826157823205,17.001709281351545,23.986072741056745,455.7353820800781
302,3,5,0.00850000000000001,73.1834217937653,2.449644001200795,8.554730959753515,75.95589701334636,455.7353820800781
