epoch,startPos,prefixLength,learnRate,MSE,MAE,RMSE,meanLoss,totalLoss
49,2,mix,0.0099,656.3032337506216,20.34070655277797,25.618415910251393,19.484571184430802,545.5679931640625
49,2,2,0.0099,665.3101766508543,20.550908088684082,25.793607282636028,19.484571184430802,545.5679931640625
49,2,3,0.0099,514.1876858150817,17.743592858314514,22.67570695292832,181.85599772135416,545.5679931640625
49,2,4,0.0099,345.7112366437714,18.09762179851532,18.593311610462816,545.5679931640625,545.5679931640625
