epoch,startPos,prefixLength,learnRate,MSE,MAE,RMSE,meanLoss,totalLoss
40,2,mix,0.0099,370.66431916237826,8.932207918858953,19.252644471925883,8.327556263316762,916.0311889648438
40,2,2,0.0099,368.6124309232527,8.864184319440808,19.199282041869502,8.327556263316762,916.0311889648438
40,2,3,0.0099,459.69903625710464,11.222548628056591,21.440593188088446,21.303050906159157,916.0311889648438
40,2,4,0.0099,251.5801958616621,6.530030033737421,15.861279767460825,48.212167840254935,916.0311889648438
40,2,5,0.0099,112.41276730303652,4.5837061163038015,10.602488731568476,152.67186482747397,916.0311889648438
