epoch,startPos,prefixLength,learnRate,MSE,MAE,RMSE,meanLoss,totalLoss
342,2,mix,0.007200000000000011,759.9328492900396,23.092677028740155,27.56687957114551,23.374124397908833,3108.758544921875
342,2,2,0.007200000000000011,767.0914952585211,23.210397502955267,27.69641665014666,23.374124397908833,3108.758544921875
342,2,3,0.007200000000000011,839.3570389289378,24.281118425039146,28.971659236725426,62.1751708984375,3108.758544921875
342,2,4,0.007200000000000011,1144.371991531217,29.171779441833497,33.82856768370805,163.61887078536185,3108.758544921875
342,2,5,0.007200000000000011,2275.383289799694,44.756079256534576,47.70097787047656,621.751708984375,3108.758544921875
