epoch,startPos,prefixLength,learnRate,MSE,MAE,RMSE,meanLoss,totalLoss
283,3,mix,0.008600000000000009,478.3617793996063,11.020121225579219,21.871483246446875,10.685277894485829,459.4669494628906
283,3,3,0.008600000000000009,470.2876642841566,10.808487877927043,21.686116855817147,10.685277894485829,459.4669494628906
283,3,4,0.008600000000000009,267.4923375393729,6.7710538841784,16.355192983862125,24.182471024362666,459.4669494628906
283,3,5,0.008600000000000009,119.31837887908122,4.890610851347446,10.92329523903301,76.57782491048177,459.4669494628906
