epoch,startPos,prefixLength,learnRate,MSE,MAE,RMSE,meanLoss,totalLoss
115,2,mix,0.009200000000000005,345.93378080043067,8.361611840381686,18.599295169452812,8.419596724076705,926.1556396484375
115,2,2,0.009200000000000005,346.8811010764789,8.40372876024672,18.62474432244585,8.419596724076705,926.1556396484375
115,2,3,0.009200000000000005,533.03344398462,12.40980064140802,23.08751705975807,21.538503247638083,926.1556396484375
115,2,4,0.009200000000000005,319.34704833276805,7.840230749920011,17.87028394661842,48.74503366570724,926.1556396484375
