epoch,startPos,prefixLength,learnRate,MSE,MAE,RMSE,meanLoss,totalLoss
83,4,mix,0.009400000000000004,356.00520108197304,8.737700448185205,18.86810009200643,8.014691804584704,152.27914428710938
83,4,4,0.009400000000000004,368.80487402521976,9.137688442319632,19.204293114437192,8.014691804584704,152.27914428710938
83,4,5,0.009400000000000004,156.91730192833046,5.484594985842705,12.526663639147115,30.455828857421874,152.27914428710938
