epoch,startPos,prefixLength,learnRate,MSE,MAE,RMSE,meanLoss,totalLoss
226,2,mix,0.008200000000000011,347.8822775319419,8.567182124326271,18.65160254594607,8.427454168146307,927.0199584960938
226,2,2,0.008200000000000011,351.96949245040844,8.661101571949464,18.760849992748422,8.427454168146307,927.0199584960938
226,2,3,0.008200000000000011,517.5260685562272,11.539447535506703,22.74919929483733,21.558603685955667,927.0199584960938
226,2,4,0.008200000000000011,303.613344965593,7.831384781375528,17.42450415264644,48.79052413137335,927.0199584960938
226,2,5,0.008200000000000011,173.31334009927133,5.666555276140571,13.164852452620627,185.40399169921875,927.0199584960938
