epoch,startPos,prefixLength,learnRate,MSE,MAE,RMSE,meanLoss,totalLoss
492,3,mix,0.006000000000000008,747.727167809876,22.11994865307441,27.344600341015703,20.87443603515625,1043.7218017578125
492,3,3,0.006000000000000008,740.2059732932643,21.955490084794853,27.20672661849022,20.87443603515625,1043.7218017578125
492,3,4,0.006000000000000008,659.563554676593,21.128709888458253,25.681969446999055,54.93272640830592,1043.7218017578125
492,3,5,0.006000000000000008,711.6126410179013,23.66179871559143,26.676068694953933,173.9536336263021,1043.7218017578125
