epoch,startPos,prefixLength,learnRate,MSE,MAE,RMSE,meanLoss,totalLoss
267,2,mix,0.007900000000000013,78.35226323451076,2.297880709734386,8.851681378953423,2.3813501993815103,64.29645538330078
267,2,2,0.007900000000000013,84.95437702585058,2.5517923254743664,9.217069872028235,2.3813501993815103,64.29645538330078
267,2,3,0.007900000000000013,36.40906315571629,1.3760107700445587,6.0339923065675425,21.432151794433594,64.29645538330078
267,2,4,0.007900000000000013,1.0129795929055648e-06,0.001004975081741577,0.0010064688732919487,64.29645538330078,64.29645538330078
