epoch,startPos,prefixLength,learnRate,MSE,MAE,RMSE,meanLoss,totalLoss
318,3,mix,0.007400000000000012,77.65694275648116,2.3564671007341076,8.81231767224044,2.3726903597513833,28.4722843170166
318,3,3,0.007400000000000012,77.65694596922428,2.3564702833373303,8.812317854527507,2.3726903597513833,28.4722843170166
318,3,4,0.007400000000000012,209.88496718573273,5.094752250022793,14.487407193343214,9.490761439005533,28.4722843170166
