epoch,startPos,prefixLength,learnRate,MSE,MAE,RMSE,meanLoss,totalLoss
324,2,mix,0.007400000000000012,116.25646690713135,2.846193903845875,10.782229217890489,2.3309809366861978,153.84474182128906
324,2,2,0.007400000000000012,116.47886202308223,2.8664124660662686,10.792537330168575,2.3309809366861978,153.84474182128906
324,2,3,0.007400000000000012,77.64875447897842,2.3560424215122566,8.81185306725994,12.820395151774088,153.84474182128906
324,2,4,0.007400000000000012,168.60241578562608,4.516044836002948,12.984699295156052,51.28158060709635,153.84474182128906
