epoch,startPos,prefixLength,learnRate,MSE,MAE,RMSE,meanLoss,totalLoss
420,2,mix,0.007900000000000013,368.184041418462,8.836737096043569,19.188122404718552,8.300181995738637,913.02001953125
420,2,2,0.007900000000000013,370.3959446171047,8.908049199197974,19.245673399938614,8.300181995738637,913.02001953125
420,2,3,0.007900000000000013,462.6046456514374,11.124764750965618,21.508245991977994,21.23302371002907,913.02001953125
420,2,4,0.007900000000000013,266.7167321861367,6.813869675248862,16.331464483815793,48.05368523848684,913.02001953125
420,2,5,0.007900000000000013,117.66948320436788,5.058391999453306,10.847556554559551,152.17000325520834,913.02001953125
