epoch,startPos,prefixLength,learnRate,MSE,MAE,RMSE,meanLoss,totalLoss
68,1,mix,0.007,717.8581688822668,22.01617186154638,26.79287533808693,20.466965490107913,2844.908203125
68,1,1,0.007,713.6216833739255,21.90882662705013,26.713698421857007,20.466965490107913,2844.908203125
68,1,2,0.007,1024.2125025071728,25.91358416421073,32.00332017943096,101.60386439732143,2844.908203125
68,1,3,0.007,1045.8331360486693,27.927152812480927,32.33934346966044,948.302734375,2844.908203125
68,1,4,0.007,1036.8655651882893,28.482957303524017,32.200396972526434,2844.908203125,2844.908203125
