epoch,startPos,prefixLength,learnRate,MSE,MAE,RMSE,meanLoss,totalLoss
39,2,mix,0.0099,335.80624515207774,9.867099369410425,18.325016920922003,9.279932333222519,1308.470458984375
39,2,2,0.0099,335.0672644177885,9.866141536531764,18.3048426493589,9.279932333222519,1308.470458984375
39,2,3,0.0099,344.9669267057851,10.173319834624776,18.573285296516207,13.216873323074495,1308.470458984375
39,2,4,0.0099,317.77554741813236,9.649632569446805,17.826260051343702,16.99312284395292,1308.470458984375
