epoch,startPos,prefixLength,learnRate,MSE,MAE,RMSE,meanLoss,totalLoss
354,4,mix,0.0070000000000000106,557.4099633408503,18.18498315811157,23.60953119697319,19.68893111379523,374.0896911621094
354,4,4,0.0070000000000000106,562.2597816464191,18.3441353559494,23.712017662915553,19.68893111379523,374.0896911621094
354,4,5,0.0070000000000000106,724.2604520025343,23.35602593421936,26.91208747017842,74.81793823242188,374.0896911621094
