epoch,startPos,prefixLength,learnRate,MSE,MAE,RMSE,meanLoss,totalLoss
116,2,mix,0.009500000000000003,369.3462439992387,8.886031737418048,19.218382970459267,8.293615167791193,912.2976684570312
116,2,2,0.009500000000000003,371.7516007238955,8.960444010794163,19.28086099539892,8.293615167791193,912.2976684570312
116,2,3,0.009500000000000003,457.3914826107634,11.073121681470763,21.386712758410614,21.216224847837935,912.2976684570312
116,2,4,0.009500000000000003,281.80873558669606,7.12386267259717,16.787159842769594,48.01566676089638,912.2976684570312
116,2,5,0.009500000000000003,113.32960587918711,4.5498341508209705,10.645637880333293,152.04961140950522,912.2976684570312
