epoch,startPos,prefixLength,learnRate,MSE,MAE,RMSE,meanLoss,totalLoss
58,2,mix,0.009700000000000002,307.17307099253225,7.594694351710912,17.526353613702202,8.624579902167794,957.328369140625
58,2,2,0.009700000000000002,307.6651688933879,7.595709283304002,17.54038679429242,8.624579902167794,957.328369140625
58,2,3,0.009700000000000002,469.5871742580202,11.124603069810705,21.66996018127445,22.263450445130815,957.328369140625
58,2,4,0.009700000000000002,294.65509743959984,7.276726990751922,17.16552059914292,50.38570363898026,957.328369140625
