epoch,startPos,prefixLength,learnRate,MSE,MAE,RMSE,meanLoss,totalLoss
211,2,mix,0.009000000000000006,369.74567097344,8.888444344646164,19.228771956977386,8.305764493075284,913.6340942382812
211,2,2,0.009000000000000006,368.7925746309052,8.856026536785066,19.203972886642628,8.305764493075284,913.6340942382812
211,2,3,0.009000000000000006,464.41947114151804,11.15059197660197,21.55039375838683,21.247304517169333,913.6340942382812
211,2,4,0.009000000000000006,258.3329723617612,6.7026876993477345,16.072740039015166,48.08600495990954,913.6340942382812
211,2,5,0.009000000000000006,113.57652302742835,4.605315765365958,10.657228674821065,152.27234903971353,913.6340942382812
