epoch,startPos,prefixLength,learnRate,MSE,MAE,RMSE,meanLoss,totalLoss
378,3,mix,0.008100000000000012,469.4504804537077,10.838513210754503,21.666805958740383,10.758982813635537,462.6362609863281
378,3,3,0.008100000000000012,475.9688921018445,10.993175180798227,21.816711303536206,10.758982813635537,462.6362609863281
378,3,4,0.008100000000000012,267.32662366085304,6.761538106203079,16.350126105350167,24.34927689401727,462.6362609863281
378,3,5,0.008100000000000012,117.21034099037857,4.633947614580393,10.826372476059493,77.10604349772136,462.6362609863281
