epoch,startPos,prefixLength,learnRate,MSE,MAE,RMSE,meanLoss,totalLoss
439,2,mix,0.0066000000000000095,766.5544673655717,23.145511343198663,27.686720054307113,23.230331076715224,3089.634033203125
439,2,2,0.0066000000000000095,765.6516222623546,23.112977843950777,27.670410590780083,23.230331076715224,3089.634033203125
439,2,3,0.0066000000000000095,830.0917580186573,23.991839830691998,28.811313021427143,61.7926806640625,3089.634033203125
439,2,4,0.0066000000000000095,910.7879679200929,25.16283749938011,30.17926387306511,162.6123175370066,3089.634033203125
439,2,5,0.0066000000000000095,969.005647704556,23.54650992155075,31.128855547619416,514.9390055338541,3089.634033203125
