epoch,startPos,prefixLength,learnRate,MSE,MAE,RMSE,meanLoss,totalLoss
396,3,mix,0.008000000000000012,515.5463126718392,11.587944979017431,22.705644951681933,10.45011795398801,449.3550720214844
396,3,3,0.008000000000000012,509.3249512879705,11.461553623730486,22.568228802632486,10.45011795398801,449.3550720214844
396,3,4,0.008000000000000012,265.81632831827716,7.158588574826718,16.303874641270927,23.650266948499176,449.3550720214844
396,3,5,0.008000000000000012,351.4450861676581,9.713447315618396,18.74686870300366,89.87101440429687,449.3550720214844
