epoch,startPos,prefixLength,learnRate,MSE,MAE,RMSE,meanLoss,totalLoss
77,2,mix,0.009600000000000003,333.8795832197799,8.261125283981007,18.272372128976027,8.508235862038353,935.9059448242188
77,2,2,0.009600000000000003,328.4959632030415,8.1413199131244,18.12445759748527,8.508235862038353,935.9059448242188
77,2,3,0.009600000000000003,453.2121363871243,10.727639375931837,21.288779588955407,21.765254530795787,935.9059448242188
77,2,4,0.009600000000000003,293.0134331706236,7.813398332521319,17.117635151229962,49.258207622327305,935.9059448242188
77,2,5,0.009600000000000003,129.14501256431507,3.3930959003046155,11.364198720733242,187.18118896484376,935.9059448242188
