epoch,startPos,prefixLength,learnRate,MSE,MAE,RMSE,meanLoss,totalLoss
33,4,mix,0.0099,664.5443383339403,19.842323104540508,25.778757501748224,19.4008499948602,368.61614990234375
33,4,4,0.0099,674.409792476803,20.013638377189636,25.96940108044086,19.4008499948602,368.61614990234375
33,4,5,0.0099,803.8108794746395,21.826487064361572,28.35155867804519,73.72322998046874,368.61614990234375
