epoch,startPos,prefixLength,learnRate,MSE,MAE,RMSE,meanLoss,totalLoss
448,4,mix,0.0062000000000000085,292.53944640142424,7.766505274549127,17.103784563698884,8.02194535104852,152.41696166992188
448,4,4,0.0062000000000000085,288.5840251812672,7.653787542134523,16.987761040857244,8.02194535104852,152.41696166992188
448,4,5,0.0062000000000000085,130.66380266645254,3.210968103259802,11.430826858388352,30.483392333984376,152.41696166992188
