epoch,startPos,prefixLength,learnRate,MSE,MAE,RMSE,meanLoss,totalLoss
269,2,mix,0.007900000000000013,765.424234444367,23.26785815813962,27.66630142329052,23.33816413592575,3103.975830078125
269,2,2,0.007900000000000013,765.7482995944627,23.25597596343826,27.672157479937532,23.33816413592575,3103.975830078125
269,2,3,0.007900000000000013,708.8078044559023,22.404422452816597,26.623444639187888,62.0795166015625,3103.975830078125
269,2,4,0.007900000000000013,811.9179595690905,24.47655483484268,28.49417413383112,163.36714895148026,3103.975830078125
