epoch,startPos,prefixLength,learnRate,MSE,MAE,RMSE,meanLoss,totalLoss
475,2,mix,0.006100000000000008,763.1421599799097,23.137456462663764,27.625027782427836,23.315150669642858,3100.9150390625
475,2,2,0.006100000000000008,758.543840101305,23.04196093713536,27.541674605973128,23.315150669642858,3100.9150390625
475,2,3,0.006100000000000008,816.5698425837872,23.895985924280605,28.575686213699004,62.01830078125,3100.9150390625
475,2,4,0.006100000000000008,1136.357719454451,29.187313187122346,33.70990536110197,163.2060546875,3100.9150390625
475,2,5,0.006100000000000008,2238.414519125603,44.40205952525139,47.311885601036906,620.1830078125,3100.9150390625
