epoch,startPos,prefixLength,learnRate,MSE,MAE,RMSE,meanLoss,totalLoss
121,3,mix,0.009100000000000006,662.3461230336725,18.66778802871704,25.736086008437113,21.416224161783855,64.24867248535156
121,3,3,0.009100000000000006,552.2856068664255,17.039356470108032,23.500757580691424,21.416224161783855,64.24867248535156
121,3,4,0.009100000000000006,345.98204372779855,15.786166548728943,18.60059256388889,64.24867248535156,64.24867248535156
