epoch,startPos,prefixLength,learnRate,MSE,MAE,RMSE,meanLoss,totalLoss
281,3,mix,0.007700000000000012,347.5077652107417,10.286331307196702,18.641560160317635,9.656946047387942,956.0376586914062
281,3,3,0.007700000000000012,341.06899076518897,10.1278136106602,18.468053247843667,9.656946047387942,956.0376586914062
281,3,4,0.007700000000000012,310.2133548077118,9.644714559029255,17.61287468892321,12.416073489498782,956.0376586914062
