epoch,startPos,prefixLength,learnRate,MSE,MAE,RMSE,meanLoss,totalLoss
96,2,mix,0.009400000000000004,82.2905472483968,2.4521441342399157,9.071413740338206,2.455715603298611,66.3043212890625
96,2,2,0.009400000000000004,80.97060231698354,2.401376441926004,8.99836664717456,2.455715603298611,66.3043212890625
96,2,3,0.009400000000000004,36.64548052206679,1.4404133377793187,6.053551067106545,22.1014404296875,66.3043212890625
96,2,4,0.009400000000000004,1.411013628674682e-05,0.0037563101832347456,0.0037563461351088003,66.3043212890625,66.3043212890625
