epoch,startPos,prefixLength,learnRate,MSE,MAE,RMSE,meanLoss,totalLoss
155,2,mix,0.009000000000000006,751.0442445394507,22.98443098103299,27.405186453287463,23.57720350681391,3135.76806640625
155,2,2,0.009000000000000006,751.7935013406399,23.024591729921454,27.418853027445184,23.57720350681391,3135.76806640625
155,2,3,0.009000000000000006,848.3994315111001,24.722374682243053,29.12729701690667,62.715361328125,3135.76806640625
155,2,4,0.009000000000000006,1188.5390867475808,30.79359985391299,34.47519523871592,165.04042454769737,3135.76806640625
155,2,5,0.009000000000000006,1793.5476826217473,37.74740374088287,42.350297314443345,627.15361328125,3135.76806640625
