epoch,startPos,prefixLength,learnRate,MSE,MAE,RMSE,meanLoss,totalLoss
358,3,mix,0.0070000000000000106,480.8312795542559,10.921849659898065,21.927865367022296,10.457586244095204,449.67620849609375
358,3,3,0.0070000000000000106,482.88191521519457,10.97581747800789,21.97457428973755,10.457586244095204,449.67620849609375
358,3,4,0.0070000000000000106,294.75340030385547,7.248633998259902,17.168383741746208,23.66716886821546,449.67620849609375
