epoch,startPos,prefixLength,learnRate,MSE,MAE,RMSE,meanLoss,totalLoss
260,4,mix,0.008700000000000008,260.94098131463596,6.987611003220081,16.1536677356765,7.7733411287006575,147.6934814453125
260,4,4,0.008700000000000008,260.94098131463596,6.987611003220081,16.1536677356765,7.7733411287006575,147.6934814453125
260,4,5,0.008700000000000008,106.65505034665252,3.031395275145769,10.327393201900106,29.5386962890625,147.6934814453125
