epoch,startPos,prefixLength,learnRate,MSE,MAE,RMSE,meanLoss,totalLoss
495,2,mix,0.005900000000000008,310.0890913768731,7.653898041961448,17.609346704999396,8.63314571896115,958.2791748046875
495,2,2,0.005900000000000008,305.19552199522917,7.519978898710439,17.46984607817794,8.63314571896115,958.2791748046875
495,2,3,0.005900000000000008,483.5224792007069,11.027217722582547,21.989144576374656,22.285562204760176,958.2791748046875
495,2,4,0.005900000000000008,298.5144052723251,7.3611840106546875,17.277569426060055,50.43574604235197,958.2791748046875
