epoch,startPos,prefixLength,learnRate,MSE,MAE,RMSE,meanLoss,totalLoss
56,3,mix,0.009700000000000002,602.6959710462746,19.866954899751224,24.549867027058916,21.374990234375,1068.74951171875
56,3,3,0.009700000000000002,599.1659858971547,19.896921808903034,24.477867266107044,21.374990234375,1068.74951171875
56,3,4,0.009700000000000002,550.8955205163996,18.623518538475036,23.471163595280053,56.24997430098684,1068.74951171875
