epoch,startPos,prefixLength,learnRate,MSE,MAE,RMSE,meanLoss,totalLoss
267,2,mix,0.008700000000000008,352.97368058166415,8.414150854227719,18.787593794354404,8.40684275584178,933.1595458984375
267,2,2,0.008700000000000008,356.5556417955279,8.481858169728959,18.88268100126483,8.40684275584178,933.1595458984375
267,2,3,0.008700000000000008,518.1810022793157,11.672212556343187,22.76358939796876,21.701384788335755,933.1595458984375
267,2,4,0.008700000000000008,265.8163007485553,7.154714997112751,16.303873795774894,49.11366031044408,933.1595458984375
267,2,5,0.008700000000000008,419.230597821002,11.492354033514857,20.47512143605019,186.6319091796875,933.1595458984375
