epoch,startPos,prefixLength,learnRate,MSE,MAE,RMSE,meanLoss,totalLoss
432,3,mix,0.006400000000000009,77.65321387218212,2.3556697796720982,8.812106097419738,2.3731465339660645,28.477758407592773
432,3,3,0.006400000000000009,77.65322544617045,2.355670316192004,8.812106754129257,2.3731465339660645,28.477758407592773
432,3,4,0.006400000000000009,115.07938936740719,3.328329380340165,10.727506204491666,9.492586135864258,28.477758407592773
