epoch,startPos,prefixLength,learnRate,MSE,MAE,RMSE,meanLoss,totalLoss
418,2,mix,0.0066000000000000095,774.4757062050334,23.238655037739697,27.82940362647093,23.323983787593985,3102.08984375
418,2,2,0.0066000000000000095,767.0263835061896,23.16042184829712,27.695241170753317,23.323983787593985,3102.08984375
418,2,3,0.0066000000000000095,809.0265235664078,23.709366138164814,28.443391562301564,62.041796875,3102.08984375
418,2,4,0.0066000000000000095,1144.662097999041,29.20860811471939,33.832855303669554,163.2678865131579,3102.08984375
418,2,5,0.0066000000000000095,2259.039723343618,44.633919447660446,47.52935643729692,620.41796875,3102.08984375
