epoch,startPos,prefixLength,learnRate,MSE,MAE,RMSE,meanLoss,totalLoss
364,2,mix,0.007100000000000011,795.3337118695379,23.641421005581364,28.201661509023506,23.122138231320488,3075.244384765625
364,2,2,0.007100000000000011,793.6851980666936,23.653939313960798,28.17241910214126,23.122138231320488,3075.244384765625
364,2,3,0.007100000000000011,726.9251455185216,22.76576712498298,26.961549390168987,61.5048876953125,3075.244384765625
364,2,4,0.007100000000000011,646.2219763182551,21.70452837944031,25.420896449933764,161.8549676192434,3075.244384765625
