epoch,startPos,prefixLength,learnRate,MSE,MAE,RMSE,meanLoss,totalLoss
88,3,mix,0.009400000000000004,36.37087491519027,1.395589257409938,6.030827050678064,1.7798611323038738,5.339583396911621
88,3,3,0.009400000000000004,36.42445789528739,1.3939375097152151,6.035267839564984,1.7798611323038738,5.339583396911621
88,3,4,0.009400000000000004,0.03519278429315752,0.07736926708412284,0.18759739948399476,5.339583396911621,5.339583396911621
