epoch,startPos,prefixLength,learnRate,MSE,MAE,RMSE,meanLoss,totalLoss
212,2,mix,0.00850000000000001,753.8072098415032,23.06867311456624,27.455549709330228,23.561304995888158,3133.653564453125
212,2,2,0.00850000000000001,749.0383478901595,22.92955960596309,27.368564958546138,23.561304995888158,3133.653564453125
212,2,3,0.00850000000000001,843.4396816082237,24.73713669410119,29.042033014378035,62.6730712890625,3133.653564453125
212,2,4,0.00850000000000001,1176.2854334736023,30.520246416330338,34.29701785102609,164.9291349712171,3133.653564453125
212,2,5,0.00850000000000001,1769.8330972088097,37.62946739792824,42.06938432172272,626.730712890625,3133.653564453125
