epoch,startPos,prefixLength,learnRate,MSE,MAE,RMSE,meanLoss,totalLoss
134,2,mix,0.009100000000000006,306.8924389449242,7.5702695982929855,17.5183457822057,8.641513034030124,959.2079467773438
134,2,2,0.009100000000000006,308.99823920798434,7.622177084309182,17.578345747196586,8.641513034030124,959.2079467773438
134,2,3,0.009100000000000006,480.1150732559736,11.127344355156476,21.91152831858092,22.30716155296148,959.2079467773438
134,2,4,0.009100000000000006,306.0935963009823,7.593195553123951,17.49553075219447,50.484628777754935,959.2079467773438
