epoch,startPos,prefixLength,learnRate,MSE,MAE,RMSE,meanLoss,totalLoss
25,1,mix,0.01,704.607131721183,21.369406340643764,26.544436926052565,21.663304646809895,4159.3544921875
25,1,1,0.01,703.1845737106609,21.348704638580482,26.517627603363405,21.663304646809895,4159.3544921875
25,1,2,0.01,1306.657036481088,29.500386071555756,36.147711358827245,31.273342046522558,4159.3544921875
25,1,3,0.01,1973.3294212967974,38.69876026648741,44.422172631432574,83.18708984375,4159.3544921875
25,1,4,0.01,2697.6863963991914,47.50186807910601,51.93925679482901,218.9133943256579,4159.3544921875
25,1,5,0.01,3079.576579893218,50.71667671203613,55.49393282056353,831.8708984375,4159.3544921875
