epoch,startPos,prefixLength,learnRate,MSE,MAE,RMSE,meanLoss,totalLoss
54,3,mix,0.009600000000000003,470.11107512780615,10.782079513438724,21.682044994137573,10.801772006722384,464.4761962890625
54,3,3,0.009600000000000003,458.18713508135625,10.492430748925967,21.405306236570322,10.801772006722384,464.4761962890625
54,3,4,0.009600000000000003,298.3170632408414,7.932416960597038,17.27185755038645,24.446115594161185,464.4761962890625
54,3,5,0.009600000000000003,130.60932674820208,3.2173379566520452,11.428443758806448,92.8952392578125,464.4761962890625
