epoch,startPos,prefixLength,learnRate,MSE,MAE,RMSE,meanLoss,totalLoss
31,3,mix,0.009800000000000001,506.6767879793639,11.6737250902436,22.509482179280887,10.609353708666424,456.20220947265625
31,3,3,0.009800000000000001,504.8915427095168,11.643907970325513,22.46979178162354,10.609353708666424,456.20220947265625
31,3,4,0.009800000000000001,349.5267169088926,8.539962227642537,18.695633632185153,24.010642603824014,456.20220947265625
31,3,5,0.009800000000000001,164.42587792316854,5.830667456611991,12.822865433403274,91.24044189453124,456.20220947265625
