epoch,startPos,prefixLength,learnRate,MSE,MAE,RMSE,meanLoss,totalLoss
96,2,mix,0.009400000000000004,347.14471112778216,8.414770270099066,18.631819855499412,8.430540327592329,927.3594360351562
96,2,2,0.009400000000000004,348.0024061554622,8.426972789756421,18.65482259780195,8.430540327592329,927.3594360351562
96,2,3,0.009400000000000004,535.183801163467,12.435831857083196,23.13403987987111,21.566498512445495,927.3594360351562
96,2,4,0.009400000000000004,318.92204233297116,7.80898581892252,17.858388570444177,48.80839137027138,927.3594360351562
