epoch,startPos,prefixLength,learnRate,MSE,MAE,RMSE,meanLoss,totalLoss
7,4,mix,0.01,512.1479509460574,11.421817931769924,22.630686046738784,10.55823534588481,454.0041198730469
7,4,4,0.01,304.45080306947847,7.87743156068027,17.448518649715755,23.894953677528783,454.0041198730469
7,4,5,0.01,175.41157934399072,5.9164940705522895,13.24430365644003,90.80082397460937,454.0041198730469
