epoch,startPos,prefixLength,learnRate,MSE,MAE,RMSE,meanLoss,totalLoss
202,3,mix,0.00840000000000001,519.4261730689401,11.591372600671919,22.790923041178917,10.58314762559048,455.0753479003906
202,3,3,0.00840000000000001,502.7876794886211,11.263174020600589,22.422927540547,10.58314762559048,455.0753479003906
202,3,4,0.00840000000000001,305.0577846094619,7.923769217357039,17.465903486778515,23.95133410002056,455.0753479003906
202,3,5,0.00840000000000001,177.33780968815097,6.1650894889608026,13.31682430942719,91.01506958007812,455.0753479003906
