epoch,startPos,prefixLength,learnRate,MSE,MAE,RMSE,meanLoss,totalLoss
32,4,mix,0.0099,260.94583906436304,6.987650968134403,16.153818095557565,7.867030896638569,149.4735870361328
32,4,4,0.0099,260.94583906436304,6.987650968134403,16.153818095557565,7.867030896638569,149.4735870361328
32,4,5,0.0099,106.65738323847955,3.031437009572983,10.327506148072706,29.894717407226562,149.4735870361328
