epoch,startPos,prefixLength,learnRate,MSE,MAE,RMSE,meanLoss,totalLoss
68,2,mix,0.009700000000000002,654.9164167260113,20.41883898632867,25.591334797661716,19.421238490513392,543.794677734375
68,2,2,0.009700000000000002,663.2537221819808,20.57975568941661,25.7537127844119,19.421238490513392,543.794677734375
68,2,3,0.009700000000000002,533.4832031003527,18.39041405916214,23.0972553153043,181.264892578125,543.794677734375
68,2,4,0.009700000000000002,281.33228198214374,16.369033813476562,16.772962826589218,543.794677734375,543.794677734375
