epoch,startPos,prefixLength,learnRate,MSE,MAE,RMSE,meanLoss,totalLoss
468,3,mix,0.0062000000000000085,509.238615268752,11.394967637194151,22.566315943652654,10.536606189816498,453.0740661621094
468,3,3,0.0062000000000000085,508.3515843343561,11.376660747114908,22.546653506326745,10.536606189816498,453.0740661621094
468,3,4,0.0062000000000000085,304.35302025832283,7.876983128115535,17.44571638707688,23.846003482216283,453.0740661621094
468,3,5,0.0062000000000000085,178.3353143658676,6.29000684665516,13.354224588716022,90.61481323242188,453.0740661621094
