epoch,startPos,prefixLength,learnRate,MSE,MAE,RMSE,meanLoss,totalLoss
14,3,mix,0.01,777.2937197276833,23.283987353829776,27.87998779999165,23.361061956649436,3107.021240234375
14,3,3,0.01,816.817183615097,23.806342175373665,28.58001370914816,62.1404248046875,3107.021240234375
14,3,4,0.01,1126.8854220101653,28.96495019197464,33.56911410821211,163.52743369654604,3107.021240234375
14,3,5,0.01,2257.3521730541474,44.63019385933876,47.51160040510262,621.404248046875,3107.021240234375
