epoch,startPos,prefixLength,learnRate,MSE,MAE,RMSE,meanLoss,totalLoss
15,2,mix,0.01,707.9131251113059,21.693339576323826,26.606636862093374,21.525306701660156,4132.85888671875
15,2,2,0.01,1296.9846504022887,29.322335330878985,36.013673103451815,31.07412696781015,4132.85888671875
15,2,3,0.01,2005.8395938039366,39.343220486090736,44.78660060558221,82.657177734375,4132.85888671875
15,2,4,0.01,2740.077942975662,48.07869284152984,52.345753819919935,217.51888877467104,4132.85888671875
15,2,5,0.01,4234.304049889283,61.7006124407053,65.07153025624403,826.57177734375,4132.85888671875
