epoch,startPos,prefixLength,learnRate,MSE,MAE,RMSE,meanLoss,totalLoss
429,2,mix,0.0066000000000000095,659.2210510400599,20.453108498028346,25.675300407980817,19.408562796456472,543.4397583007812
429,2,2,0.0066000000000000095,655.1539205858164,20.383791940552847,25.59597469497531,19.408562796456472,543.4397583007812
429,2,3,0.0066000000000000095,561.4985712979824,18.677657961845398,23.695961075634436,181.1465861002604,543.4397583007812
429,2,4,0.0066000000000000095,425.2808415017935,20.301074504852295,20.622338410126858,543.4397583007812,543.4397583007812
