epoch,startPos,prefixLength,learnRate,MSE,MAE,RMSE,meanLoss,totalLoss
473,3,mix,0.0062000000000000085,750.9107394795154,22.188768790318417,27.40275058236883,21.007333984375,1050.36669921875
473,3,3,0.0062000000000000085,723.7016854331288,21.815514161036564,26.901704136227668,21.007333984375,1050.36669921875
473,3,4,0.0062000000000000085,666.4456562198326,21.20168435573578,25.815608771048428,55.28245785361842,1050.36669921875
473,3,5,0.0062000000000000085,711.8417427824593,23.704534947872162,26.680362493460603,175.06111653645834,1050.36669921875
