epoch,startPos,prefixLength,learnRate,MSE,MAE,RMSE,meanLoss,totalLoss
374,4,mix,0.008100000000000012,260.91398732966167,6.98867931291461,16.152832176731785,7.860300967567845,149.34571838378906
374,4,4,0.008100000000000012,260.91398732966167,6.98867931291461,16.152832176731785,7.860300967567845,149.34571838378906
374,4,5,0.008100000000000012,106.64334121317822,3.032812464982271,10.326826289484016,29.869143676757812,149.34571838378906
