epoch,startPos,prefixLength,learnRate,MSE,MAE,RMSE,meanLoss,totalLoss
400,2,mix,0.008000000000000012,354.06629133605543,8.417444510178434,18.816649312139912,8.410308013091216,933.544189453125
400,2,2,0.008000000000000012,359.1232809183747,8.522183199861535,18.95054830125964,8.410308013091216,933.544189453125
400,2,3,0.008000000000000012,524.24167662647,11.712078089063818,22.896324522212513,21.710329987281977,933.544189453125
400,2,4,0.008000000000000012,265.87562680638973,7.154224062711,16.305693079608414,49.13390470805921,933.544189453125
400,2,5,0.008000000000000012,385.4031237687485,10.601801520213485,19.631686727552182,186.708837890625,933.544189453125
