epoch,startPos,prefixLength,learnRate,MSE,MAE,RMSE,meanLoss,totalLoss
250,2,mix,0.008100000000000012,764.0877006747792,23.24201985492426,27.642136326173837,23.341196619478385,3104.379150390625
250,2,2,0.008100000000000012,764.8879901527567,23.238869465449277,27.656608435467223,23.341196619478385,3104.379150390625
250,2,3,0.008100000000000012,696.9702921492938,22.101959874996773,26.40019492635033,62.0875830078125,3104.379150390625
250,2,4,0.008100000000000012,813.6191343628658,24.511103367805482,28.524009787595883,163.38837633634867,3104.379150390625
