epoch,startPos,prefixLength,learnRate,MSE,MAE,RMSE,meanLoss,totalLoss
158,1,mix,0.0006999999999999999,705.7083484856834,21.38383887677143,26.565171719484205,21.656982421875,4158.140625
158,1,1,0.0006999999999999999,704.0802898741749,21.369549916746717,26.534511298951312,21.656982421875,4158.140625
158,1,2,0.0006999999999999999,1311.4284442288108,29.554291406098535,36.21364997109254,31.26421522556391,4158.140625
158,1,3,0.0006999999999999999,1989.0545609042033,38.943662290389724,44.598817931691904,83.1628125,4158.140625
158,1,4,0.0006999999999999999,2711.965271452906,47.65214705467224,52.07653282864467,218.84950657894737,4158.140625
158,1,5,0.0006999999999999999,3181.2967974984854,51.54090836644173,56.40298571439712,831.628125,4158.140625
