epoch,startPos,prefixLength,learnRate,MSE,MAE,RMSE,meanLoss,totalLoss
57,2,mix,0.009700000000000002,758.6277361446096,23.149396484389026,27.54319763833912,23.494021308153197,3124.704833984375
57,2,2,0.009700000000000002,758.1757945388891,23.165690146824893,27.53499218338166,23.494021308153197,3124.704833984375
57,2,3,0.009700000000000002,842.7592782238008,24.547904032927292,29.030316536748284,62.4940966796875,3124.704833984375
57,2,4,0.009700000000000002,1121.1690679448616,29.065727794170378,33.4838627990389,164.45814915707237,3124.704833984375
57,2,5,0.009700000000000002,2127.673537742411,43.23994228243828,46.12671175948282,624.940966796875,3124.704833984375
