epoch,startPos,prefixLength,learnRate,MSE,MAE,RMSE,meanLoss,totalLoss
359,3,mix,0.007100000000000011,723.6383467806661,21.996544796686905,26.900526886673912,20.85882568359375,1042.9412841796875
359,3,3,0.007100000000000011,707.7327017571921,21.736928591361412,26.603246075567398,20.85882568359375,1042.9412841796875
359,3,4,0.007100000000000011,656.4857398659781,21.04995902776718,25.621977672810075,54.89164653577303,1042.9412841796875
359,3,5,0.007100000000000011,711.925977243926,23.718423634767532,26.68194103216492,173.82354736328125,1042.9412841796875
