epoch,startPos,prefixLength,learnRate,MSE,MAE,RMSE,meanLoss,totalLoss
490,3,mix,0.005900000000000008,661.6304372141173,21.106139407708095,25.72217792517028,21.2864990234375,1064.324951171875
490,3,3,0.005900000000000008,657.5590343957592,21.030756244292625,25.64291392170085,21.2864990234375,1064.324951171875
490,3,4,0.005900000000000008,627.2670460477326,21.297520528237026,25.04529987937323,56.01710269325658,1064.324951171875
490,3,5,0.005900000000000008,927.2766812671628,27.374228060245514,30.45121805884229,212.864990234375,1064.324951171875
