epoch,startPos,prefixLength,learnRate,MSE,MAE,RMSE,meanLoss,totalLoss
171,2,mix,0.008700000000000008,758.0368323071316,23.14848499263034,27.532468692566084,23.456967002467106,3119.776611328125
171,2,2,0.008700000000000008,758.8804297215854,23.202174390063565,27.547784479365767,23.456967002467106,3119.776611328125
171,2,3,0.008700000000000008,836.3559717541636,24.407094629911278,28.91981970473128,62.3955322265625,3119.776611328125
171,2,4,0.008700000000000008,1111.3249245411373,28.869905066490173,33.336540380506456,164.19876901726974,3119.776611328125
171,2,5,0.008700000000000008,2129.373872441308,43.256903886795044,46.14513920708559,623.955322265625,3119.776611328125
