epoch,startPos,prefixLength,learnRate,MSE,MAE,RMSE,meanLoss,totalLoss
221,3,mix,0.008100000000000012,495.83871688042365,11.455569094216282,22.26743624399593,10.7459716796875,462.0767822265625
221,3,3,0.008100000000000012,503.1401783437603,11.611819287931377,22.430786396017425,10.7459716796875,462.0767822265625
221,3,4,0.008100000000000012,359.23053891622396,8.838528780639171,18.95337803443555,24.31983064350329,462.0767822265625
221,3,5,0.008100000000000012,187.18589076218825,6.8604175709187984,13.681589482300229,92.4153564453125,462.0767822265625
