epoch,startPos,prefixLength,learnRate,MSE,MAE,RMSE,meanLoss,totalLoss
79,2,mix,0.009600000000000003,791.5903095658458,23.623444708910856,28.135214759547257,23.162417763157894,3080.6015625
79,2,2,0.009600000000000003,789.678931408052,23.620920165018603,28.10122651074241,23.162417763157894,3080.6015625
79,2,3,0.009600000000000003,774.966554923892,23.63593180821492,27.838221116369702,61.61203125,3080.6015625
79,2,4,0.009600000000000003,765.3001165395166,24.182485914230348,27.664058208070568,162.13692434210526,3080.6015625
