epoch,startPos,prefixLength,learnRate,MSE,MAE,RMSE,meanLoss,totalLoss
469,4,mix,0.006100000000000008,674.8462858890559,20.6065762758255,25.977803715654176,19.20484683388158,364.89208984375
469,4,4,0.006100000000000008,679.4283057076052,20.68128423690796,26.065845578219886,19.20484683388158,364.89208984375
469,4,5,0.006100000000000008,779.9855106264549,25.181248426437378,27.928220684935425,60.815348307291664,364.89208984375
