epoch,startPos,prefixLength,learnRate,MSE,MAE,RMSE,meanLoss,totalLoss
141,5,mix,0.008900000000000007,650.2550318844214,21.45964741706848,25.500098664209546,20.807009887695312,104.03504943847656
141,5,5,0.008900000000000007,651.3062895142007,21.489611089229584,25.520703154776136,20.807009887695312,104.03504943847656
