epoch,startPos,prefixLength,learnRate,MSE,MAE,RMSE,meanLoss,totalLoss
127,4,mix,0.009100000000000006,693.2964911760325,20.848115730285645,26.33052394419892,19.1971724660773,364.74627685546875
127,4,4,0.009100000000000006,698.6209897248388,20.891861391067504,26.43143941832981,19.1971724660773,364.74627685546875
127,4,5,0.009100000000000006,784.3567367262913,25.262550115585327,28.00636957419314,60.791046142578125,364.74627685546875
