epoch,startPos,prefixLength,learnRate,MSE,MAE,RMSE,meanLoss,totalLoss
245,3,mix,0.008100000000000012,743.8389029510164,22.176905705378605,27.27341018191558,20.81189208984375,1040.5946044921875
245,3,3,0.008100000000000012,757.926153731423,22.392643580069908,27.530458654577895,20.81189208984375,1040.5946044921875
245,3,4,0.008100000000000012,672.1147895498365,21.480558156967163,25.925176750599725,54.768137078536185,1040.5946044921875
245,3,5,0.008100000000000012,722.3317808280153,23.902540683746338,26.876230777920018,173.43243408203125,1040.5946044921875
