epoch,startPos,prefixLength,learnRate,MSE,MAE,RMSE,meanLoss,totalLoss
343,2,mix,0.007200000000000011,339.137353777547,8.374924279616348,18.415682278361206,8.490187766335227,933.920654296875
343,2,2,0.007200000000000011,335.2461453059841,8.303511488118342,18.30972816035192,8.490187766335227,933.920654296875
343,2,3,0.007200000000000011,465.4756368301769,10.640519785948776,21.57488439899915,21.719084983648255,933.920654296875
343,2,4,0.007200000000000011,289.91793351058755,7.6060452573001385,17.026976640337168,49.153718647203945,933.920654296875
343,2,5,0.007200000000000011,130.6089866527218,3.217293992638588,11.428428879453282,186.784130859375,933.920654296875
