epoch,startPos,prefixLength,learnRate,MSE,MAE,RMSE,meanLoss,totalLoss
377,2,mix,0.00690000000000001,327.95288829089833,8.092313989863865,18.109469575084145,8.475289639559659,932.2818603515625
377,2,2,0.00690000000000001,331.34882618042195,8.179359089317066,18.202989484708876,8.475289639559659,932.2818603515625
377,2,3,0.00690000000000001,499.42346567610724,11.538929976522923,22.347784357204347,21.680973496547963,932.2818603515625
377,2,4,0.00690000000000001,352.7860451343578,8.638243971019984,18.782599530798652,49.06746633429276,932.2818603515625
377,2,5,0.00690000000000001,164.46652701516157,5.8289073798805475,12.82445035918349,186.4563720703125,932.2818603515625
