epoch,startPos,prefixLength,learnRate,MSE,MAE,RMSE,meanLoss,totalLoss
58,2,mix,0.009800000000000001,352.6169402899737,8.404620423361107,18.778097355429107,8.411170753272804,933.6399536132812
58,2,2,0.009800000000000001,355.5027017590712,8.46191489248088,18.854779281632315,8.411170753272804,933.6399536132812
58,2,3,0.009800000000000001,522.4482458187778,11.90355077470568,22.857126805851557,21.71255706077398,933.6399536132812
58,2,4,0.009800000000000001,262.52251310513714,7.291914013773203,16.20254650063184,49.138944927014805,933.6399536132812
58,2,5,0.009800000000000001,385.7480927662932,10.617984154261649,19.64047078779664,186.72799072265624,933.6399536132812
