epoch,startPos,prefixLength,learnRate,MSE,MAE,RMSE,meanLoss,totalLoss
113,3,mix,0.009200000000000005,600.5414360615432,19.85736179810304,24.505946952965175,21.3389208984375,1066.946044921875
113,3,3,0.009200000000000005,597.0445509394939,19.804516929846542,24.434495103019703,21.3389208984375,1066.946044921875
113,3,4,0.009200000000000005,551.1436312328444,18.674262833595275,23.4764484373775,56.15505499588816,1066.946044921875
