epoch,startPos,prefixLength,learnRate,MSE,MAE,RMSE,meanLoss,totalLoss
188,2,mix,0.008600000000000009,350.40627649080255,8.603725844661572,18.719141980625142,8.430478182705967,927.3526000976562
188,2,2,0.008600000000000009,344.59531343604533,8.463658878912351,18.563278628411666,8.430478182705967,927.3526000976562
188,2,3,0.008600000000000009,503.8334054199535,11.294522275470875,22.446233657786635,21.566339537154796,927.3526000976562
188,2,4,0.008600000000000009,305.12331422351883,7.922360301017761,17.467779315743567,48.80803158408717,927.3526000976562
188,2,5,0.008600000000000009,173.38831028610804,5.664547801017761,13.16769950622006,185.47052001953125,927.3526000976562
