epoch,startPos,prefixLength,learnRate,MSE,MAE,RMSE,meanLoss,totalLoss
240,3,mix,0.008000000000000012,497.2207477877413,11.457410606470974,22.29844720575272,10.604664647301963,456.0005798339844
240,3,3,0.008000000000000012,501.658963664406,11.599392464215105,22.397744611107743,10.604664647301963,456.0005798339844
240,3,4,0.008000000000000012,349.484847970654,8.5411845728755,18.694513846865718,24.000030517578125,456.0005798339844
240,3,5,0.008000000000000012,190.84800849286665,7.03426599688828,13.814775006957827,91.20011596679687,456.0005798339844
