epoch,startPos,prefixLength,learnRate,MSE,MAE,RMSE,meanLoss,totalLoss
476,2,mix,0.006100000000000008,86.27096863035008,2.601846977179406,9.288216655007036,2.4549778125904225,66.2844009399414
476,2,2,0.006100000000000008,77.02863747854892,2.2463803990752638,8.776596007481997,2.4549778125904225,66.2844009399414
476,2,3,0.006100000000000008,36.407063439270644,1.3752677062129806,6.033826600033402,22.0948003133138,66.2844009399414
476,2,4,0.006100000000000008,7.044072333838048e-08,0.0002547866256463749,0.0002654067130620107,66.2844009399414,66.2844009399414
