epoch,startPos,prefixLength,learnRate,MSE,MAE,RMSE,meanLoss,totalLoss
16,3,mix,0.01,367.8841032458136,8.854802579485945,19.18030508740186,8.294022993607955,912.342529296875
16,3,3,0.01,479.53560276112154,11.05898846990683,21.898301367026658,21.21726812318314,912.342529296875
16,3,4,0.01,283.2082248078713,7.125445172190666,16.828791543300763,48.01802785773026,912.342529296875
16,3,5,0.01,120.00567135552038,4.9730801694095135,10.95471000782405,152.05708821614584,912.342529296875
