epoch,startPos,prefixLength,learnRate,MSE,MAE,RMSE,meanLoss,totalLoss
96,1,mix,0.003,212.64254577993123,5.1131979781360615,14.582268197366664,4.6167630073719454,614.0294799804688
96,1,1,0.003,211.8466385615191,5.093785721091521,14.554952372354885,4.6167630073719454,614.0294799804688
96,1,2,0.003,80.98459097325907,2.3990573406873636,8.999143902241984,22.741832591869212,614.0294799804688
96,1,3,0.003,36.403919240496926,1.3756456300125137,6.033566046750208,204.6764933268229,614.0294799804688
96,1,4,0.003,6.49850928300303e-07,0.0008038440400923719,0.0008061333191850483,614.0294799804688,614.0294799804688
