epoch,startPos,prefixLength,learnRate,MSE,MAE,RMSE,meanLoss,totalLoss
474,3,mix,0.006100000000000008,678.2595427411367,21.545055288534897,26.043416495174682,20.97996337890625,1048.9981689453125
474,3,3,0.006100000000000008,661.2789384860396,21.27918817446782,25.715344417021516,20.97996337890625,1048.9981689453125
474,3,4,0.006100000000000008,571.0831182998321,19.21749539375305,23.897345423704117,55.21042994449013,1048.9981689453125
