epoch,startPos,prefixLength,learnRate,MSE,MAE,RMSE,meanLoss,totalLoss
191,1,mix,0.0003999999999999998,449.10561490598917,17.54600065111211,21.192112091671966,17.50391909950658,2328.021240234375
191,1,1,0.0003999999999999998,449.85119126819745,17.561824242217522,21.209695690136563,17.50391909950658,2328.021240234375
191,1,2,0.0003999999999999998,283.23274141884684,11.53393500724009,16.829519940237358,21.163829456676137,2328.021240234375
191,1,3,0.0003999999999999998,457.78354516869155,13.74576728604734,21.395876826358194,54.14002884265988,2328.021240234375
191,1,4,0.0003999999999999998,275.7404431854808,9.259118883684277,16.605434146251064,122.52743369654605,2328.021240234375
