epoch,startPos,prefixLength,learnRate,MSE,MAE,RMSE,meanLoss,totalLoss
169,3,mix,0.009200000000000005,480.5817124012203,11.013926878232848,21.92217398893687,10.601620696311773,455.86968994140625
169,3,3,0.009200000000000005,481.6789605254444,10.991256300021302,21.94718570854688,10.601620696311773,455.86968994140625
169,3,4,0.009200000000000005,289.5962342006718,7.181846901029348,17.017527264578476,23.993141575863486,455.86968994140625
169,3,5,0.009200000000000005,73.17887320901781,2.4506565164774656,8.554465103617982,75.97828165690105,455.86968994140625
