epoch,startPos,prefixLength,learnRate,MSE,MAE,RMSE,meanLoss,totalLoss
226,3,mix,0.008900000000000007,476.76648686909306,10.969061475247145,21.834983097522496,10.606450280477834,456.0773620605469
226,3,3,0.008900000000000007,470.4736627450827,10.811423628844999,21.690404854337846,10.606450280477834,456.0773620605469
226,3,4,0.008900000000000007,290.40069536068495,7.249938885122537,17.041147125727335,24.004071687397204,456.0773620605469
226,3,5,0.008900000000000007,73.26183620181612,2.4557601772248745,8.559312834674062,76.01289367675781,456.0773620605469
