epoch,startPos,prefixLength,learnRate,MSE,MAE,RMSE,meanLoss,totalLoss
140,4,mix,0.008900000000000007,355.9803509405758,8.738376962393522,18.8674415578948,7.764586599249589,147.5271453857422
140,4,4,0.008900000000000007,362.3796090714388,8.938354117423296,19.036270881436806,7.764586599249589,147.5271453857422
140,4,5,0.008900000000000007,172.02414879066237,6.1727417800575495,13.115797680303793,29.505429077148438,147.5271453857422
