epoch,startPos,prefixLength,learnRate,MSE,MAE,RMSE,meanLoss,totalLoss
144,2,mix,0.009100000000000006,650.0612177596885,20.29951580081667,25.496298118740462,19.544873918805802,547.2564697265625
144,2,2,0.009100000000000006,648.3300993597899,20.236168461186544,25.4623270609697,19.544873918805802,547.2564697265625
144,2,3,0.009100000000000006,535.5519072309837,17.717078626155853,23.141994452315117,182.4188232421875,547.2564697265625
144,2,4,0.009100000000000006,304.16761148900264,16.859428346157074,17.44040170090708,547.2564697265625,547.2564697265625
