epoch,startPos,prefixLength,learnRate,MSE,MAE,RMSE,meanLoss,totalLoss
221,4,mix,0.008100000000000012,563.720614307781,18.459385311603548,23.74280131550995,19.812098452919408,376.42987060546875
221,4,4,0.008100000000000012,560.4155629296152,18.36315267086029,23.673097873527563,19.812098452919408,376.42987060546875
221,4,5,0.008100000000000012,731.4270935553941,23.567052721977234,27.044908828749897,75.28597412109374,376.42987060546875
