epoch,startPos,prefixLength,learnRate,MSE,MAE,RMSE,meanLoss,totalLoss
77,2,mix,0.009600000000000003,86.27029863440247,2.6017338479983607,9.288180587951683,2.4901190863715277,67.23321533203125
77,2,2,0.009600000000000003,82.30928948179177,2.449390362182527,9.072446719699805,2.4901190863715277,67.23321533203125
77,2,3,0.009600000000000003,36.40643195993947,1.3750993205687791,6.0337742715434315,22.41107177734375,67.23321533203125
77,2,4,0.009600000000000003,3.7020726273779766e-09,5.867087861588516e-05,6.0844659809863154e-05,67.23321533203125,67.23321533203125
