epoch,startPos,prefixLength,learnRate,MSE,MAE,RMSE,meanLoss,totalLoss
19,1,mix,0.01,525.8224507717268,13.037750167892748,22.93081879854548,12.841740658408717,3903.88916015625
19,1,1,0.01,712.3974572278812,18.43275330193779,26.690774758854065,29.352550076362782,3903.88916015625
19,1,2,0.01,373.98695352936585,9.19179504738921,19.33874229440389,35.48990145596591,3903.88916015625
19,1,3,0.01,473.05844876036684,10.920132734579965,21.749906867855017,90.78812000363372,3903.88916015625
19,1,4,0.01,326.7204387804931,8.6957182925893,18.075409781813885,205.46785053453948,3903.88916015625
19,1,5,0.01,142.88230190028196,4.003572483896278,11.953338525294177,780.77783203125,3903.88916015625
