epoch,startPos,prefixLength,learnRate,MSE,MAE,RMSE,meanLoss,totalLoss
115,1,mix,0.002,325.466287032028,9.728151083230799,18.040684217402287,9.543527703536185,1631.9432373046875
115,1,1,0.002,325.57473326383274,9.738678086527385,18.04368956903861,9.543527703536185,1631.9432373046875
115,1,2,0.002,331.7114404284376,9.88159831168337,18.21294705500561,11.574065512799201,1631.9432373046875
115,1,3,0.002,352.1750850539231,10.325046373208842,18.766328491580953,16.484275124289773,1631.9432373046875
115,1,4,0.002,317.2306599336219,9.684241129262816,17.810970213147343,21.194068016943994,1631.9432373046875
