epoch,startPos,prefixLength,learnRate,MSE,MAE,RMSE,meanLoss,totalLoss
182,1,mix,0.0005999999999999998,717.5962908707586,21.960906120709012,26.78798780929166,20.481020261915468,2846.86181640625
182,1,1,0.0005999999999999998,720.2700043672651,21.96777790742261,26.837846492728605,20.481020261915468,2846.86181640625
182,1,2,0.0005999999999999998,1044.0899751458999,26.160193971225194,32.31238114323827,101.67363630022321,2846.86181640625
182,1,3,0.0005999999999999998,1153.2961938497144,29.599465548992157,33.96021486754338,948.9539388020834,2846.86181640625
182,1,4,0.0005999999999999998,747.5356342538703,21.937649726867676,27.341097897741236,2846.86181640625,2846.86181640625
