epoch,startPos,prefixLength,learnRate,MSE,MAE,RMSE,meanLoss,totalLoss
39,1,mix,0.008,443.43866427124004,17.477961232264835,21.05798338567205,17.785811574835527,2365.512939453125
39,1,1,0.008,441.41356124646853,17.442800702922273,21.009844388916083,17.785811574835527,2365.512939453125
39,1,2,0.008,276.3532408865356,14.462429421288627,16.623875627739025,21.5046630859375,2365.512939453125
39,1,3,0.008,366.3387442982171,16.269211131063376,19.13997764623086,55.01192882449128,2365.512939453125
39,1,4,0.008,288.22390416928977,14.823663130402565,16.97715830665691,124.50068102384868,2365.512939453125
39,1,5,0.008,165.6890456382173,12.18155924230814,12.8720257006509,473.102587890625,2365.512939453125
