epoch,startPos,prefixLength,learnRate,MSE,MAE,RMSE,meanLoss,totalLoss
255,4,mix,0.007900000000000013,303.53735680969265,7.833966046571732,17.422323519258065,7.488352725380345,142.27870178222656
255,4,4,0.007900000000000013,302.8352625826171,7.7871597647666935,17.40216258350143,7.488352725380345,142.27870178222656
255,4,5,0.007900000000000013,175.25288420410678,5.917842000722885,13.238311229311192,28.45574035644531,142.27870178222656
