epoch,startPos,prefixLength,learnRate,MSE,MAE,RMSE,meanLoss,totalLoss
167,3,mix,0.008700000000000008,674.6027633057305,20.986680718568657,25.973116164714053,21.5496630859375,1077.483154296875
167,3,3,0.008700000000000008,709.9089989221837,21.458822378745445,26.644117529431966,21.5496630859375,1077.483154296875
167,3,4,0.008700000000000008,642.9413017456775,21.045635890960693,25.356287223205165,56.70963969983553,1077.483154296875
167,3,5,0.008700000000000008,1258.5984770496596,32.63674712181091,35.47673148769006,215.496630859375,1077.483154296875
