epoch,startPos,prefixLength,learnRate,MSE,MAE,RMSE,meanLoss,totalLoss
316,3,mix,0.007300000000000011,493.88817012051186,11.402636982839216,22.223594896427354,10.66532791492551,458.6091003417969
316,3,3,0.007300000000000011,509.3446021273632,11.7534893700345,22.5686641635557,10.66532791492551,458.6091003417969
316,3,4,0.007300000000000011,368.82418920555335,9.138162812590599,19.204795994895477,24.13732107062089,458.6091003417969
316,3,5,0.007300000000000011,183.39922750119163,6.688202390447259,13.5424970925303,91.72182006835938,458.6091003417969
