epoch,startPos,prefixLength,learnRate,MSE,MAE,RMSE,meanLoss,totalLoss
206,2,mix,0.00840000000000001,332.4429610237652,8.202094419327166,18.233018428767224,8.48409590287642,933.2505493164062
206,2,2,0.00840000000000001,329.35212999967564,8.123989117331803,18.14806132895951,8.48409590287642,933.2505493164062
206,2,3,0.00840000000000001,499.19619366887014,11.517322215505622,22.342698889544884,21.703501146893167,933.2505493164062
206,2,4,0.00840000000000001,352.7349268645018,8.63968809172511,18.781238693560706,49.11844996402138,933.2505493164062
206,2,5,0.00840000000000001,179.5508030352054,6.517651353031397,13.399656825277482,186.65010986328124,933.2505493164062
