epoch,startPos,prefixLength,learnRate,MSE,MAE,RMSE,meanLoss,totalLoss
58,2,mix,0.009700000000000002,334.6866232275443,8.273162489158235,18.294442413682475,8.495041725852273,934.45458984375
58,2,2,0.009700000000000002,332.1201443069113,8.202076823716718,18.22416374780778,8.495041725852273,934.45458984375
58,2,3,0.009700000000000002,462.19464015394294,11.032048504884271,21.498712523170845,21.731502089389537,934.45458984375
58,2,4,0.009700000000000002,294.0664726857105,7.934150687605142,17.148366472807563,49.1818205180921,934.45458984375
58,2,5,0.009700000000000002,127.87012108870809,3.557056460529566,11.307967151027107,186.89091796875,934.45458984375
