epoch,startPos,prefixLength,learnRate,MSE,MAE,RMSE,meanLoss,totalLoss
362,2,mix,0.007100000000000011,82.31007821163276,2.4495214923063315,9.072490188015237,2.3894746568467884,64.51581573486328
362,2,2,0.007100000000000011,77.02870540690357,2.246397225213542,8.776599877338807,2.3894746568467884,64.51581573486328
362,2,3,0.007100000000000011,48.65733102373784,1.8127981409320455,6.9754807019830425,21.505271911621094,64.51581573486328
362,2,4,0.007100000000000011,8.646533651092965e-08,0.0002862025610284036,0.0002940498877927513,64.51581573486328,64.51581573486328
