epoch,startPos,prefixLength,learnRate,MSE,MAE,RMSE,meanLoss,totalLoss
41,2,mix,0.0099,783.3357322289216,23.436295363832922,27.988135561857664,23.702339344454888,3152.4111328125
41,2,2,0.0099,773.4812852621752,23.30702567977064,27.811531515940924,23.702339344454888,3152.4111328125
41,2,3,0.0099,748.4751515398007,23.338827316577618,27.35827391375049,63.04822265625,3152.4111328125
41,2,4,0.0099,910.7643313583332,26.594071358442307,30.17887226783554,165.91637541118422,3152.4111328125
41,2,5,0.0099,1450.7216576535343,34.077845454216,38.08834017981795,630.4822265625,3152.4111328125
