epoch,startPos,prefixLength,learnRate,MSE,MAE,RMSE,meanLoss,totalLoss
115,1,mix,0.002,447.4492153273017,17.504989649084482,21.152995422098066,17.507344410831767,2328.476806640625
115,1,1,0.002,449.0449086809727,17.55242438219262,21.190679759766383,17.507344410831767,2328.476806640625
115,1,2,0.002,284.4809701694493,11.55773840951068,16.86656367401046,21.167970969460228,2328.476806640625
115,1,3,0.002,465.7090512091767,13.902872076258063,21.580293121484164,54.15062341024709,2328.476806640625
115,1,4,0.002,282.3257423509831,9.393216066807508,16.8025516619049,122.55141087582237,2328.476806640625
