epoch,startPos,prefixLength,learnRate,MSE,MAE,RMSE,meanLoss,totalLoss
288,2,mix,0.007700000000000012,759.9995095410002,23.19792134095641,27.568088608770108,23.325808417528197,3102.33251953125
288,2,2,0.007700000000000012,763.9205019226562,23.197666811592438,27.63911181501056,23.325808417528197,3102.33251953125
288,2,3,0.007700000000000012,680.9721424377514,21.766039454019985,26.095442943888717,62.046650390625,3102.33251953125
288,2,4,0.007700000000000012,803.9089543506498,24.38963165283203,28.35328824582168,163.28065892269737,3102.33251953125
