epoch,startPos,prefixLength,learnRate,MSE,MAE,RMSE,meanLoss,totalLoss
192,2,mix,0.009100000000000006,370.6645816654157,8.912827286470149,19.252651289248856,8.29286776455966,912.2154541015625
192,2,2,0.009100000000000006,371.8274562299675,8.927482494020037,19.282828014323197,8.29286776455966,912.2154541015625
192,2,3,0.009100000000000006,463.6893319387806,11.1766616827385,21.533446819744874,21.214312886082848,912.2154541015625
192,2,4,0.009100000000000006,251.45401555235327,6.514743802696467,15.857301647895623,48.01133968955592,912.2154541015625
192,2,5,0.009100000000000006,113.23470657899539,4.5435305535793304,10.641179755036346,152.0359090169271,912.2154541015625
