epoch,startPos,prefixLength,learnRate,MSE,MAE,RMSE,meanLoss,totalLoss
336,4,mix,0.00830000000000001,260.88872913632093,6.989681131392717,16.152050307509597,7.762535496761925,147.48817443847656
336,4,4,0.00830000000000001,260.88872913632093,6.989681131392717,16.152050307509597,7.762535496761925,147.48817443847656
336,4,5,0.00830000000000001,106.63239159295591,3.034137450158596,10.3262961216961,29.497634887695312,147.48817443847656
