epoch,startPos,prefixLength,learnRate,MSE,MAE,RMSE,meanLoss,totalLoss
454,3,mix,0.006400000000000009,747.3918715708745,22.12488002043504,27.33846871298527,20.97554931640625,1048.7774658203125
454,3,3,0.006400000000000009,758.2069918482132,22.1899501818877,27.53555868051733,20.97554931640625,1048.7774658203125
454,3,4,0.006400000000000009,691.0410672926042,21.75486503839493,26.287659981303094,55.19881399054276,1048.7774658203125
454,3,5,0.006400000000000009,709.8193214809621,23.61695510149002,26.64243460123271,174.7962443033854,1048.7774658203125
