epoch,startPos,prefixLength,learnRate,MSE,MAE,RMSE,meanLoss,totalLoss
343,2,mix,0.007200000000000011,350.50347714807737,8.479437437374145,18.721738091002056,8.403935657848011,924.4329223632812
343,2,2,0.007200000000000011,349.17374999966444,8.45528301190851,18.6861914257471,8.403935657848011,924.4329223632812
343,2,3,0.007200000000000011,543.407212155307,12.325365151024677,23.311096331046016,21.498440054960028,924.4329223632812
343,2,4,0.007200000000000011,319.47561258162835,7.791737720742821,17.8738807364721,48.65436433490954,924.4329223632812
