epoch,startPos,prefixLength,learnRate,MSE,MAE,RMSE,meanLoss,totalLoss
323,2,mix,0.007400000000000012,764.5799779322892,23.122098223251456,27.651039364412494,23.36310869948308,3107.29345703125
323,2,2,0.007400000000000012,755.5323786524774,23.00382595202502,27.48694924236732,23.36310869948308,3107.29345703125
323,2,3,0.007400000000000012,828.4239592496065,24.15268691227986,28.78235499832504,62.145869140625,3107.29345703125
323,2,4,0.007400000000000012,1156.028219918594,29.43792394399643,34.00041499627018,163.5417608963816,3107.29345703125
323,2,5,0.007400000000000012,2242.6960241527636,44.46778470277786,47.35711165340179,621.45869140625,3107.29345703125
