epoch,startPos,prefixLength,learnRate,MSE,MAE,RMSE,meanLoss,totalLoss
58,1,mix,0.007,446.5707006932438,17.783761768766187,21.132219492832355,17.54792498825188,2333.8740234375
58,1,1,0.007,447.193383470604,17.807791870416086,21.14694737948255,17.54792498825188,2333.8740234375
58,1,2,0.007,293.3308679557261,15.230917480108994,17.126904797882368,21.217036576704544,2333.8740234375
58,1,3,0.007,383.4158277225903,17.06746968626976,19.581006810748786,54.27614007994186,2333.8740234375
58,1,4,0.007,268.0768223986479,14.912135726213455,16.373051713063386,122.83547491776316,2333.8740234375
58,1,5,0.007,186.48822057213692,12.373632863163948,13.6560690014417,466.7748046875,2333.8740234375
