epoch,startPos,prefixLength,learnRate,MSE,MAE,RMSE,meanLoss,totalLoss
267,2,mix,0.007900000000000013,305.4446661546858,7.540069743126098,17.47697531481594,8.637121252111486,958.720458984375
267,2,2,0.007900000000000013,305.42529880863503,7.548703659791499,17.47642122428488,8.637121252111486,958.720458984375
267,2,3,0.007900000000000013,482.88335175674507,11.008738075806336,21.97460697616103,22.295824627543606,958.720458984375
267,2,4,0.007900000000000013,287.1834002723274,7.0334879394620655,16.946486369520006,50.45897152549342,958.720458984375
