epoch,startPos,prefixLength,learnRate,MSE,MAE,RMSE,meanLoss,totalLoss
64,1,mix,0.008,441.4745139464368,17.791840428596032,21.01129491360389,17.50918556156015,2328.7216796875
64,1,1,0.008,439.45371417093185,17.74029860634576,20.963151341602526,17.50918556156015,2328.7216796875
64,1,2,0.008,293.6231537504217,12.045784146283511,17.135435616009932,20.97947459177928,2328.7216796875
64,1,3,0.008,411.11039382680633,13.015402486378497,20.275857412864355,54.156318132267444,2328.7216796875
64,1,4,0.008,254.33346761392136,9.054047757387162,15.947835828535524,122.56429893092105,2328.7216796875
64,1,5,0.008,67.25069286213672,4.515069531276822,8.200651977869608,388.1202799479167,2328.7216796875
