epoch,startPos,prefixLength,learnRate,MSE,MAE,RMSE,meanLoss,totalLoss
73,2,mix,0.009600000000000003,330.9156260429357,8.174758114718966,18.1910864448206,8.475533780184659,932.3087158203125
73,2,2,0.009600000000000003,335.3900106828798,8.247287469849523,18.313656398515285,8.475533780184659,932.3087158203125
73,2,3,0.009600000000000003,504.005171311451,11.626189438287508,22.450059494608272,21.681598042332848,932.3087158203125
73,2,4,0.009600000000000003,352.86695187599855,8.640533825010062,18.784753175807197,49.068879780016445,932.3087158203125
73,2,5,0.009600000000000003,175.83532807149936,6.344378427602351,13.260291402209054,186.4617431640625,932.3087158203125
