epoch,startPos,prefixLength,learnRate,MSE,MAE,RMSE,meanLoss,totalLoss
74,3,mix,0.009700000000000002,455.3225014116534,10.662429246035488,21.338287218323156,10.45247135605923,449.4562683105469
74,3,3,0.009700000000000002,455.6577793009874,10.6425477753986,21.3461420238175,10.45247135605923,449.4562683105469
74,3,4,0.009700000000000002,260.9320623196472,6.98796328343451,16.153391666137708,23.655593068976152,449.4562683105469
74,3,5,0.009700000000000002,106.65259564910826,3.0316996946930885,10.327274357211019,89.89125366210938,449.4562683105469
