epoch,startPos,prefixLength,learnRate,MSE,MAE,RMSE,meanLoss,totalLoss
488,4,mix,0.005900000000000008,688.5276712579947,20.762683629989624,26.239810808349873,19.210412276418584,364.9978332519531
488,4,4,0.005900000000000008,659.8018969634044,20.223041653633118,25.686609292847596,19.210412276418584,364.9978332519531
488,4,5,0.005900000000000008,800.7748242765638,25.552112221717834,28.29796502006043,60.83297220865885,364.9978332519531
