epoch,startPos,prefixLength,learnRate,MSE,MAE,RMSE,meanLoss,totalLoss
490,3,mix,0.005900000000000008,343.0945693835447,10.16088128560939,18.52281213486615,9.64373902600221,954.7301635742188
490,3,3,0.005900000000000008,353.2840999608961,10.344734187184189,18.795853265039504,9.64373902600221,954.7301635742188
490,3,4,0.005900000000000008,310.1049163526453,9.594031154887663,17.609796033817236,12.399093033431413,954.7301635742188
