epoch,startPos,prefixLength,learnRate,MSE,MAE,RMSE,meanLoss,totalLoss
54,3,mix,0.009600000000000003,477.65168709010794,10.862194853919474,21.855243926575334,10.46719786178234,450.0895080566406
54,3,3,0.009600000000000003,484.6250845014246,11.005665614185007,22.01420188199937,10.46719786178234,450.0895080566406
54,3,4,0.009600000000000003,321.6253339282832,8.014427832514048,17.933915744429136,23.688921476665296,450.0895080566406
