epoch,startPos,prefixLength,learnRate,MSE,MAE,RMSE,meanLoss,totalLoss
58,2,mix,0.009700000000000002,332.93606891851954,9.829963881315457,18.246535805969295,9.270184888907359,1307.0960693359375
58,2,2,0.009700000000000002,337.58965727295583,9.91464384378762,18.373613070731512,9.270184888907359,1307.0960693359375
58,2,3,0.009700000000000002,350.2944755445721,10.277799986052113,18.716155469128058,13.202990599352905,1307.0960693359375
58,2,4,0.009700000000000002,319.7788073027123,9.75814016866276,17.88236022740601,16.975273627739448,1307.0960693359375
