epoch,startPos,prefixLength,learnRate,MSE,MAE,RMSE,meanLoss,totalLoss
303,3,mix,0.007600000000000012,596.2317414734565,19.767143983107346,24.417857020497447,21.29150146484375,1064.5750732421875
303,3,3,0.007600000000000012,598.9713575361812,19.82134898809286,24.473891344373115,21.29150146484375,1064.5750732421875
303,3,4,0.007600000000000012,578.452985389326,19.31482689380646,24.05104956939148,56.03026701274671,1064.5750732421875
