epoch,startPos,prefixLength,learnRate,MSE,MAE,RMSE,meanLoss,totalLoss
109,3,mix,0.009200000000000005,77.65037397195614,2.3557714001158274,8.811944959653127,2.374025026957194,28.488300323486328
109,3,3,0.009200000000000005,77.65037292768764,2.35576938133363,8.811944900400118,2.374025026957194,28.488300323486328
109,3,4,0.009200000000000005,132.8713817164064,4.343946963479539,11.526984936070942,9.496100107828775,28.488300323486328
