epoch,startPos,prefixLength,learnRate,MSE,MAE,RMSE,meanLoss,totalLoss
131,3,mix,0.009400000000000004,475.42711282371687,10.957134953276677,21.804291156185677,10.807690287745276,464.7306823730469
131,3,3,0.009400000000000004,478.0176435215107,11.022482712837784,21.863614603297204,10.807690287745276,464.7306823730469
131,3,4,0.009400000000000004,267.5101054266567,6.774314801394939,16.355736162785725,24.459509598581416,464.7306823730469
131,3,5,0.009400000000000004,114.29025616787675,4.264303348958492,10.690662101473265,77.45511372884114,464.7306823730469
