epoch,startPos,prefixLength,learnRate,MSE,MAE,RMSE,meanLoss,totalLoss
419,2,mix,0.0066000000000000095,332.1147409360927,8.211360267230443,18.22401549977646,8.490860817649148,933.9946899414062
419,2,2,0.0066000000000000095,335.4839900014395,8.276081818022899,18.31622204499169,8.490860817649148,933.9946899414062
419,2,3,0.0066000000000000095,479.3233384782897,10.876333136111498,21.893454238157343,21.720806742823402,933.9946899414062
419,2,4,0.0066000000000000095,289.9581275385774,7.604708532243967,17.028156903745554,49.15761526007401,933.9946899414062
419,2,5,0.0066000000000000095,130.64241032898119,3.213451473042369,11.429891089987743,186.79893798828124,933.9946899414062
