epoch,startPos,prefixLength,learnRate,MSE,MAE,RMSE,meanLoss,totalLoss
58,1,mix,0.007,427.1635049442596,17.31609592844239,20.66793422053253,17.555464311079547,2317.3212890625
58,1,1,0.007,424.3040935361909,17.233343531706314,20.598643002299713,17.555464311079547,2317.3212890625
58,1,2,0.007,250.78342220371033,11.168345730019999,15.836142908035098,20.87676836993243,2317.3212890625
58,1,3,0.007,403.4026398113716,12.746758639473807,20.084885855074496,53.89119276889535,2317.3212890625
58,1,4,0.007,255.18044527756575,9.086809478700161,15.974368384307587,121.96427837171052,2317.3212890625
