epoch,startPos,prefixLength,learnRate,MSE,MAE,RMSE,meanLoss,totalLoss
345,2,mix,0.007200000000000011,763.6825923279584,23.201165539376877,27.634807622416307,23.31502584586466,3100.8984375
345,2,2,0.007200000000000011,765.3436741128245,23.25669606292949,27.664845456152914,23.31502584586466,3100.8984375
345,2,3,0.007200000000000011,694.4503556861443,21.977067314661465,26.352425992423246,62.01796875,3100.8984375
345,2,4,0.007200000000000011,752.9750656989396,23.521907091140747,27.440391136041402,163.20518092105263,3100.8984375
