epoch,startPos,prefixLength,learnRate,MSE,MAE,RMSE,meanLoss,totalLoss
353,4,mix,0.007100000000000011,300.952241065444,8.092688090354205,17.347975128684155,8.056642231188322,153.07620239257812
353,4,4,0.007100000000000011,292.50714373698867,7.7680581420660015,17.10284022427236,8.056642231188322,153.07620239257812
353,4,5,0.007100000000000011,130.64755399077052,3.2128650341182947,11.430116096994402,30.615240478515624,153.07620239257812
