epoch,startPos,prefixLength,learnRate,MSE,MAE,RMSE,meanLoss,totalLoss
188,3,mix,0.009100000000000006,475.211370935126,10.948276104236191,21.799343360182345,10.413442922192951,447.7780456542969
188,3,3,0.009100000000000006,462.7378565647556,10.715341463177042,21.511342509586786,10.413442922192951,447.7780456542969
188,3,4,0.009100000000000006,260.918620302865,6.988474103063345,16.15297558664858,23.567265560752467,447.7780456542969
188,3,5,0.009100000000000006,106.65851230187798,3.0316210938617587,10.327560810853548,89.55560913085938,447.7780456542969
