epoch,startPos,prefixLength,learnRate,MSE,MAE,RMSE,meanLoss,totalLoss
410,2,mix,0.00680000000000001,673.4032283490045,20.714097099644796,25.950014033695712,19.338984898158483,541.4915771484375
410,2,2,0.00680000000000001,654.074027424566,20.378473256315505,25.574871014817766,19.338984898158483,541.4915771484375
410,2,3,0.00680000000000001,553.6862630467888,18.43725436925888,23.53053894509832,180.4971923828125,541.4915771484375
410,2,4,0.00680000000000001,416.6883745651901,20.229308784008026,20.412946249015356,541.4915771484375,541.4915771484375
