epoch,startPos,prefixLength,learnRate,MSE,MAE,RMSE,meanLoss,totalLoss
229,2,mix,0.008200000000000011,79.66220748533632,2.348620031699056,8.9253687590674,2.3714155974211515,64.0282211303711
229,2,2,0.008200000000000011,78.34204689851093,2.2978463012157135,8.851104275654588,2.3714155974211515,64.0282211303711
229,2,3,0.008200000000000011,38.29288702238502,1.5478626222484309,6.188124677346524,21.342740376790363,64.0282211303711
229,2,4,0.008200000000000011,1.64271659410093e-06,0.0012815102945751278,0.0012816850604188729,64.0282211303711,64.0282211303711
