epoch,startPos,prefixLength,learnRate,MSE,MAE,RMSE,meanLoss,totalLoss
191,1,mix,0.0003999999999999998,178.2038809373101,4.6439824250974135,13.349302638614127,4.849512662288648,1003.84912109375
191,1,1,0.0003999999999999998,179.23302939543842,4.66832135604398,13.38779404515316,4.849512662288648,1003.84912109375
191,1,2,0.0003999999999999998,116.59496275669328,2.8759724675825984,10.797914741129107,15.209835168087121,1003.84912109375
191,1,3,0.0003999999999999998,77.65259129190143,2.3555224662039507,8.812070772066088,83.65409342447917,1003.84912109375
191,1,4,0.0003999999999999998,108.37533578775388,3.2188028698094513,10.410347534436777,334.6163736979167,1003.84912109375
