epoch,startPos,prefixLength,learnRate,MSE,MAE,RMSE,meanLoss,totalLoss
376,3,mix,0.00690000000000001,671.2495161495771,21.407880957310017,25.90848347838169,21.5343115234375,1076.715576171875
376,3,3,0.00690000000000001,668.6692448967993,21.399069180855385,25.858639656733672,21.5343115234375,1076.715576171875
376,3,4,0.00690000000000001,662.4933651501798,22.28620316584905,25.738946465428217,56.669240851151315,1076.715576171875
376,3,5,0.00690000000000001,990.1257284866551,28.34239399433136,31.466263338481344,215.343115234375,1076.715576171875
