epoch,startPos,prefixLength,learnRate,MSE,MAE,RMSE,meanLoss,totalLoss
325,2,mix,0.007600000000000012,759.2221080233802,23.018509096959058,27.553985338302336,23.279759457236842,3096.2080078125
325,2,2,0.007600000000000012,762.0613645776149,23.07031654960969,27.6054589633575,23.279759457236842,3096.2080078125
325,2,3,0.007600000000000012,858.0618196236909,24.22600979071397,29.292692256323775,61.92416015625,3096.2080078125
325,2,4,0.007600000000000012,957.6933795071587,25.810897839069366,30.946621455453887,162.9583162006579,3096.2080078125
325,2,5,0.007600000000000012,970.0575617164736,23.520451486110687,31.145747088751516,516.03466796875,3096.2080078125
