epoch,startPos,prefixLength,learnRate,MSE,MAE,RMSE,meanLoss,totalLoss
273,4,mix,0.007700000000000012,359.2034855907593,8.8377397172153,18.952664340159654,7.783802233244243,147.89224243164062
273,4,4,0.007700000000000012,343.20398891644743,8.337755773216486,18.525765541980917,7.783802233244243,147.89224243164062
273,4,5,0.007700000000000012,156.91628116260748,5.4846406523138285,12.526622895362001,29.578448486328124,147.89224243164062
