epoch,startPos,prefixLength,learnRate,MSE,MAE,RMSE,meanLoss,totalLoss
96,2,mix,0.009600000000000003,354.5042296363626,8.442149002794865,18.8282827054504,8.422359982052365,934.8819580078125
96,2,2,0.009600000000000003,355.8833855506254,8.474260373868876,18.864871734274406,8.422359982052365,934.8819580078125
96,2,3,0.009600000000000003,515.6660435843755,11.7151304053312,22.70828138773112,21.741440883902616,934.8819580078125
96,2,4,0.009600000000000003,264.0431223344214,7.226151098310948,16.249403753197267,49.204313579358555,934.8819580078125
96,2,5,0.009600000000000003,374.0402787964038,10.306725123897195,19.340120961266084,186.9763916015625,934.8819580078125
