epoch,startPos,prefixLength,learnRate,MSE,MAE,RMSE,meanLoss,totalLoss
30,4,mix,0.0099,298.5150025633481,7.950329927355051,17.277586711209064,8.016070717259458,152.3053436279297
30,4,4,0.0099,290.04728089795026,7.615167267248035,17.030774524311873,8.016070717259458,152.3053436279297
30,4,5,0.0099,130.6848602563612,3.214181412011385,11.431747909062778,30.46106872558594,152.3053436279297
