epoch,startPos,prefixLength,learnRate,MSE,MAE,RMSE,meanLoss,totalLoss
494,2,mix,0.005900000000000008,766.6905709671436,23.135537967962378,27.689177867303023,23.338509236959588,3104.021728515625
494,2,2,0.005900000000000008,760.3982236765286,23.048274909748752,27.575319103802382,23.338509236959588,3104.021728515625
494,2,3,0.005900000000000008,808.6505983761725,23.722253652719353,28.43678248986992,62.0804345703125,3104.021728515625
494,2,4,0.005900000000000008,1164.0667376518109,29.42634880542755,34.11842226205383,163.3695646587171,3104.021728515625
494,2,5,0.005900000000000008,2267.258892621005,44.70277562737465,47.6157420673143,620.804345703125,3104.021728515625
