epoch,startPos,prefixLength,learnRate,MSE,MAE,RMSE,meanLoss,totalLoss
438,2,mix,0.007800000000000013,353.89600417647046,8.434909166975153,18.81212386139509,8.405388359550956,932.9981079101562
438,2,2,0.007800000000000013,357.132635813568,8.48525572857923,18.897953217572745,8.405388359550956,932.9981079101562
438,2,3,0.007800000000000013,509.3856959551624,11.460425558076663,22.56957456300766,21.697630416515263,932.9981079101562
438,2,4,0.007800000000000013,265.8588663215654,7.153169439733029,16.30517912571234,49.10516357421875,932.9981079101562
438,2,5,0.007800000000000013,340.26911018073883,9.414154784753919,18.446384745546723,186.59962158203126,932.9981079101562
