epoch,startPos,prefixLength,learnRate,MSE,MAE,RMSE,meanLoss,totalLoss
44,1,mix,0.008,792.8038877030493,22.25526839743058,28.15677338941821,21.34105173746745,4097.48193359375
44,1,1,0.008,801.0903256671427,22.364012751107413,28.30353910144706,21.34105173746745,4097.48193359375
44,1,2,0.008,1293.180207692763,29.286747253302373,35.96081489194541,30.80813483905075,4097.48193359375
44,1,3,0.008,1900.5340703090417,37.826599350342384,43.595115211558294,81.949638671875,4097.48193359375
44,1,4,0.008,2128.176679664716,41.74072511196137,46.13216534766947,215.65694387335526,4097.48193359375
