epoch,startPos,prefixLength,learnRate,MSE,MAE,RMSE,meanLoss,totalLoss
54,3,mix,0.009800000000000001,530.207674851556,11.842072462493723,23.026238834242037,10.453468500181685,449.4991455078125
54,3,3,0.009800000000000001,528.9301550605925,11.799488469958305,22.998481581630394,10.453468500181685,449.4991455078125
54,3,4,0.009800000000000001,265.72490916449493,7.158168785274029,16.301070798094674,23.65784976356908,449.4991455078125
54,3,5,0.009800000000000001,351.37593727136596,9.714505625888705,18.745024333709626,89.8998291015625,449.4991455078125
