epoch,startPos,prefixLength,learnRate,MSE,MAE,RMSE,meanLoss,totalLoss
115,1,mix,0.005,415.9265455708753,17.232963408484604,20.394277275031722,17.62333323543233,2343.9033203125
115,1,1,0.005,416.41747725296864,17.247168595592182,20.406309741179776,17.62333323543233,2343.9033203125
115,1,2,0.005,289.97917011173905,11.915638257921845,17.028774768366016,21.11624612894144,2343.9033203125
115,1,3,0.005,445.7793603729042,13.531449409709735,21.113487641147877,54.509379542151166,2343.9033203125
115,1,4,0.005,230.45692853093146,8.924658889323473,15.180807901127379,123.36333264802632,2343.9033203125
115,1,5,0.005,375.9444951785521,12.499785283580422,19.3892881555397,468.7806640625,2343.9033203125
