epoch,startPos,prefixLength,learnRate,MSE,MAE,RMSE,meanLoss,totalLoss
39,2,mix,0.0099,329.20131968733494,8.153795587165016,18.143905855337074,8.501601895419034,935.1762084960938
39,2,2,0.0099,342.88167885066775,8.450767350715719,18.51706453114715,8.501601895419034,935.1762084960938
39,2,3,0.0099,450.9628901984442,10.825333064930005,21.235886847467526,21.74828391851381,935.1762084960938
39,2,4,0.0099,293.061459734821,7.967972964048386,17.11903793251306,49.21980044716283,935.1762084960938
39,2,5,0.0099,126.50593812384272,3.7493873117491603,11.247485857908101,187.03524169921874,935.1762084960938
