epoch,startPos,prefixLength,learnRate,MSE,MAE,RMSE,meanLoss,totalLoss
398,3,mix,0.00670000000000001,596.1533739996402,19.70392692547578,24.41625225131081,21.21299072265625,1060.6495361328125
398,3,3,0.00670000000000001,592.2736832044721,19.62928407925826,24.33667362653475,21.21299072265625,1060.6495361328125
398,3,4,0.00670000000000001,548.6133565813656,18.62536401748657,23.422496805024128,55.823659796463815,1060.6495361328125
