epoch,startPos,prefixLength,learnRate,MSE,MAE,RMSE,meanLoss,totalLoss
343,2,mix,0.00830000000000001,356.3263096792485,8.4736160789099,18.876607472722647,8.451983477618244,938.170166015625
343,2,2,0.00830000000000001,356.0462566922539,8.46088638584371,18.869188024190493,8.451983477618244,938.170166015625
343,2,3,0.00830000000000001,510.6887204585915,11.503400963815777,22.598422963972318,21.817910837572676,938.170166015625
343,2,4,0.00830000000000001,265.8705261435641,7.153873922675848,16.30553667143661,49.3773771587171,938.170166015625
343,2,5,0.00830000000000001,407.9661958420941,11.195561856031418,20.198173081793662,187.634033203125,938.170166015625
