epoch,startPos,prefixLength,learnRate,MSE,MAE,RMSE,meanLoss,totalLoss
397,3,mix,0.008000000000000012,467.19890992927265,10.757427883419124,21.614784521925557,10.682832939680232,459.36181640625
397,3,3,0.008000000000000012,474.9104741188408,10.946298807182096,21.792440756345783,10.682832939680232,459.36181640625
397,3,4,0.008000000000000012,267.40223754563294,6.764708553999663,16.35243827524302,24.176937705592106,459.36181640625
397,3,5,0.008000000000000012,118.2637281399092,4.760260000824928,10.874912787692102,76.560302734375,459.36181640625
