epoch,startPos,prefixLength,learnRate,MSE,MAE,RMSE,meanLoss,totalLoss
26,4,mix,0.0099,356.0241846334579,8.738172677904368,18.86860314473379,7.757650274979441,147.39535522460938
26,4,4,0.0099,362.4244136183625,8.938172915577889,19.037447665544942,7.757650274979441,147.39535522460938
26,4,5,0.0099,175.83659054867286,6.344431601464748,13.260339005797434,29.479071044921874,147.39535522460938
