epoch,startPos,prefixLength,learnRate,MSE,MAE,RMSE,meanLoss,totalLoss
20,1,mix,0.01,178.32735645173932,4.654346223391958,13.353926630461144,4.843294742602657,1002.56201171875
20,1,1,0.01,178.258841060625,4.6567474190919365,13.351361019035663,4.843294742602657,1002.56201171875
20,1,2,0.01,116.8236047405844,2.902982955949697,10.808496877021541,15.190333510890152,1002.56201171875
20,1,3,0.01,77.6443007701731,2.3567665430960005,8.811600352386229,83.54683430989583,1002.56201171875
20,1,4,0.01,101.99011363890347,2.9072465599983843,10.099015478694122,334.1873372395833,1002.56201171875
