epoch,startPos,prefixLength,learnRate,MSE,MAE,RMSE,meanLoss,totalLoss
92,3,mix,0.009300000000000004,467.8960070945241,10.691450120034544,21.63090398237032,10.796868612599928,464.2653503417969
92,3,3,0.009300000000000004,457.6897022750288,10.484085503626954,21.39368370045301,10.796868612599928,464.2653503417969
92,3,4,0.009300000000000004,300.5256441036118,8.010605677217246,17.33567547295495,24.43501843904194,464.2653503417969
92,3,5,0.009300000000000004,130.64839311255741,3.212767781689763,11.430152803552428,92.85307006835937,464.2653503417969
