epoch,startPos,prefixLength,learnRate,MSE,MAE,RMSE,meanLoss,totalLoss
202,4,mix,0.009000000000000006,265.8236303128325,7.154466135054827,16.304098574065126,7.842363859477796,149.00491333007812
202,4,4,0.009000000000000006,265.8236303351928,7.154466136544943,16.304098574750853,7.842363859477796,149.00491333007812
202,4,5,0.009000000000000006,407.9048691643778,11.196280471980572,20.19665490036352,29.800982666015624,149.00491333007812
