epoch,startPos,prefixLength,learnRate,MSE,MAE,RMSE,meanLoss,totalLoss
277,2,mix,0.007900000000000013,654.5140351989338,20.341186898095266,25.583471914478963,19.37546866280692,542.5131225585938
277,2,2,0.007900000000000013,655.4523343058819,20.410338086741312,25.60180334089538,19.37546866280692,542.5131225585938
277,2,3,0.007900000000000013,557.2780750129482,18.88880491256714,23.606737915539032,180.83770751953125,542.5131225585938
277,2,4,0.007900000000000013,361.4609691555754,18.73205703496933,19.012126897208933,542.5131225585938,542.5131225585938
