epoch,startPos,prefixLength,learnRate,MSE,MAE,RMSE,meanLoss,totalLoss
353,2,mix,0.007300000000000011,647.3066127790286,20.187460141522543,25.44222106615357,19.262706211635045,539.3557739257812
353,2,2,0.007300000000000011,649.8697939546274,20.26091072389058,25.49254388943221,19.262706211635045,539.3557739257812
353,2,3,0.007300000000000011,593.1014618360721,19.10997897386551,24.353674503780166,179.7852579752604,539.3557739257812
353,2,4,0.007300000000000011,330.1667552925494,17.81877452135086,18.170491333273006,539.3557739257812,539.3557739257812
