epoch,startPos,prefixLength,learnRate,MSE,MAE,RMSE,meanLoss,totalLoss
131,3,mix,0.009400000000000004,480.50781396708885,11.011505758559162,21.920488451836306,10.526193308275799,452.6263122558594
131,3,3,0.009400000000000004,471.9127209688195,10.822720885276794,21.723552218014888,10.526193308275799,452.6263122558594
131,3,4,0.009400000000000004,289.571046858927,7.181591744720936,17.016787207311697,23.822437487150495,452.6263122558594
131,3,5,0.009400000000000004,73.08539218984424,2.465270323678851,8.54899948472593,75.43771870930989,452.6263122558594
