epoch,startPos,prefixLength,learnRate,MSE,MAE,RMSE,meanLoss,totalLoss
284,3,mix,0.007700000000000012,668.4455748907343,21.36728594853328,25.854314434746367,20.9794091796875,1048.970458984375
284,3,3,0.007700000000000012,667.2986733566213,21.40342294252836,25.83212483239854,20.9794091796875,1048.970458984375
284,3,4,0.007700000000000012,563.8941845774146,18.995292687416075,23.74645625303731,55.20897152549342,1048.970458984375
