epoch,startPos,prefixLength,learnRate,MSE,MAE,RMSE,meanLoss,totalLoss
425,3,mix,0.006400000000000009,546.2297966784865,17.39449506998062,23.37155956881112,20.361031850179035,61.08309555053711
425,3,3,0.006400000000000009,563.5638860015506,16.89948844909668,23.73950054237769,20.361031850179035,61.08309555053711
425,3,4,0.006400000000000009,282.3631580601432,13.416338801383972,16.803665018683965,61.08309555053711,61.08309555053711
