epoch,startPos,prefixLength,learnRate,MSE,MAE,RMSE,meanLoss,totalLoss
341,3,mix,0.007200000000000011,604.5039624520189,19.917161162082966,24.586662287753068,21.23717041015625,1061.8585205078125
341,3,3,0.007200000000000011,596.6434283063564,19.7512861261001,24.426285601915744,21.23717041015625,1061.8585205078125
341,3,4,0.007200000000000011,562.2159095156563,18.997783279418947,23.711092541586023,55.88729055304276,1061.8585205078125
