epoch,startPos,prefixLength,learnRate,MSE,MAE,RMSE,meanLoss,totalLoss
248,2,mix,0.008100000000000012,305.19532534206763,7.536878754318293,17.469840449817156,8.668813344594595,962.23828125
248,2,2,0.008100000000000012,305.43749991533247,7.539792767193701,17.476770294174276,8.668813344594595,962.23828125
248,2,3,0.008100000000000012,482.5274808846698,11.046804199672557,21.966508163216787,22.377634447674417,962.23828125
248,2,4,0.008100000000000012,309.8980653849136,7.694080857932567,17.603921875108217,50.64412006578947,962.23828125
