epoch,startPos,prefixLength,learnRate,MSE,MAE,RMSE,meanLoss,totalLoss
97,2,mix,0.009600000000000003,359.8678243472354,8.581445130209127,18.97018250695642,8.398815807995495,932.2685546875
97,2,2,0.009600000000000003,360.4900367817302,8.575767274118132,18.986575172519405,8.398815807995495,932.2685546875
97,2,3,0.009600000000000003,472.2842580663773,11.261371668597514,21.7321020167488,21.6806640625,932.2685546875
97,2,4,0.009600000000000003,285.5174147288709,7.519831496104598,16.89726056876886,49.06676603618421,932.2685546875
97,2,5,0.009600000000000003,72.62441222228482,2.5479403315111995,8.521995788680304,155.37809244791666,932.2685546875
