epoch,startPos,prefixLength,learnRate,MSE,MAE,RMSE,meanLoss,totalLoss
419,2,mix,0.007900000000000013,355.90325951830357,8.4914644446086,18.865398472290575,8.412525073902026,933.790283203125
419,2,2,0.007900000000000013,356.15686285150224,8.46485264585526,18.872118663560332,8.412525073902026,933.790283203125
419,2,3,0.007900000000000013,509.32067621727276,11.461501515724443,22.56813408807367,21.716053097747093,933.790283203125
419,2,4,0.007900000000000013,265.82806791984143,7.1543501108884815,16.304234662192563,49.14685701069079,933.790283203125
419,2,5,0.007900000000000013,351.51092942674023,9.711826277896762,18.74862473427692,186.758056640625,933.790283203125
