epoch,startPos,prefixLength,learnRate,MSE,MAE,RMSE,meanLoss,totalLoss
182,4,mix,0.008600000000000009,300.88011197290865,8.075580576062203,17.34589611328595,7.9163368626644735,150.410400390625
182,4,4,0.008600000000000009,294.7148189087915,7.864578537642956,17.167260087410323,7.9163368626644735,150.410400390625
182,4,5,0.008600000000000009,130.654442508897,3.212060308083892,11.430417424962966,30.082080078125,150.410400390625
