epoch,startPos,prefixLength,learnRate,MSE,MAE,RMSE,meanLoss,totalLoss
196,1,mix,0.0003999999999999998,790.9413165294039,22.176634547611076,28.123678929496474,21.308231353759766,4091.180419921875
196,1,1,0.0003999999999999998,792.0343360584784,22.18520833303531,28.14310459168424,21.308231353759766,4091.180419921875
196,1,2,0.0003999999999999998,1360.7597455198602,30.100309887353113,36.88847713744578,30.76075503700658,4091.180419921875
196,1,3,0.0003999999999999998,1709.9244661491857,36.04719635614982,41.35123294593748,81.8236083984375,4091.180419921875
196,1,4,0.0003999999999999998,2141.2666933039764,42.30084104537964,46.27382298129231,215.32528525904604,4091.180419921875
