epoch,startPos,prefixLength,learnRate,MSE,MAE,RMSE,meanLoss,totalLoss
316,3,mix,0.007500000000000012,505.26744899610804,11.356395913880657,22.478154928643676,10.48843738644622,451.0028076171875
316,3,3,0.007500000000000012,502.47886048005074,11.27274279262532,22.41604024978655,10.48843738644622,451.0028076171875
316,3,4,0.007500000000000012,302.7303492502581,7.790788449719548,17.39914794609949,23.736989874588815,451.0028076171875
316,3,5,0.007500000000000012,174.67543738616638,5.857940126210451,13.216483548439289,90.2005615234375,451.0028076171875
