epoch,startPos,prefixLength,learnRate,MSE,MAE,RMSE,meanLoss,totalLoss
54,2,mix,0.009700000000000002,332.188443765205,8.208545148705266,18.22603752232517,8.48344560102983,933.1790161132812
54,2,2,0.009700000000000002,330.204195082686,8.140393112120885,18.171521540110117,8.48344560102983,933.1790161132812
54,2,3,0.009700000000000002,495.8677447729114,11.457151708955115,22.26808803586225,21.701837584029796,933.1790161132812
54,2,4,0.009700000000000002,359.2084820981409,8.838070200383664,18.952796155136078,49.11468505859375,933.1790161132812
54,2,5,0.009700000000000002,160.66563163059294,5.6579600647091866,12.675394732732899,186.63580322265625,933.1790161132812
