epoch,startPos,prefixLength,learnRate,MSE,MAE,RMSE,meanLoss,totalLoss
102,4,mix,0.009200000000000005,352.9072939033475,8.642990004271269,18.785826942228216,7.601077431126645,144.42047119140625
102,4,4,0.009200000000000005,352.90729518292784,8.642989031225444,18.785826976285282,7.601077431126645,144.42047119140625
102,4,5,0.009200000000000005,172.11461777474625,6.177370173856616,13.11924608255925,28.88409423828125,144.42047119140625
