epoch,startPos,prefixLength,learnRate,MSE,MAE,RMSE,meanLoss,totalLoss
375,4,mix,0.00690000000000001,677.0282246130847,19.74574265877406,26.01976603686291,19.379567999588815,368.2117919921875
375,4,4,0.00690000000000001,679.390430914991,19.747853537400562,26.065119046629942,19.379567999588815,368.2117919921875
375,4,5,0.00690000000000001,810.9066047947676,21.44857519865036,28.4764219099726,73.6423583984375,368.2117919921875
