epoch,startPos,prefixLength,learnRate,MSE,MAE,RMSE,meanLoss,totalLoss
449,3,mix,0.006300000000000009,49.17923279746468,1.8778512908720586,7.012790656897201,1.6353362401326497,4.906008720397949
449,3,3,0.006300000000000009,58.30459091419394,2.0172587692095476,7.635744293400214,1.6353362401326497,4.906008720397949
449,3,4,0.006300000000000009,14.81234571507144,1.9654881682909036,3.848681035766856,4.906008720397949,4.906008720397949
