epoch,startPos,prefixLength,learnRate,MSE,MAE,RMSE,meanLoss,totalLoss
245,2,mix,0.008100000000000012,352.2037959687771,8.620975762140006,18.767093434220897,8.421650834517045,926.381591796875
245,2,2,0.008100000000000012,349.85210074936737,8.58972526567855,18.70433374246106,8.421650834517045,926.381591796875
245,2,3,0.008100000000000012,512.1397352275868,11.421164245598696,22.63050452879005,21.543757948764537,926.381591796875
245,2,4,0.008100000000000012,305.1485070975576,7.923950421437621,17.468500424980892,48.756925884046055,926.381591796875
245,2,5,0.008100000000000012,177.40840378892543,6.166137975640595,13.319474606339599,185.276318359375,926.381591796875
