epoch,startPos,prefixLength,learnRate,MSE,MAE,RMSE,meanLoss,totalLoss
7,5,mix,0.01,557.6310267749857,18.275621747970582,23.61421238946973,19.66673519736842,373.66796875
7,5,5,0.01,712.6267732759993,23.08331674337387,26.69507020548924,74.73359375,373.66796875
