epoch,startPos,prefixLength,learnRate,MSE,MAE,RMSE,meanLoss,totalLoss
115,1,mix,0.002,440.0479759245311,17.43036570061337,20.977320513462416,17.771254919525376,2363.576904296875
115,1,1,0.002,440.93287246906675,17.446139301878937,20.998401664628354,17.771254919525376,2363.576904296875
115,1,2,0.002,277.3042402217226,14.493472591042519,16.652454480397854,21.487062766335228,2363.576904296875
115,1,3,0.002,364.281706471399,16.228898931633342,19.086165316044998,54.96690475109012,2363.576904296875
115,1,4,0.002,287.0069363825414,14.783932507038116,16.94127906571819,124.39878443667763,2363.576904296875
115,1,5,0.002,164.08242155106842,12.109127067029476,12.809466091569485,472.715380859375,2363.576904296875
