epoch,startPos,prefixLength,learnRate,MSE,MAE,RMSE,meanLoss,totalLoss
482,4,mix,0.005900000000000008,346.34229488379026,8.439571905136109,18.610273906737383,7.804708380448191,148.28945922851562
482,4,4,0.005900000000000008,355.9397926948496,8.739493899047375,18.866366706254006,7.804708380448191,148.28945922851562
482,4,5,0.005900000000000008,194.674444559821,7.2047267109155655,13.952578419769624,29.657891845703126,148.28945922851562
