epoch,startPos,prefixLength,learnRate,MSE,MAE,RMSE,meanLoss,totalLoss
39,1,mix,0.008,420.6392380152115,17.333284178748727,20.509491412885193,17.602513363486842,2341.13427734375
39,1,1,0.008,422.4232574996487,17.36497522534972,20.552937928667248,17.602513363486842,2341.13427734375
39,1,2,0.008,267.9720889800929,11.7156947342945,16.36985305310017,21.28303888494318,2341.13427734375
39,1,3,0.008,383.06739049754907,12.432459437034346,19.57210746183326,54.444983194040695,2341.13427734375
39,1,4,0.008,258.87464814852035,9.693939968943596,16.089581975567928,123.21759354440789,2341.13427734375
39,1,5,0.008,120.59179962121951,5.280269922688603,10.981429762158456,468.22685546875,2341.13427734375
