epoch,startPos,prefixLength,learnRate,MSE,MAE,RMSE,meanLoss,totalLoss
316,3,mix,0.007400000000000012,49.192252460827184,1.9437146108848538,7.013718875234963,1.6759400367736816,5.027820110321045
316,3,3,0.007400000000000012,36.94380247214393,1.4819341705933766,6.078141366581065,1.6759400367736816,5.027820110321045
316,3,4,0.007400000000000012,4.001948103569125,0.6531513935733528,2.000486966608162,5.027820110321045,5.027820110321045
