epoch,startPos,prefixLength,learnRate,MSE,MAE,RMSE,meanLoss,totalLoss
140,1,mix,0.004,439.7837150398415,17.759702118880607,20.971020839240076,17.521153959116543,2330.3134765625
140,1,1,0.004,438.0248733891377,17.73377779926009,20.929043776272668,17.521153959116543,2330.3134765625
140,1,2,0.004,291.4739988165844,12.023039332832452,17.07260960768987,20.993815104166668,2330.3134765625
140,1,3,0.004,405.15833634258246,12.92798841947859,20.128545311139163,54.193336664244185,2330.3134765625
140,1,4,0.004,253.42851360791025,8.989991248399019,15.919438231542916,122.6480777138158,2330.3134765625
140,1,5,0.004,67.25259468924291,4.519744489341974,8.200767932897682,388.3855794270833,2330.3134765625
