epoch,startPos,prefixLength,learnRate,MSE,MAE,RMSE,meanLoss,totalLoss
358,2,mix,0.007100000000000011,330.9980104077346,8.158205538988113,18.193350719637507,8.481767134232955,932.994384765625
358,2,2,0.007100000000000011,330.24076564860883,8.158757719344326,18.172527772674027,8.481767134232955,932.994384765625
358,2,3,0.007100000000000011,493.7669757604081,11.39266650006175,22.220868024458632,21.697543831758722,932.994384765625
358,2,4,0.007100000000000011,352.7844331834756,8.638282181322575,18.782556619999195,49.10496761924342,932.994384765625
358,2,5,0.007100000000000011,160.6847476112887,5.657085973769426,12.676148768900147,186.598876953125,932.994384765625
