epoch,startPos,prefixLength,learnRate,MSE,MAE,RMSE,meanLoss,totalLoss
106,1,mix,0.003,719.0212312539728,21.98115239058222,26.814571248744084,20.437475410296763,2840.80908203125
106,1,1,0.003,720.1007384774741,21.982088306120463,26.834692815038412,20.437475410296763,2840.80908203125
106,1,2,0.003,1040.902393622711,26.20565869978496,32.26301897874269,101.45746721540179,2840.80908203125
106,1,3,0.003,1194.9592184264868,29.912342131137848,34.56818216838263,946.9363606770834,2840.80908203125
106,1,4,0.003,666.1281270282213,19.204640567302704,25.809458092494335,2840.80908203125,2840.80908203125
