epoch,startPos,prefixLength,learnRate,MSE,MAE,RMSE,meanLoss,totalLoss
107,3,mix,0.009200000000000005,36.45841754715712,1.4096566382177116,6.038080617808702,1.6619566281636555,4.985869884490967
107,3,3,0.009200000000000005,37.14471617334355,1.5652068738745584,6.094646517505634,1.6619566281636555,4.985869884490967
107,3,4,0.009200000000000005,0.06604627822668463,0.09282152413652511,0.2569947046666227,4.985869884490967,4.985869884490967
