epoch,startPos,prefixLength,learnRate,MSE,MAE,RMSE,meanLoss,totalLoss
249,2,mix,0.00830000000000001,762.3776455712602,23.079856237944433,27.61118696418646,23.250956370418233,3092.377197265625
249,2,2,0.00830000000000001,765.4968290222703,23.148364774444524,27.667613359707598,23.250956370418233,3092.377197265625
249,2,3,0.00830000000000001,874.1401968120895,24.425458438121357,29.56586201706437,61.8475439453125,3092.377197265625
249,2,4,0.00830000000000001,938.3118356155303,25.555272430181503,30.631876136069927,162.75669459292763,3092.377197265625
249,2,5,0.00830000000000001,980.2301946118671,23.64140310883522,31.30862811769093,515.3961995442709,3092.377197265625
