epoch,startPos,prefixLength,learnRate,MSE,MAE,RMSE,meanLoss,totalLoss
472,3,mix,0.006000000000000008,545.8565086096488,12.373080293055285,23.363572257034,10.238083240597748,440.2375793457031
472,3,3,0.006000000000000008,548.6194115582517,12.428607623346828,23.422626060248916,10.238083240597748,440.2375793457031
472,3,4,0.006000000000000008,311.9924702912359,7.616167668253183,17.663308588462012,23.170398912931745,440.2375793457031
