epoch,startPos,prefixLength,learnRate,MSE,MAE,RMSE,meanLoss,totalLoss
411,3,mix,0.0066000000000000095,35.30035298246958,1.378662631761614,5.941410016357193,1.6271301905314128,4.881390571594238
411,3,3,0.0066000000000000095,49.218084503138165,1.906235625118569,7.015560170302737,1.6271301905314128,4.881390571594238
411,3,4,0.0066000000000000095,4.531176914267817,0.5939361074658223,2.1286561287036987,4.881390571594238,4.881390571594238
