epoch,startPos,prefixLength,learnRate,MSE,MAE,RMSE,meanLoss,totalLoss
298,4,mix,0.00850000000000001,260.99174457442416,6.990935536473989,16.155238920375773,7.8471141614412,149.0951690673828
298,4,4,0.00850000000000001,260.99174457442416,6.990935536473989,16.155238920375773,7.8471141614412,149.0951690673828
298,4,5,0.00850000000000001,106.6770786235928,3.0346837751567364,10.328459644283498,29.819033813476562,149.0951690673828
