epoch,startPos,prefixLength,learnRate,MSE,MAE,RMSE,meanLoss,totalLoss
129,3,mix,0.009100000000000006,350.53367544531244,10.3412481551775,18.722544577201905,9.651676062381629,955.5159301757812
129,3,3,0.009100000000000006,345.6050427629083,10.282170405450206,18.59045569002837,9.651676062381629,955.5159301757812
129,3,4,0.009100000000000006,307.57863771538877,9.568710676882239,17.537919993984143,12.409297794490666,955.5159301757812
