epoch,startPos,prefixLength,learnRate,MSE,MAE,RMSE,meanLoss,totalLoss
115,2,mix,0.009200000000000005,336.4005084854021,9.891552190813753,18.341224290799186,9.272492970135195,1307.4215087890625
115,2,2,0.009200000000000005,334.55245551568345,9.866359929528294,18.290775148027038,9.272492970135195,1307.4215087890625
115,2,3,0.009200000000000005,348.48146841624174,10.22328223943567,18.667658353854716,13.206277866556187,1307.4215087890625
115,2,4,0.009200000000000005,319.98944345451724,9.69012108482864,17.888248753148456,16.97950011414367,1307.4215087890625
