epoch,startPos,prefixLength,learnRate,MSE,MAE,RMSE,meanLoss,totalLoss
115,2,mix,0.009200000000000005,306.3222691799533,7.562853882089257,17.502064711911945,8.611953322951859,955.9268188476562
115,2,2,0.009200000000000005,306.07951611807573,7.560013672070844,17.495128353861134,8.611953322951859,955.9268188476562
115,2,3,0.009200000000000005,474.11649274527554,11.059627562083982,21.77421623722139,22.230856252271074,955.9268188476562
115,2,4,0.009200000000000005,305.75443334767675,7.602766735851764,17.485835220191134,50.31193783408717,955.9268188476562
