epoch,startPos,prefixLength,learnRate,MSE,MAE,RMSE,meanLoss,totalLoss
141,4,mix,0.008900000000000007,303.57182332011666,7.832795042917132,17.423312639108463,7.605596441971628,144.50633239746094
141,4,4,0.008900000000000007,305.67872595839015,7.973255209252239,17.483670265661903,7.605596441971628,144.50633239746094
141,4,5,0.008900000000000007,174.28111028611727,5.792359001934528,13.20155711596618,28.901266479492186,144.50633239746094
