epoch,startPos,prefixLength,learnRate,MSE,MAE,RMSE,meanLoss,totalLoss
77,1,mix,0.005,444.47600806226507,17.486862593979545,21.08259965142499,17.7699589550047,2363.404541015625
77,1,1,0.005,442.4179637728529,17.465415445466835,21.033733947467645,17.7699589550047,2363.404541015625
77,1,2,0.005,277.4909032106305,14.5279338216143,16.658058206484647,21.485495827414773,2363.404541015625
77,1,3,0.005,366.67875385050223,16.317568578503348,19.148857768820108,54.962896302688954,2363.404541015625
77,1,4,0.005,289.60531470294126,14.893516594171524,17.017794061009823,124.38971268503289,2363.404541015625
77,1,5,0.005,165.5780370769004,12.180310651659966,12.867712969945373,472.680908203125,2363.404541015625
