epoch,startPos,prefixLength,learnRate,MSE,MAE,RMSE,meanLoss,totalLoss
83,1,mix,0.007,440.4801277861105,17.774664221769747,20.987618440073433,17.518925487546994,2330.01708984375
83,1,1,0.007,441.3917019046456,17.798080322606598,21.00932416582327,17.518925487546994,2330.01708984375
83,1,2,0.007,291.1061873767981,11.995119736012485,17.061834232485033,20.9911449535473,2330.01708984375
83,1,3,0.007,401.09973548959283,12.835149476473982,20.027474516014067,54.18644394985465,2330.01708984375
83,1,4,0.007,253.1875193240851,8.975427738577128,15.911867248191994,122.63247841282895,2330.01708984375
83,1,5,0.007,67.25554410344195,4.5271865371614695,8.200947756414617,388.336181640625,2330.01708984375
