epoch,startPos,prefixLength,learnRate,MSE,MAE,RMSE,meanLoss,totalLoss
433,3,mix,0.006400000000000009,350.8685059489501,10.301415126591634,18.73148434985733,9.644862319483902,954.8413696289062
433,3,3,0.006400000000000009,344.4743778202189,10.196896572543595,18.560020954196656,9.644862319483902,954.8413696289062
433,3,4,0.006400000000000009,312.1848809088563,9.64011617115743,17.668754367777495,12.400537267907874,954.8413696289062
