epoch,startPos,prefixLength,learnRate,MSE,MAE,RMSE,meanLoss,totalLoss
268,2,mix,0.008700000000000008,364.9145045440983,8.663784404181772,19.10273552515708,8.4038586315808,932.8283081054688
268,2,2,0.008700000000000008,359.03368152994267,8.573274831598004,18.94818412223036,8.4038586315808,932.8283081054688
268,2,3,0.008700000000000008,472.8145080433911,11.210654872892933,21.74429828813501,21.69368158384811,932.8283081054688
268,2,4,0.008700000000000008,288.1325930408965,7.322725100815296,16.974468858874392,49.09622674239309,932.8283081054688
268,2,5,0.008700000000000008,73.09292935758101,2.4642113465815783,8.549440294988965,155.47138468424478,932.8283081054688
