epoch,startPos,prefixLength,learnRate,MSE,MAE,RMSE,meanLoss,totalLoss
378,3,mix,0.008100000000000012,490.4308159194474,11.185668216510253,22.145672622872564,10.647436807321947,457.83978271484375
378,3,3,0.008100000000000012,476.9153653229823,10.880284535275264,21.838392004059784,10.647436807321947,457.83978271484375
378,3,4,0.008100000000000012,288.5995849736365,7.099758771806956,16.988219005347105,24.0968306692023,457.83978271484375
378,3,5,0.008100000000000012,73.2162833863166,2.4464292731136084,8.556651411990359,76.30663045247395,457.83978271484375
