epoch,startPos,prefixLength,learnRate,MSE,MAE,RMSE,meanLoss,totalLoss
82,1,mix,0.007,450.47645312077503,17.707102024160765,21.224430572356354,17.478172359609964,2324.596923828125
82,1,1,0.007,451.8439796707729,17.73546370228424,21.256622019285494,17.478172359609964,2324.596923828125
82,1,2,0.007,299.31032827766046,12.017523797761116,17.300587512499696,21.13269930752841,2324.596923828125
82,1,3,0.007,404.623744682677,12.751488940282302,20.115261486808393,54.06039357739826,2324.596923828125
82,1,4,0.007,248.17407264381094,8.996047337353229,15.753541590506273,122.34720651726974,2324.596923828125
82,1,5,0.007,95.56323796033053,6.2836586851626635,9.775645142921798,387.4328206380208,2324.596923828125
