epoch,startPos,prefixLength,learnRate,MSE,MAE,RMSE,meanLoss,totalLoss
249,2,mix,0.008800000000000007,344.7459135310281,8.35141862421457,18.56733458337594,8.43904323752867,919.855712890625
249,2,2,0.008800000000000007,342.018709704716,8.285153898956446,18.49374785447006,8.43904323752867,919.855712890625
249,2,3,0.008800000000000007,466.5776801062047,10.890515039082278,21.60040925784057,21.39199332303779,919.855712890625
249,2,4,0.008800000000000007,260.9778357805352,6.990022271499038,16.154808441468294,48.41345857319079,919.855712890625
249,2,5,0.008800000000000007,106.68206133998504,3.035510544665158,10.328700854414608,183.971142578125,919.855712890625
