epoch,startPos,prefixLength,learnRate,MSE,MAE,RMSE,meanLoss,totalLoss
20,1,mix,0.01,426.0264504736193,17.24853909365607,20.64040819542141,17.635386072603385,2345.50634765625
20,1,1,0.01,428.06509254086643,17.28072946958921,20.68973398912771,17.635386072603385,2345.50634765625
20,1,2,0.01,276.5540649241014,11.576279697141477,16.629914759977016,21.322784978693182,2345.50634765625
20,1,3,0.01,417.9995351550504,13.001106418669224,20.445036932102873,54.54665924781977,2345.50634765625
20,1,4,0.01,272.3621244579058,9.623756981641055,16.503397361086165,123.44770250822368,2345.50634765625
