epoch,startPos,prefixLength,learnRate,MSE,MAE,RMSE,meanLoss,totalLoss
166,3,mix,0.008700000000000008,77.6581054762388,2.3567263875888784,8.812383643273755,2.3732477823893228,28.478973388671875
166,3,3,0.008700000000000008,77.65815298361557,2.3567290938449332,8.812386338762932,2.3732477823893228,28.478973388671875
166,3,4,0.008700000000000008,101.63190864672944,2.7825239819430863,10.081265230452448,9.492991129557291,28.478973388671875
