epoch,startPos,prefixLength,learnRate,MSE,MAE,RMSE,meanLoss,totalLoss
381,2,mix,0.00690000000000001,347.97922527500674,8.436894301458128,18.65420127679035,8.442815607244318,928.709716796875
381,2,2,0.00690000000000001,349.26033369950966,8.452941044965494,18.688508065105403,8.442815607244318,928.709716796875
381,2,3,0.00690000000000001,541.4516953878581,12.321912103078581,23.269114624064624,21.597900390625,928.709716796875
381,2,4,0.00690000000000001,326.9364881207247,7.923672864958644,18.08138512727177,48.8794587787829,928.709716796875
