epoch,startPos,prefixLength,learnRate,MSE,MAE,RMSE,meanLoss,totalLoss
37,3,mix,0.0099,668.1901134447768,21.56324536525286,25.849373560006764,21.1323291015625,1056.616455078125
37,3,3,0.0099,667.9653329261665,21.559584833108463,25.845025303260325,21.1323291015625,1056.616455078125
37,3,4,0.0099,566.9299356615338,19.500751543045045,23.810290541308685,55.6113923725329,1056.616455078125
