epoch,startPos,prefixLength,learnRate,MSE,MAE,RMSE,meanLoss,totalLoss
334,2,mix,0.007400000000000012,660.1093599744574,20.524387504373276,25.692593484785796,19.513916015625,546.3896484375
334,2,2,0.007400000000000012,656.8273509173114,20.468223128999984,25.62864317355313,19.513916015625,546.3896484375
334,2,3,0.007400000000000012,557.9255331067923,18.93939846754074,23.620447351961655,182.1298828125,546.3896484375
334,2,4,0.007400000000000012,373.48671048769893,18.924121499061584,19.325804264963953,546.3896484375,546.3896484375
