epoch,startPos,prefixLength,learnRate,MSE,MAE,RMSE,meanLoss,totalLoss
340,3,mix,0.007200000000000011,773.3915407686072,22.62024211883545,27.809918028800574,20.87902099609375,1043.9510498046875
340,3,3,0.007200000000000011,785.5276736326693,22.70247836754872,28.02726661008293,20.87902099609375,1043.9510498046875
340,3,4,0.007200000000000011,688.2132594250015,21.711246919631957,26.233819001910522,54.944792094983555,1043.9510498046875
340,3,5,0.007200000000000011,721.3181965072936,23.80373239517212,26.85736763920272,173.9918416341146,1043.9510498046875
