epoch,startPos,prefixLength,learnRate,MSE,MAE,RMSE,meanLoss,totalLoss
281,3,mix,0.007700000000000012,672.9792171409164,21.133177303350887,25.94184297888098,21.43944091796875,1071.9720458984375
281,3,3,0.007700000000000012,675.1416027896717,21.030467143425575,25.983487117584346,21.43944091796875,1071.9720458984375
281,3,4,0.007700000000000012,645.4354973590625,21.07147761583328,25.4054225975295,56.41958136307566,1071.9720458984375
281,3,5,0.007700000000000012,1274.5894792982886,32.88448503613472,35.7013932402965,214.3944091796875,1071.9720458984375
