epoch,startPos,prefixLength,learnRate,MSE,MAE,RMSE,meanLoss,totalLoss
300,3,mix,0.007600000000000012,347.18394831429356,10.27174335796959,18.632872787476803,9.647490530303031,955.1015625
300,3,3,0.007600000000000012,344.2688506670132,10.170290933259261,18.554483303692756,9.647490530303031,955.1015625
300,3,4,0.007600000000000012,314.33294766044185,9.726202281236294,17.729437319341013,12.403916396103897,955.1015625
