epoch,startPos,prefixLength,learnRate,MSE,MAE,RMSE,meanLoss,totalLoss
211,2,mix,0.008600000000000009,764.6858451587738,23.137288248714277,27.65295364258172,23.254526697603385,3092.85205078125
211,2,2,0.008600000000000009,763.897859370052,23.12195560511421,27.638702201262127,23.254526697603385,3092.85205078125
211,2,3,0.008600000000000009,898.5264179928611,24.764515961592014,29.97543023866148,61.857041015625,3092.85205078125
211,2,4,0.008600000000000009,953.2223315549916,25.89066613316536,30.87429888361826,162.78168688322367,3092.85205078125
211,2,5,0.008600000000000009,973.7818302041312,23.821618527173996,31.205477567313903,515.475341796875,3092.85205078125
