epoch,startPos,prefixLength,learnRate,MSE,MAE,RMSE,meanLoss,totalLoss
19,2,mix,0.01,417.0452386521945,17.265535743060436,20.421685499786605,17.619696825070488,2343.419677734375
19,2,2,0.01,285.89619894681164,11.84428006714141,16.9084653043028,21.111888988597972,2343.419677734375
19,2,3,0.01,442.43520871211604,13.491192486475814,21.034143878753802,54.498132040334305,2343.419677734375
19,2,4,0.01,230.4458021825054,8.925511425733566,15.180441435693014,123.33787777549342,2343.419677734375
19,2,5,0.01,317.50588959856475,10.962416345253587,17.818694946560054,468.683935546875,2343.419677734375
