epoch,startPos,prefixLength,learnRate,MSE,MAE,RMSE,meanLoss,totalLoss
169,2,mix,0.008700000000000008,348.0535343712367,8.57491364935413,18.656192922759903,8.433303000710227,927.663330078125
169,2,2,0.008700000000000008,348.7293277305216,8.59556342468464,18.67429590990037,8.433303000710227,927.663330078125
169,2,3,0.008700000000000008,502.8834180744963,11.26064691099931,22.42506227582203,21.573565815770348,927.663330078125
169,2,4,0.008700000000000008,303.72016517852,7.828814159706235,17.42756911271678,48.82438579358553,927.663330078125
169,2,5,0.008700000000000008,175.8910541311614,5.97725173458457,13.262392473877457,185.532666015625,927.663330078125
