epoch,startPos,prefixLength,learnRate,MSE,MAE,RMSE,meanLoss,totalLoss
27,5,mix,0.0099,671.0292323078766,22.019580245018005,25.904231938196443,21.013238525390626,105.06619262695312
27,5,5,0.0099,674.2532400551977,22.09378832578659,25.966386734684473,21.013238525390626,105.06619262695312
