epoch,startPos,prefixLength,learnRate,MSE,MAE,RMSE,meanLoss,totalLoss
288,2,mix,0.007700000000000012,790.7584250801314,23.602645626573853,28.120427185235492,23.12001989837876,3074.962646484375
288,2,2,0.007700000000000012,790.3624308732217,23.588673987171866,28.113385261708018,23.12001989837876,3074.962646484375
288,2,3,0.007700000000000012,716.5764608914701,22.655997789823093,26.76894583078441,61.4992529296875,3074.962646484375
288,2,4,0.007700000000000012,670.1914078052996,22.243386888504027,25.88805531138443,161.84013928865133,3074.962646484375
