epoch,startPos,prefixLength,learnRate,MSE,MAE,RMSE,meanLoss,totalLoss
118,1,mix,0.005,438.0875257941408,17.4759435372032,20.93054050410884,17.548027784304512,2333.8876953125
118,1,1,0.005,439.1975555935455,17.498926673761822,20.957040716512086,17.548027784304512,2333.8876953125
118,1,2,0.005,277.791361656255,11.39319835397704,16.667074178039016,21.411813718463304,2333.8876953125
118,1,3,0.005,387.4243469429611,12.411110182716088,19.683098001660234,54.27645803052326,2333.8876953125
118,1,4,0.005,227.9136201827699,8.677278559654951,15.09680827800267,122.83619449013158,2333.8876953125
118,1,5,0.005,97.82571030687012,4.829914623871446,9.89068806033585,466.7775390625,2333.8876953125
