epoch,startPos,prefixLength,learnRate,MSE,MAE,RMSE,meanLoss,totalLoss
452,3,mix,0.0062000000000000085,354.15212250818826,10.367717674772184,18.818929898062436,9.650589143386995,955.4083251953125
452,3,3,0.0062000000000000085,343.14113895990107,10.155452261177393,18.524069179311038,9.650589143386995,955.4083251953125
452,3,4,0.0062000000000000085,309.34628387346146,9.608265003255967,17.588242773894766,12.40790032721185,955.4083251953125
