epoch,startPos,prefixLength,learnRate,MSE,MAE,RMSE,meanLoss,totalLoss
72,3,mix,0.009600000000000003,673.5190563202335,21.104431377007412,25.95224568934707,21.587685546875,1079.38427734375
72,3,3,0.009600000000000003,677.4986161201537,21.174290377360123,26.028803586030488,21.587685546875,1079.38427734375
72,3,4,0.009600000000000003,666.4575798210151,21.524706733226775,25.815839707842454,56.80969880756579,1079.38427734375
72,3,5,0.009600000000000003,1318.0740164105164,33.40758141875267,36.30528909691419,215.87685546875,1079.38427734375
