epoch,startPos,prefixLength,learnRate,MSE,MAE,RMSE,meanLoss,totalLoss
468,4,mix,0.007600000000000012,265.8271299475092,7.15433000177145,16.304205897482685,7.787283646432977,147.95838928222656
468,4,4,0.007600000000000012,265.66579442501785,7.151287186145782,16.299257480787823,7.787283646432977,147.95838928222656
468,4,5,0.007600000000000012,419.1903389627852,11.492985194548965,20.474138295976832,29.591677856445312,147.95838928222656
