epoch,startPos,prefixLength,learnRate,MSE,MAE,RMSE,meanLoss,totalLoss
15,3,mix,0.01,352.78884636630863,8.408714574796182,18.78267410051904,8.392803020305461,931.6011352539062
15,3,3,0.01,514.3608936528459,11.54482526230541,22.679525869225,21.665142680323402,931.6011352539062
15,3,4,0.01,265.8763631082238,7.154282549023629,16.305715657652804,49.03163869757401,931.6011352539062
15,3,5,0.01,351.56797300257796,9.711633671075106,18.750145946167404,186.32022705078126,931.6011352539062
