epoch,startPos,prefixLength,learnRate,MSE,MAE,RMSE,meanLoss,totalLoss
383,2,mix,0.00690000000000001,792.3827123474591,23.586509569124743,28.149293283268396,23.100780515742482,3072.40380859375
383,2,2,0.00690000000000001,792.9154786110967,23.635379688306287,28.158754919404668,23.100780515742482,3072.40380859375
383,2,3,0.00690000000000001,707.0143088703467,22.343720408586357,26.589740669482783,61.448076171875,3072.40380859375
383,2,4,0.00690000000000001,626.4921199667053,21.367569255828858,25.02982460918784,161.70546361019737,3072.40380859375
