epoch,startPos,prefixLength,learnRate,MSE,MAE,RMSE,meanLoss,totalLoss
220,2,mix,0.00840000000000001,654.863889148972,20.402514151164464,25.590308500465014,19.33880397251674,541.4865112304688
220,2,2,0.00840000000000001,654.3342464710587,20.386160458837235,25.579957905967294,19.33880397251674,541.4865112304688
220,2,3,0.00840000000000001,542.3022735501654,18.75387477874756,23.2873844291317,180.4955037434896,541.4865112304688
220,2,4,0.00840000000000001,369.18740726424585,18.997947454452515,19.214250109339314,541.4865112304688,541.4865112304688
