epoch,startPos,prefixLength,learnRate,MSE,MAE,RMSE,meanLoss,totalLoss
154,2,mix,0.009300000000000004,358.9029218837054,8.544632568679473,18.944733354779775,8.38567895287866,930.8103637695312
154,2,2,0.009300000000000004,358.844004432291,8.55706277669028,18.94317830862316,8.38567895287866,930.8103637695312
154,2,3,0.009300000000000004,459.422157400907,11.01400794647634,21.434135331309893,21.64675264580305,930.8103637695312
154,2,4,0.009300000000000004,288.03765696529433,7.582921686396003,16.971672191192425,48.990019145764805,930.8103637695312
154,2,5,0.009300000000000004,72.6504942311706,2.5402956064790487,8.52352592717184,155.13506062825522,930.8103637695312
