epoch,startPos,prefixLength,learnRate,MSE,MAE,RMSE,meanLoss,totalLoss
155,2,mix,0.008900000000000007,787.9896156751645,23.61119850566893,28.071152731499367,23.12545156837406,3075.68505859375
155,2,2,0.008900000000000007,791.7329088516003,23.677422859451987,28.137748823450682,23.12545156837406,3075.68505859375
155,2,3,0.008900000000000007,717.3185642028965,22.72815884535129,26.782803516489764,61.513701171875,3075.68505859375
155,2,4,0.008900000000000007,686.6079210277719,22.673322784900666,26.203204403808552,161.8781609786184,3075.68505859375
