epoch,startPos,prefixLength,learnRate,MSE,MAE,RMSE,meanLoss,totalLoss
192,2,mix,0.008800000000000007,763.3133477173034,23.095431219129,27.628126026158622,23.25570701656485,3093.009033203125
192,2,2,0.008800000000000007,764.2966744956453,23.148910527720172,27.645916054557595,23.25570701656485,3093.009033203125
192,2,3,0.008800000000000007,858.3796799017756,24.26271632542977,29.298117343982625,61.8601806640625,3093.009033203125
192,2,4,0.008800000000000007,955.4902038596458,25.88293707370758,30.911004575387803,162.78994911595396,3093.009033203125
192,2,5,0.008800000000000007,970.8190145501454,23.493730455636978,31.1579687166886,515.5015055338541,3093.009033203125
