epoch,startPos,prefixLength,learnRate,MSE,MAE,RMSE,meanLoss,totalLoss
177,1,mix,0.0005999999999999998,790.4191627220408,22.16323400909702,28.114394226481934,21.302711486816406,4090.12060546875
177,1,1,0.0005999999999999998,788.9525021944384,22.139952750255663,28.088298314323676,21.302711486816406,4090.12060546875
177,1,2,0.0005999999999999998,1352.8343710243273,29.95628877948312,36.780896821914595,30.752786507283833,4090.12060546875
177,1,3,0.0005999999999999998,1750.640916176436,36.60623908501405,41.840661038951524,81.802412109375,4090.12060546875
177,1,4,0.0005999999999999998,2144.099151250586,42.338343906402585,46.30441826921688,215.26950555098685,4090.12060546875
