epoch,startPos,prefixLength,learnRate,MSE,MAE,RMSE,meanLoss,totalLoss
183,3,mix,0.00850000000000001,501.3904715330536,11.580025231296366,22.391750077496255,10.656034957530887,458.2095031738281
183,3,3,0.00850000000000001,497.6236165731583,11.506165270439602,22.307478938086174,10.656034957530887,458.2095031738281
183,3,4,0.00850000000000001,349.5903993805947,8.538133931159972,18.6973366921761,24.116289640727796,458.2095031738281
183,3,5,0.00850000000000001,168.25009089977252,6.000633077695966,12.971125275001105,91.64190063476562,458.2095031738281
