epoch,startPos,prefixLength,learnRate,MSE,MAE,RMSE,meanLoss,totalLoss
78,2,mix,0.009700000000000002,345.6483898110839,8.351835213023527,18.59162149493916,8.44519882902093,920.5266723632812
78,2,2,0.009700000000000002,340.04148479300943,8.239728668062337,18.44021379466652,8.44519882902093,920.5266723632812
78,2,3,0.009700000000000002,447.06279716679825,10.775798518041318,21.143859561745067,21.407597031704213,920.5266723632812
78,2,4,0.009700000000000002,253.9092491422967,7.264213698729873,15.934530088530904,48.44877222964638,920.5266723632812
78,2,5,0.009700000000000002,105.07816678949658,3.2311397464945912,10.25076420514571,184.10533447265624,920.5266723632812
