epoch,startPos,prefixLength,learnRate,MSE,MAE,RMSE,meanLoss,totalLoss
224,3,mix,0.008200000000000011,344.6181408977745,10.182943204095444,18.563893473562448,9.654404148910984,955.7860107421875
224,3,3,0.008200000000000011,336.7837821672123,10.079459971121441,18.35166973785253,9.654404148910984,955.7860107421875
224,3,4,0.008200000000000011,311.34030578093876,9.59677902318626,17.644837935808273,12.412805334314124,955.7860107421875
