epoch,startPos,prefixLength,learnRate,MSE,MAE,RMSE,meanLoss,totalLoss
486,2,mix,0.006100000000000008,653.4935126687512,20.33625274045127,25.56351917613753,19.224299839564733,538.2803955078125
486,2,2,0.006100000000000008,651.7791334293368,20.27412348134177,25.529965402039554,19.224299839564733,538.2803955078125
486,2,3,0.006100000000000008,545.9319319932338,18.648507475852966,23.365186324813113,179.42679850260416,538.2803955078125
486,2,4,0.006100000000000008,368.5405281006415,18.908992648124695,19.197409411184665,538.2803955078125,538.2803955078125
