epoch,startPos,prefixLength,learnRate,MSE,MAE,RMSE,meanLoss,totalLoss
78,1,mix,0.005,438.25229727701065,17.492771034778066,20.93447628380062,17.78145192081767,2364.93310546875
78,1,1,0.005,438.2438316678375,17.490439519399043,20.93427408982307,17.78145192081767,2364.93310546875
78,1,2,0.005,263.6073898015332,14.233492601396781,16.235990570382,21.30570365287162,2364.93310546875
78,1,3,0.005,384.5290300005347,16.54109778593887,19.60941177089549,54.99844431322674,2364.93310546875
78,1,4,0.005,244.1493746827504,14.047810023277998,15.62527998733944,124.47016344572368,2364.93310546875
78,1,5,0.005,153.71581827140827,11.811621192842722,12.398218350690888,472.98662109375,2364.93310546875
