epoch,startPos,prefixLength,learnRate,MSE,MAE,RMSE,meanLoss,totalLoss
134,2,mix,0.009100000000000006,84.94722394050345,2.551063078601885,9.21668182918904,2.4798787434895835,66.95672607421875
134,2,2,0.009100000000000006,84.94724625254953,2.5510578620617252,9.216683039605384,2.4798787434895835,66.95672607421875
134,2,3,0.009100000000000006,50.607521240580674,2.015946543726841,7.113896347331797,22.31890869140625,66.95672607421875
134,2,4,0.009100000000000006,2.2979482737425228e-07,0.0004792686313521699,0.0004793691973565388,66.95672607421875,66.95672607421875
