epoch,startPos,prefixLength,learnRate,MSE,MAE,RMSE,meanLoss,totalLoss
39,1,mix,0.008,211.8402235007669,5.094195885940335,14.554731996871908,4.605777597068844,612.5684204101562
39,1,1,0.008,211.84008076014504,5.094194376287608,14.55472709328983,4.605777597068844,612.5684204101562
39,1,2,0.008,80.9816220200493,2.39952414031427,8.998978943194016,22.68771927445023,612.5684204101562
39,1,3,0.008,38.292781385735125,1.547960773421437,6.188116141907416,204.1894734700521,612.5684204101562
39,1,4,0.008,1.7972851127545843e-06,0.0013386621831159573,0.0013406286259641722,612.5684204101562,612.5684204101562
