epoch,startPos,prefixLength,learnRate,MSE,MAE,RMSE,meanLoss,totalLoss
449,4,mix,0.007700000000000012,265.85813999104334,7.153175226598978,16.305156852696737,7.765430651212993,147.54318237304688
449,4,4,0.007700000000000012,265.85813999104334,7.153175226598978,16.305156852696737,7.765430651212993,147.54318237304688
449,4,5,0.007700000000000012,419.24014986376517,11.492295639589429,20.475354694455604,29.508636474609375,147.54318237304688
