epoch,startPos,prefixLength,learnRate,MSE,MAE,RMSE,meanLoss,totalLoss
262,3,mix,0.007900000000000013,695.9717925015541,21.30041426878709,26.381277309894493,21.4893212890625,1074.466064453125
262,3,3,0.007900000000000013,689.3581082666012,21.29457652568817,26.25563002989266,21.4893212890625,1074.466064453125
262,3,4,0.007900000000000013,648.4995700380439,21.286869883537292,25.46565471449819,56.5508454975329,1074.466064453125
262,3,5,0.007900000000000013,1264.0660474214164,32.73544704914093,35.55370652156279,214.893212890625,1074.466064453125
