epoch,startPos,prefixLength,learnRate,MSE,MAE,RMSE,meanLoss,totalLoss
101,1,mix,0.003,792.324817705257,22.166213637838762,28.148264914648948,21.312511444091797,4092.002197265625
101,1,1,0.003,790.3234871240171,22.137671381235123,28.112692633826754,21.312511444091797,4092.002197265625
101,1,2,0.003,1350.9267742833065,30.000297646312152,36.75495577855191,30.766933814027254,4092.002197265625
101,1,3,0.003,1739.0678442412054,36.4033337693948,41.70213237043407,81.8400439453125,4092.002197265625
101,1,4,0.003,2184.8541513926057,42.73388673067093,46.742423465120055,215.36853669819078,4092.002197265625
