epoch,startPos,prefixLength,learnRate,MSE,MAE,RMSE,meanLoss,totalLoss
44,1,mix,0.009000000000000001,447.9977981953617,17.692688610185595,21.165958475707207,17.47651477326128,2324.37646484375
44,1,1,0.009000000000000001,450.7866832224839,17.77100878274616,21.231737640204674,17.47651477326128,2324.37646484375
44,1,2,0.009000000000000001,296.89185826158183,11.998770252136248,17.23055014390376,21.13069513494318,2324.37646484375
44,1,3,0.009000000000000001,399.53469252259436,12.666177821430294,19.988363928110633,54.05526662427326,2324.37646484375
44,1,4,0.009000000000000001,241.14780164430982,8.872638899832964,15.528934337046758,122.33560341282895,2324.37646484375
44,1,5,0.009000000000000001,95.37103426174777,6.295628301799297,9.765809452459523,387.3960774739583,2324.37646484375
