epoch,startPos,prefixLength,learnRate,MSE,MAE,RMSE,meanLoss,totalLoss
167,3,mix,0.008700000000000008,666.2357666655055,21.300364498908703,25.811543283296825,21.5219580078125,1076.097900390625
167,3,3,0.008700000000000008,667.0713708814975,21.347618401050568,25.82772484911316,21.5219580078125,1076.097900390625
167,3,4,0.008700000000000008,655.3305496516601,22.053386092185974,25.599424791421782,56.63673159950658,1076.097900390625
167,3,5,0.008700000000000008,935.63225350832,27.526028752326965,30.588106406057893,215.219580078125,1076.097900390625
