epoch,startPos,prefixLength,learnRate,MSE,MAE,RMSE,meanLoss,totalLoss
204,3,mix,0.00840000000000001,77.65520344354476,2.3560980321872194,8.81221898522414,2.373249371846517,28.478992462158203
204,3,3,0.00840000000000001,77.65520788835947,2.3560951954714255,8.812219237420246,2.373249371846517,28.478992462158203
204,3,4,0.00840000000000001,101.62846515499149,2.781880302065474,10.081094442320808,9.492997487386068,28.478992462158203
