epoch,startPos,prefixLength,learnRate,MSE,MAE,RMSE,meanLoss,totalLoss
435,2,mix,0.006400000000000009,348.24089905952394,8.564784368699682,18.661213761690956,8.439574640447443,928.3532104492188
435,2,2,0.006400000000000009,349.16440472303344,8.577709549040135,18.68594136571753,8.439574640447443,928.3532104492188
435,2,3,0.006400000000000009,504.6506190409719,11.310094289058311,22.46443008493587,21.589609545330667,928.3532104492188
435,2,4,0.006400000000000009,302.96975812687066,7.782510547339916,17.40602648874437,48.86069528680099,928.3532104492188
435,2,5,0.006400000000000009,173.85595805172937,5.727478625252843,13.18544493188339,185.67064208984374,928.3532104492188
