epoch,startPos,prefixLength,learnRate,MSE,MAE,RMSE,meanLoss,totalLoss
343,2,mix,0.007200000000000011,307.7305770482467,7.59945698561413,17.54225119670354,8.660425134607264,961.3071899414062
343,2,2,0.007200000000000011,305.8547004021992,7.553826774403985,17.488702078833615,8.660425134607264,961.3071899414062
343,2,3,0.007200000000000011,479.33272302028945,10.854614403437484,21.893668560117774,22.35598116142805,961.3071899414062
343,2,4,0.007200000000000011,298.53610344534684,7.360126492753625,17.278197343627802,50.59511526007401,961.3071899414062
