epoch,startPos,prefixLength,learnRate,MSE,MAE,RMSE,meanLoss,totalLoss
454,3,mix,0.007700000000000012,465.85025687892613,10.876548844643615,21.583564508183677,10.433695948401162,448.64892578125
454,3,3,0.007700000000000012,447.4740988657182,10.426271500573916,21.15358359393789,10.433695948401162,448.64892578125
454,3,4,0.007700000000000012,260.93997251582675,6.98777159973979,16.153636510576394,23.613101356907894,448.64892578125
454,3,5,0.007700000000000012,106.65963836528314,3.031812319532037,10.32761532810373,89.72978515625,448.64892578125
