epoch,startPos,prefixLength,learnRate,MSE,MAE,RMSE,meanLoss,totalLoss
303,3,mix,0.007600000000000012,670.5087175189334,21.50768102132357,25.894183082671933,21.09252197265625,1054.6260986328125
303,3,3,0.007600000000000012,662.7232249853344,21.3039231300354,25.74341129270428,21.09252197265625,1054.6260986328125
303,3,4,0.007600000000000012,598.9139241678864,19.919440197944642,24.472717956285248,55.50663677014803,1054.6260986328125
