epoch,startPos,prefixLength,learnRate,MSE,MAE,RMSE,meanLoss,totalLoss
305,2,mix,0.007600000000000012,77.03726008357567,2.248294172099122,8.777087220916497,2.419063991970486,65.31472778320312
305,2,2,0.007600000000000012,77.03723024574523,2.2482930977475917,8.777085521159357,2.419063991970486,65.31472778320312
305,2,3,0.007600000000000012,36.47490963229513,1.4084348581600352,6.039446136219374,21.771575927734375,65.31472778320312
305,2,4,0.007600000000000012,4.81816031931208e-06,0.0021944065592833795,0.002195030824228234,65.31472778320312,65.31472778320312
