epoch,startPos,prefixLength,learnRate,MSE,MAE,RMSE,meanLoss,totalLoss
136,2,mix,0.009100000000000006,770.8591227344084,23.328344331068152,27.76434985254307,23.337071927866543,3103.83056640625
136,2,2,0.009100000000000006,769.0995747581103,23.337201169308493,27.732644568416305,23.337071927866543,3103.83056640625
136,2,3,0.009100000000000006,689.5873838439785,22.03398782473344,26.25999588431001,62.076611328125,3103.83056640625
136,2,4,0.009100000000000006,835.9226809271952,24.855780255794524,28.912327490660367,163.35950349506578,3103.83056640625
