epoch,startPos,prefixLength,learnRate,MSE,MAE,RMSE,meanLoss,totalLoss
274,4,mix,0.007700000000000012,304.3956884571775,7.8747681874781845,17.4469392289071,7.56735550729852,143.77975463867188
274,4,4,0.007700000000000012,306.5206987393845,8.015662145242095,17.50773254134825,7.56735550729852,143.77975463867188
274,4,5,0.007700000000000012,174.88201237798856,5.852264739107341,13.224296290464327,28.755950927734375,143.77975463867188
