epoch,startPos,prefixLength,learnRate,MSE,MAE,RMSE,meanLoss,totalLoss
496,2,mix,0.007500000000000012,369.0905131820537,8.876035857679588,19.211728531864427,8.298782626065341,912.8660888671875
496,2,2,0.007500000000000012,370.10222178207425,8.90119996134724,19.238041006871626,8.298782626065341,912.8660888671875
496,2,3,0.007500000000000012,466.717881132378,11.217857771299101,21.603654346715928,21.229443927143894,912.8660888671875
496,2,4,0.007500000000000012,251.7751501497818,6.50758376121521,15.867424181315057,48.045583624588815,912.8660888671875
496,2,5,0.007500000000000012,115.3421576490272,4.766885545104742,10.739746628716489,152.14434814453125,912.8660888671875
