epoch,startPos,prefixLength,learnRate,MSE,MAE,RMSE,meanLoss,totalLoss
148,3,mix,0.008900000000000007,680.6485674143215,21.142216136822334,26.08924236949631,21.493310546875,1074.66552734375
148,3,3,0.008900000000000007,673.3285786583166,21.058882447389458,25.948575657602415,21.493310546875,1074.66552734375
148,3,4,0.008900000000000007,629.5943606796611,20.955046689510347,25.09171896621794,56.5613435444079,1074.66552734375
148,3,5,0.008900000000000007,1206.2007077441062,31.883851498365402,34.730400339531165,214.93310546875,1074.66552734375
