epoch,startPos,prefixLength,learnRate,MSE,MAE,RMSE,meanLoss,totalLoss
324,2,mix,0.007400000000000012,305.6256174890467,7.542771182355604,17.482151397612558,8.64476439329955,959.56884765625
324,2,2,0.007400000000000012,304.4450369266233,7.517314199158656,17.448353415913587,8.64476439329955,959.56884765625
324,2,3,0.007400000000000012,481.87768206504205,10.93131069517271,21.951712508709704,22.315554596656977,959.56884765625
324,2,4,0.007400000000000012,302.4231079332825,7.467579765617847,17.39031649893936,50.50362356085526,959.56884765625
