epoch,startPos,prefixLength,learnRate,MSE,MAE,RMSE,meanLoss,totalLoss
382,2,mix,0.008100000000000012,342.4554679183358,8.287041569192862,18.505552353775766,8.444886373817374,920.4926147460938
382,2,2,0.008100000000000012,341.5902834544082,8.276262331047448,18.482161222497986,8.444886373817374,920.4926147460938
382,2,3,0.008100000000000012,466.24640142247114,10.85184287127446,21.59273955343488,21.406804994095204,920.4926147460938
382,2,4,0.008100000000000012,260.85986662815446,6.990833271294832,16.151156820121415,48.44697972347862,920.4926147460938
382,2,5,0.008100000000000012,106.62041533122454,3.035589624196291,10.325716213959424,184.09852294921876,920.4926147460938
