epoch,startPos,prefixLength,learnRate,MSE,MAE,RMSE,meanLoss,totalLoss
206,3,mix,0.00830000000000001,476.97781658759305,10.79220245575363,21.839821807597083,10.865105917287428,467.1995544433594
206,3,3,0.00830000000000001,481.80822538572716,10.907244197008284,21.95013041842183,10.865105917287428,467.1995544433594
206,3,4,0.00830000000000001,287.8580888217671,7.523018623888492,16.966381135108545,24.58945023386102,467.1995544433594
206,3,5,0.00830000000000001,130.6509865073166,3.212464464828372,11.430266248312705,93.43991088867188,467.1995544433594
