epoch,startPos,prefixLength,learnRate,MSE,MAE,RMSE,meanLoss,totalLoss
387,3,mix,0.00670000000000001,582.0046334463163,17.439183592796326,24.124772194703027,20.265655517578125,60.796966552734375
387,3,3,0.00670000000000001,543.8580378545537,17.085817754268646,23.32076409242531,20.265655517578125,60.796966552734375
387,3,4,0.00670000000000001,282.4817302968979,14.704647362232208,16.807192814295252,60.796966552734375,60.796966552734375
