epoch,startPos,prefixLength,learnRate,MSE,MAE,RMSE,meanLoss,totalLoss
458,2,mix,0.006500000000000009,765.0507087377745,23.096854943562956,27.659550045830002,23.207260705474624,3086.565673828125
458,2,2,0.006500000000000009,769.6119255899652,23.18274575471878,27.741880354257987,23.207260705474624,3086.565673828125
458,2,3,0.006500000000000009,793.4208849877135,23.430782776612503,28.16772772141398,61.7313134765625,3086.565673828125
458,2,4,0.006500000000000009,913.4064660567872,25.17004712820053,30.222615142584655,162.45082493832237,3086.565673828125
458,2,5,0.006500000000000009,965.4218098580823,23.621498703956604,31.071237662154402,514.4276123046875,3086.565673828125
