epoch,startPos,prefixLength,learnRate,MSE,MAE,RMSE,meanLoss,totalLoss
132,3,mix,0.009100000000000006,593.0192040584726,19.705113401779762,24.351985628660195,21.350556640625,1067.52783203125
132,3,3,0.009100000000000006,594.679552705259,19.80837008586297,24.38605242152282,21.350556640625,1067.52783203125
132,3,4,0.009100000000000006,551.75813236822,18.707558155059814,23.48953239994828,56.18567537006579,1067.52783203125
