epoch,startPos,prefixLength,learnRate,MSE,MAE,RMSE,meanLoss,totalLoss
125,1,mix,0.002,717.1365226362366,21.939840440239227,26.779404822292758,20.44489271863759,2841.840087890625
125,1,1,0.002,721.4059842103288,22.025968638488223,26.85900192133596,20.44489271863759,2841.840087890625
125,1,2,0.002,1047.4960483225505,26.298005197729385,32.36504361688009,101.49428885323661,2841.840087890625
125,1,3,0.002,1120.6096906381417,28.788124561309814,33.47550881821129,947.280029296875,2841.840087890625
125,1,4,0.002,1466.2702309598628,36.06358879804611,38.29190816556238,2841.840087890625,2841.840087890625
