epoch,startPos,prefixLength,learnRate,MSE,MAE,RMSE,meanLoss,totalLoss
230,2,mix,0.008900000000000007,357.1909118078508,8.513738394611412,18.899495014625412,8.409388086817286,933.4420776367188
230,2,2,0.008900000000000007,360.15606530693844,8.572194864766466,18.97777819732696,8.409388086817286,933.4420776367188
230,2,3,0.008900000000000007,478.4951569299141,11.321917854080146,21.874532153395055,21.70795529387718,933.4420776367188
230,2,4,0.008900000000000007,288.5640362280911,7.307062191516161,16.987172696717106,49.128530401932565,933.4420776367188
230,2,5,0.008900000000000007,73.17624065535503,2.4508797265589237,8.554311232083798,155.57367960611978,933.4420776367188
