epoch,startPos,prefixLength,learnRate,MSE,MAE,RMSE,meanLoss,totalLoss
426,4,mix,0.006400000000000009,305.81651362426487,7.969165038131178,17.487610289123694,7.67017324347245,145.73329162597656
426,4,4,0.006400000000000009,304.41250633344856,7.875487195700407,17.44742119436132,7.67017324347245,145.73329162597656
426,4,5,0.006400000000000009,174.8817812493838,5.85188253223896,13.224287551674903,29.14665832519531,145.73329162597656
