epoch,startPos,prefixLength,learnRate,MSE,MAE,RMSE,meanLoss,totalLoss
144,4,mix,0.008900000000000007,283.9063920100715,7.4097359970211985,16.849522011323394,8.065078735351562,153.2364959716797
144,4,4,0.008900000000000007,296.57943039032233,7.897138482332229,17.221481654907695,8.065078735351562,153.2364959716797
144,4,5,0.008900000000000007,130.65696502338275,3.211760899052024,11.430527766616148,30.647299194335936,153.2364959716797
