epoch,startPos,prefixLength,learnRate,MSE,MAE,RMSE,meanLoss,totalLoss
305,2,mix,0.007600000000000012,308.21073538113353,7.6004391349852085,17.55593162954144,8.640440244932432,959.0888671875
305,2,2,0.007600000000000012,312.9199903329833,7.706510548346809,17.689544661550315,8.640440244932432,959.0888671875
305,2,3,0.007600000000000012,480.0099904284858,10.905836237086492,21.909130298313666,22.304392260174417,959.0888671875
305,2,4,0.007600000000000012,287.0473953386215,7.033039071410895,16.942473117541653,50.478361430921055,959.0888671875
