epoch,startPos,prefixLength,learnRate,MSE,MAE,RMSE,meanLoss,totalLoss
147,3,mix,0.008900000000000007,77.66332610823493,2.357807337205486,8.81267984827742,2.3733728726704917,28.4804744720459
147,3,3,0.008900000000000007,77.66330814050468,2.357807205289646,8.812678828852478,2.3733728726704917,28.4804744720459
147,3,4,0.008900000000000007,148.97197498945036,4.049213504418731,12.205407612589198,9.493491490681967,28.4804744720459
