epoch,startPos,prefixLength,learnRate,MSE,MAE,RMSE,meanLoss,totalLoss
369,4,mix,0.00690000000000001,304.3794674255164,7.876139662228525,17.446474355167474,7.532232987253289,143.1124267578125
369,4,4,0.00690000000000001,305.0809860580267,7.922969563305378,17.46656766677491,7.532232987253289,143.1124267578125
369,4,5,0.00690000000000001,174.8598847600265,5.852424451615661,13.223459636571153,28.6224853515625,143.1124267578125
