epoch,startPos,prefixLength,learnRate,MSE,MAE,RMSE,meanLoss,totalLoss
23,1,mix,0.01,437.64195174642384,17.522246892197114,20.9198936839178,17.56704688968515,2336.417236328125
23,1,1,0.01,436.84529031558617,17.498540372107968,20.900844248871532,17.56704688968515,2336.417236328125
23,1,2,0.01,278.4279732811051,11.497440311929275,16.686161130742597,21.43502051677179,2336.417236328125
23,1,3,0.01,389.99146557582867,12.539861201901328,19.748201578266023,54.33528456577035,2336.417236328125
23,1,4,0.01,227.3742786632716,8.715382208675146,15.078934931329586,122.96932822779605,2336.417236328125
23,1,5,0.01,97.76334939616409,4.889593306928873,9.887535051577014,467.283447265625,2336.417236328125
