epoch,startPos,prefixLength,learnRate,MSE,MAE,RMSE,meanLoss,totalLoss
229,2,mix,0.008900000000000007,357.0631986019728,8.495815288137507,18.896115966038437,8.424060168567005,935.0706787109375
229,2,2,0.008900000000000007,356.0360172028609,8.492918284402954,18.868916693940353,8.424060168567005,935.0706787109375
229,2,3,0.008900000000000007,521.8830967585636,11.714813552458178,22.84476081640085,21.745829737463662,935.0706787109375
229,2,4,0.008900000000000007,265.8743723878762,7.154256824404001,16.305654613902387,49.21424624794408,935.0706787109375
229,2,5,0.008900000000000007,385.45658516364,10.60430888645351,19.633048290157085,187.0141357421875,935.0706787109375
