epoch,startPos,prefixLength,learnRate,MSE,MAE,RMSE,meanLoss,totalLoss
487,3,mix,0.006000000000000008,508.3584658231787,11.382362612353807,22.546806111358183,10.520836408748183,452.3959655761719
487,3,3,0.006000000000000008,504.62175770127664,11.314785934561355,22.463787697119926,10.520836408748183,452.3959655761719
487,3,4,0.006000000000000008,305.0525962315552,7.923939182423055,17.465754957388906,23.810313977693255,452.3959655761719
487,3,5,0.006000000000000008,174.33675735835953,5.7905546822585166,13.20366454278355,90.47919311523438,452.3959655761719
