epoch,startPos,prefixLength,learnRate,MSE,MAE,RMSE,meanLoss,totalLoss
87,1,mix,0.005,718.3942858250788,21.981304442031043,26.80287831232084,20.45693289118705,2843.513671875
87,1,1,0.005,718.2358643501015,21.960459417956216,26.79992284224157,20.45693289118705,2843.513671875
87,1,2,0.005,1033.7725828512032,26.01831212214061,32.15233401871788,101.55405970982143,2843.513671875
87,1,3,0.005,1108.6004530620792,29.238386929035187,33.29565216454063,947.837890625,2843.513671875
87,1,4,0.005,1129.1265711940316,29.702979624271393,33.60247864658248,2843.513671875,2843.513671875
