epoch,startPos,prefixLength,learnRate,MSE,MAE,RMSE,meanLoss,totalLoss
343,2,mix,0.007200000000000011,116.92567952763645,2.906558570786541,10.813217815601257,2.338123899517637,154.31617736816406
343,2,2,0.007200000000000011,116.48088297537251,2.8661211889611877,10.79263095706383,2.338123899517637,154.31617736816406
343,2,3,0.007200000000000011,77.65046817531312,2.355751097909092,8.811950304859483,12.859681447347006,154.31617736816406
343,2,4,0.007200000000000011,111.99720333348846,3.406474586622153,10.582873113360495,51.43872578938802,154.31617736816406
