epoch,startPos,prefixLength,learnRate,MSE,MAE,RMSE,meanLoss,totalLoss
97,2,mix,0.009600000000000003,369.5045387839827,8.888361953465003,19.222500846247417,8.291265869140625,912.0392456054688
97,2,2,0.009600000000000003,368.9523324546191,8.864377844546523,19.208131935579242,8.291265869140625,912.0392456054688
97,2,3,0.009600000000000003,465.00718258497267,11.235054787587035,21.564025194405907,21.210215014080667,912.0392456054688
97,2,4,0.009600000000000003,274.132588652924,6.971732348948717,16.55694985958839,48.002065558182565,912.0392456054688
97,2,5,0.009600000000000003,114.06475568658139,4.6707676239311695,10.6801102843829,152.00654093424478,912.0392456054688
