epoch,startPos,prefixLength,learnRate,MSE,MAE,RMSE,meanLoss,totalLoss
434,2,mix,0.006400000000000009,335.13025993646863,8.225735646805592,18.30656330217304,8.46911954012784,931.6031494140625
434,2,2,0.006400000000000009,330.8474046627895,8.16714068355837,18.189211216069527,8.46911954012784,931.6031494140625
434,2,3,0.006400000000000009,497.41182057750024,11.473222346129743,22.302731235826258,21.66518952125727,931.6031494140625
434,2,4,0.006400000000000009,346.4030201571129,8.437777784466743,18.611905333874684,49.03174470600329,931.6031494140625
434,2,5,0.006400000000000009,179.60205754560076,6.515871439129114,13.401569219520555,186.3206298828125,931.6031494140625
