epoch,startPos,prefixLength,learnRate,MSE,MAE,RMSE,meanLoss,totalLoss
140,1,mix,0.001,677.4286665448986,21.101784616708755,26.027459855792664,21.47919464111328,4124.00537109375
140,1,1,0.001,680.1379070190529,21.170673779522378,26.079453733141207,21.47919464111328,4124.00537109375
140,1,2,0.001,1373.2942769138867,30.147394322297153,37.05798533263629,31.007559181156015,4124.00537109375
140,1,3,0.001,2100.7813334678176,39.79705725266383,45.83428120378695,82.480107421875,4124.00537109375
140,1,4,0.001,2912.56839355912,48.796767103672025,53.96821651267642,217.0529142680921,4124.00537109375
140,1,5,0.001,2548.157105962479,44.888995707035065,50.479274023726596,687.334228515625,4124.00537109375
