epoch,startPos,prefixLength,learnRate,MSE,MAE,RMSE,meanLoss,totalLoss
492,3,mix,0.007500000000000012,469.85076299540304,10.949335361407561,21.676041220559696,10.451993010764898,449.4356994628906
492,3,3,0.007500000000000012,448.05361107654534,10.435158920220353,21.16727689327433,10.451993010764898,449.4356994628906
492,3,4,0.007500000000000012,260.9288955512757,6.988215769827366,16.15329364406144,23.654510498046875,449.4356994628906
492,3,5,0.007500000000000012,106.66104362570033,3.0320468358695507,10.327683361998485,89.88713989257812,449.4356994628906
