epoch,startPos,prefixLength,learnRate,MSE,MAE,RMSE,meanLoss,totalLoss
340,2,mix,0.007200000000000011,346.92807027099906,8.539940244252127,18.6260052150481,8.415501819957386,925.7052001953125
340,2,2,0.007200000000000011,350.91067399359997,8.623104901385627,18.73260990875537,8.415501819957386,925.7052001953125
340,2,3,0.007200000000000011,507.46834047733245,11.341181058436632,22.52705796319911,21.528027911518894,925.7052001953125
340,2,4,0.007200000000000011,303.6992876829294,7.828467298299074,17.426970123430216,48.72132632606908,925.7052001953125
340,2,5,0.007200000000000011,176.37503066265037,6.039263851940632,13.280626139706305,185.1410400390625,925.7052001953125
