epoch,startPos,prefixLength,learnRate,MSE,MAE,RMSE,meanLoss,totalLoss
112,3,mix,0.009500000000000003,477.88099642274324,10.992041364989497,21.86048939119944,10.645135923873546,457.7408447265625
112,3,3,0.009500000000000003,473.21911784782407,10.922443133863537,21.753600112345175,10.645135923873546,457.7408447265625
112,3,4,0.009500000000000003,290.24596546098235,7.246441426873207,17.036606629871525,24.091623406661185,457.7408447265625
112,3,5,0.009500000000000003,114.91424822567222,4.340474594384432,10.719806352060294,76.29014078776042,457.7408447265625
