epoch,startPos,prefixLength,learnRate,MSE,MAE,RMSE,meanLoss,totalLoss
103,5,mix,0.009200000000000005,652.0428721119988,21.512686252593994,25.53513015655097,20.792608642578124,103.96304321289062
103,5,5,0.009200000000000005,649.27569967711,21.43806105852127,25.480888910654393,20.792608642578124,103.96304321289062
