epoch,startPos,prefixLength,learnRate,MSE,MAE,RMSE,meanLoss,totalLoss
96,1,mix,0.003,444.1294162628567,17.463548100130126,21.07437819397898,17.76339102149906,2362.531005859375
96,1,1,0.003,444.6640110838681,17.460978204779554,21.087057904882514,17.76339102149906,2362.531005859375
96,1,2,0.003,277.1452033107154,14.476001543125935,16.647678616273062,21.47755459872159,2362.531005859375
96,1,3,0.003,367.79484385397507,16.303987515243616,19.177978096086537,54.94258153161337,2362.531005859375
96,1,4,0.003,291.8120190751776,14.929749065637589,17.082506229332324,124.34373715049342,2362.531005859375
96,1,5,0.003,163.89795872914243,12.099086940288544,12.802263812667759,472.506201171875,2362.531005859375
