epoch,startPos,prefixLength,learnRate,MSE,MAE,RMSE,meanLoss,totalLoss
259,4,mix,0.007800000000000013,557.7008104787099,18.269106149673462,23.615689921717507,19.84908736379523,377.1326599121094
259,4,4,0.007800000000000013,557.835989186214,18.31706304550171,23.61855180120521,19.84908736379523,377.1326599121094
259,4,5,0.007800000000000013,729.1886679682175,23.5039803981781,27.00349362523704,75.42653198242188,377.1326599121094
