epoch,startPos,prefixLength,learnRate,MSE,MAE,RMSE,meanLoss,totalLoss
20,1,mix,0.01,419.5353151157347,17.317440727556292,20.4825612440372,17.593825261395676,2339.978759765625
20,1,1,0.01,422.92005815194676,17.384381098785635,20.565020256541125,17.593825261395676,2339.978759765625
20,1,2,0.01,272.76212805776623,11.830894904942918,16.515511740717155,21.2725341796875,2339.978759765625
20,1,3,0.01,393.8431053781804,12.6874595656991,19.845480729329296,54.418110692223834,2339.978759765625
20,1,4,0.01,254.0169289643648,9.52157488502562,15.937908550508276,123.15677682976974,2339.978759765625
20,1,5,0.01,120.5778892217894,5.29026385769248,10.980796383768775,467.995751953125,2339.978759765625
