epoch,startPos,prefixLength,learnRate,MSE,MAE,RMSE,meanLoss,totalLoss
205,3,mix,0.00840000000000001,344.10521351564023,10.17686370597221,18.550073140439103,9.653467043481692,955.6932373046875
205,3,3,0.00840000000000001,343.0172062488748,10.18218595151288,18.52072369668299,9.653467043481692,955.6932373046875
205,3,4,0.00840000000000001,312.2629254862919,9.633667531489793,17.67096277757078,12.41160048447646,955.6932373046875
