epoch,startPos,prefixLength,learnRate,MSE,MAE,RMSE,meanLoss,totalLoss
59,2,mix,0.009800000000000001,370.04103962025283,8.924343718082778,19.2364508062234,8.297784423828125,912.7562866210938
59,2,2,0.009800000000000001,368.1815344102257,8.854525563041014,19.188057077521574,8.297784423828125,912.7562866210938
59,2,3,0.009800000000000001,460.2243964419677,11.213402327150106,21.45284122073269,21.226890386537065,912.7562866210938
59,2,4,0.009800000000000001,258.83952343432463,6.674031621217727,16.088490402592925,48.039804559004935,912.7562866210938
59,2,5,0.009800000000000001,113.59377757627688,4.690385114401579,10.65803816733065,152.12604777018228,912.7562866210938
