epoch,startPos,prefixLength,learnRate,MSE,MAE,RMSE,meanLoss,totalLoss
438,2,mix,0.006400000000000009,116.35272700826714,2.8505740448838557,10.78669212540467,2.3307465061996924,153.8292694091797
438,2,2,0.006400000000000009,116.59168993940476,2.8763067977997707,10.79776319148576,2.3307465061996924,153.8292694091797
438,2,3,0.006400000000000009,77.65002244193462,2.3558351325622198,8.811925013408514,12.819105784098307,153.8292694091797
438,2,4,0.006400000000000009,101.70032014005369,2.8284279837284885,10.084657661024181,51.27642313639323,153.8292694091797
