epoch,startPos,prefixLength,learnRate,MSE,MAE,RMSE,meanLoss,totalLoss
340,3,mix,0.00830000000000001,480.56229798812217,10.986149800772017,21.92173118136709,10.592641431231831,455.48358154296875
340,3,3,0.00830000000000001,477.28561759905296,10.950639074160295,21.84686745506213,10.592641431231831,455.48358154296875
340,3,4,0.00830000000000001,290.38643558612637,7.249033911526203,17.040728728142067,23.97282008120888,455.48358154296875
340,3,5,0.00830000000000001,73.27761839611964,2.4588829707354307,8.560234716181538,75.91393025716145,455.48358154296875
