epoch,startPos,prefixLength,learnRate,MSE,MAE,RMSE,meanLoss,totalLoss
349,4,mix,0.007100000000000011,349.57130588388384,8.538682492077351,18.69682609118146,7.828988326223273,148.7507781982422
349,4,4,0.007100000000000011,359.16987811131344,8.838637744635344,18.95177770319485,7.828988326223273,148.7507781982422
349,4,5,0.007100000000000011,153.11500751842277,5.3138352651149035,12.373964906949704,29.750155639648437,148.7507781982422
