epoch,startPos,prefixLength,learnRate,MSE,MAE,RMSE,meanLoss,totalLoss
457,2,mix,0.0062000000000000085,331.8884872373182,9.769501691270206,18.217806872324623,9.26940311945922,1306.98583984375
457,2,2,0.0062000000000000085,329.90819439731905,9.772672289995374,18.163375082768045,9.26940311945922,1306.98583984375
457,2,3,0.0062000000000000085,339.9006677577121,10.074620212661102,18.436395194226883,13.20187717013889,1306.98583984375
457,2,4,0.0062000000000000085,319.7904993673791,9.693570144407984,17.882687140566407,16.973842075892858,1306.98583984375
