epoch,startPos,prefixLength,learnRate,MSE,MAE,RMSE,meanLoss,totalLoss
12,4,mix,0.01,750.075175153391,22.205285058571743,27.387500345109828,20.8881787109375,1044.408935546875
12,4,4,0.01,698.5624008912013,21.878688824176788,26.430331077971786,54.96889134457237,1044.408935546875
12,4,5,0.01,712.3251187591342,23.561439841985703,26.689419603264778,174.06815592447916,1044.408935546875
