epoch,startPos,prefixLength,learnRate,MSE,MAE,RMSE,meanLoss,totalLoss
96,1,mix,0.003,424.934184527109,17.359579446979545,20.61393180659888,17.587495961583645,2339.136962890625
96,1,1,0.003,423.67969532854164,17.334793129089203,20.583481127558127,17.587495961583645,2339.136962890625
96,1,2,0.003,271.1385615031098,11.721229501866869,16.466285601285733,21.264881480823863,2339.136962890625
96,1,3,0.003,399.3275765096805,12.65911571376703,19.983182341901415,54.39853402071221,2339.136962890625
96,1,4,0.003,254.56794589891086,9.486831523478031,15.955185548871277,123.11247173108552,2339.136962890625
96,1,5,0.003,120.6449455665032,5.24385285563767,10.983849305525963,467.827392578125,2339.136962890625
