epoch,startPos,prefixLength,learnRate,MSE,MAE,RMSE,meanLoss,totalLoss
163,1,mix,0.0006999999999999999,717.5705309496826,21.918903164352688,26.7875069939269,20.449589351955936,2842.492919921875
163,1,1,0.0006999999999999999,724.6468048348821,22.04743173122406,26.919264567125197,20.449589351955936,2842.492919921875
163,1,2,0.0006999999999999999,1045.2456293012287,26.147862570626394,32.330258726172126,101.51760428292411,2842.492919921875
163,1,3,0.0006999999999999999,1136.5850807923607,29.394837379455566,33.71327751483621,947.4976399739584,2842.492919921875
163,1,4,0.0006999999999999999,1041.8354118693453,25.80796891450882,32.27747530197096,2842.492919921875,2842.492919921875
