epoch,startPos,prefixLength,learnRate,MSE,MAE,RMSE,meanLoss,totalLoss
373,3,mix,0.00690000000000001,35.75358262992965,1.416687878259836,5.979429958610575,1.6226399739583333,4.867919921875
373,3,3,0.00690000000000001,36.40747779913565,1.3755341533669707,6.033860936343798,1.6226399739583333,4.867919921875
373,3,4,0.00690000000000001,7.33620775187189,1.062606841230263,2.7085434742443937,4.867919921875,4.867919921875
