epoch,startPos,prefixLength,learnRate,MSE,MAE,RMSE,meanLoss,totalLoss
115,1,mix,0.002,426.9083982216989,17.391330027444795,20.661761740512326,17.594252966400376,2340.03564453125
115,1,1,0.002,428.49698006074937,17.42982321074515,20.700168599814578,17.594252966400376,2340.03564453125
115,1,2,0.002,266.02653618131734,11.610139895895761,16.310319928846194,21.273051313920455,2340.03564453125
115,1,3,0.002,393.4160396588047,12.532983587546783,19.834718038298522,54.41943359375,2340.03564453125
115,1,4,0.002,256.2391677868808,9.54229726716876,16.007472248511966,123.15977076480263,2340.03564453125
115,1,5,0.002,120.65508747127453,5.237745590507984,10.984310969345074,468.00712890625,2340.03564453125
