epoch,startPos,prefixLength,learnRate,MSE,MAE,RMSE,meanLoss,totalLoss
212,2,mix,0.00840000000000001,790.9163030251326,23.645319506977543,28.123234220571657,23.12352964931861,3075.429443359375
212,2,2,0.00840000000000001,792.0263023936938,23.710300450975243,28.14296186249226,23.12352964931861,3075.429443359375
212,2,3,0.00840000000000001,727.2099948960893,22.838248092394608,26.96683138405566,61.5085888671875,3075.429443359375
212,2,4,0.00840000000000001,676.5188971445325,22.4785436630249,26.009976877047247,161.86470754523026,3075.429443359375
