epoch,startPos,prefixLength,learnRate,MSE,MAE,RMSE,meanLoss,totalLoss
434,3,mix,0.006300000000000009,546.0729093325632,12.398296244781125,23.368202954710984,10.306294285973838,443.170654296875
434,3,3,0.006300000000000009,549.778805849738,12.419607396660881,23.447362449745558,10.306294285973838,443.170654296875
434,3,4,0.006300000000000009,312.29580390311196,7.6727653432637455,17.67189304808944,23.324771278782894,443.170654296875
