epoch,startPos,prefixLength,learnRate,MSE,MAE,RMSE,meanLoss,totalLoss
391,4,mix,0.00670000000000001,296.9451956686221,7.981108348816633,17.232097831332727,8.111125745271382,154.11138916015625
391,4,4,0.00670000000000001,298.7995658095563,8.013287156820297,17.285819789919028,8.111125745271382,154.11138916015625
391,4,5,0.00670000000000001,130.62921353342657,3.215011039748788,11.429313782262982,30.82227783203125,154.11138916015625
