epoch,startPos,prefixLength,learnRate,MSE,MAE,RMSE,meanLoss,totalLoss
153,1,mix,0.0006999999999999999,450.80117879700475,17.585333970177807,21.232079003173588,17.503970497532894,2328.028076171875
153,1,1,0.0006999999999999999,449.5347447552063,17.555869764563713,21.202234428361702,17.503970497532894,2328.028076171875
153,1,2,0.0006999999999999999,283.04413042162133,11.526688959116914,16.823915430767634,21.1638916015625,2328.028076171875
153,1,3,0.0006999999999999999,457.9980003563423,13.75991970368407,21.40088784037574,54.14018781795058,2328.028076171875
153,1,4,0.0006999999999999999,288.91280042973165,9.528150928765536,16.997435113267287,122.52779348273026,2328.028076171875
