epoch,startPos,prefixLength,learnRate,MSE,MAE,RMSE,meanLoss,totalLoss
264,3,mix,0.007900000000000013,741.369437208923,22.284331816893356,27.228100139541926,20.78713134765625,1039.3565673828125
264,3,3,0.007900000000000013,739.5350378047017,22.14028694996467,27.194393499482604,20.78713134765625,1039.3565673828125
264,3,4,0.007900000000000013,669.7475797109033,21.440306293964387,25.879481828485346,54.70297723067434,1039.3565673828125
264,3,5,0.007900000000000013,717.5910558147907,23.751307129859924,26.7878900963624,173.2260945638021,1039.3565673828125
