epoch,startPos,prefixLength,learnRate,MSE,MAE,RMSE,meanLoss,totalLoss
115,1,mix,0.002,178.31976109590602,4.652743601617063,13.353642240823513,4.861789574369716,1006.3904418945312
115,1,1,0.002,179.23802131694842,4.673176339127272,13.387980479405712,4.861789574369716,1006.3904418945312
115,1,2,0.002,116.23521870723935,2.8374425722676584,10.781243838594847,15.24834002870502,1006.3904418945312
115,1,3,0.002,77.6515684661916,2.3555893080699946,8.812012736383874,83.86587015787761,1006.3904418945312
115,1,4,0.002,101.7646856953911,2.8282272733224545,10.087848417546285,335.46348063151044,1006.3904418945312
