epoch,startPos,prefixLength,learnRate,MSE,MAE,RMSE,meanLoss,totalLoss
430,3,mix,0.006300000000000009,497.4452439147268,11.473908297040246,22.303480533646017,10.58000857331032,454.94036865234375
430,3,3,0.006300000000000009,489.7190288591428,11.284987532957034,22.129596219975248,10.58000857331032,454.94036865234375
430,3,4,0.006300000000000009,359.2282924409911,8.838401418924331,18.95331877115433,23.944229929070723,454.94036865234375
430,3,5,0.006300000000000009,168.2763551121502,6.000915244221687,12.97213764620736,90.98807373046876,454.94036865234375
