epoch,startPos,prefixLength,learnRate,MSE,MAE,RMSE,meanLoss,totalLoss
117,2,mix,0.009200000000000005,760.4385501500843,23.203283569392035,27.576050300035433,23.37547543174342,3108.938232421875
117,2,2,0.009200000000000005,767.460874938526,23.302744648035834,27.703084213468472,23.37547543174342,3108.938232421875
117,2,3,0.009200000000000005,694.1383086178085,22.058245732234074,26.3465046755316,62.1787646484375,3108.938232421875
117,2,4,0.009200000000000005,824.0120376623879,24.67646732330322,28.70560986396889,163.62832802220396,3108.938232421875
