epoch,startPos,prefixLength,learnRate,MSE,MAE,RMSE,meanLoss,totalLoss
110,3,mix,0.009200000000000005,677.8290737971388,21.07905272795604,26.035150735056995,21.58964599609375,1079.4822998046875
110,3,3,0.009200000000000005,669.6188894056826,21.070631403189438,25.876995370515537,21.58964599609375,1079.4822998046875
110,3,4,0.009200000000000005,654.6060763568737,21.28755213022232,25.585270691491104,56.81485788445724,1079.4822998046875
110,3,5,0.009200000000000005,1292.6726180489923,33.08975425362587,35.95375666114728,215.8964599609375,1079.4822998046875
