epoch,startPos,prefixLength,learnRate,MSE,MAE,RMSE,meanLoss,totalLoss
26,3,mix,0.0099,561.7340176961789,17.093430519104004,23.700928625186375,22.16461944580078,66.49385833740234
26,3,3,0.0099,558.6447258944709,16.96489942073822,23.635666394127135,22.16461944580078,66.49385833740234
26,3,4,0.0099,90.8209171426206,8.113735437393188,9.530000899402927,66.49385833740234,66.49385833740234
