epoch,startPos,prefixLength,learnRate,MSE,MAE,RMSE,meanLoss,totalLoss
416,2,mix,0.0066000000000000095,348.6723302580197,8.572470030614308,18.672769753253526,8.42802567915483,927.0828247070312
416,2,2,0.0066000000000000095,346.42394726099843,8.511643810463804,18.61246752209385,8.42802567915483,927.0828247070312
416,2,3,0.0066000000000000095,506.63426911944356,11.38259034214372,22.50853769393835,21.56006569086119,927.0828247070312
416,2,4,0.0066000000000000095,305.8262339189074,7.969219553470611,17.487888206381793,48.793832879317435,927.0828247070312
416,2,5,0.0066000000000000095,175.8884254645062,5.97703206166625,13.26229337122755,185.41656494140625,927.0828247070312
