epoch,startPos,prefixLength,learnRate,MSE,MAE,RMSE,meanLoss,totalLoss
381,2,mix,0.00690000000000001,80.99381061095008,2.399586053851408,8.999656138483852,2.4057100084092884,64.95417022705078
381,2,2,0.00690000000000001,84.95508474281198,2.551932230852003,9.217108263593955,2.4057100084092884,64.95417022705078
381,2,3,0.00690000000000001,36.47193000055526,1.4073900428538764,6.039199450304259,21.651390075683594,64.95417022705078
381,2,4,0.00690000000000001,1.2123015199391075e-06,0.0010955335455946624,0.001101045648435662,64.95417022705078,64.95417022705078
