epoch,startPos,prefixLength,learnRate,MSE,MAE,RMSE,meanLoss,totalLoss
368,4,mix,0.00690000000000001,355.95825297012715,8.738988422602414,18.866855937599333,7.765163220857319,147.53810119628906
368,4,4,0.00690000000000001,352.7588775422069,8.639008008688688,18.781876305156704,7.765163220857319,147.53810119628906
368,4,5,0.00690000000000001,198.46984225496857,7.376149132847786,14.087932504628512,29.50762023925781,147.53810119628906
