epoch,startPos,prefixLength,learnRate,MSE,MAE,RMSE,meanLoss,totalLoss
150,3,mix,0.009300000000000004,462.11476912608214,10.833123728463596,21.496854865911946,10.427967869958213,448.4026184082031
150,3,3,0.009300000000000004,458.8602912533082,10.678294180299748,21.42102451455831,10.427967869958213,448.4026184082031
150,3,4,0.009300000000000004,260.9574338998532,6.988529984652996,16.15417697995949,23.60013781095806,448.4026184082031
150,3,5,0.009300000000000004,106.6715417497368,3.0337677262723446,10.328191601134092,89.68052368164062,448.4026184082031
