epoch,startPos,prefixLength,learnRate,MSE,MAE,RMSE,meanLoss,totalLoss
93,3,mix,0.009400000000000004,747.7557599545603,22.370081305503845,27.345123147547906,20.92450927734375,1046.2254638671875
93,3,3,0.009400000000000004,753.0644029297104,22.30951892412626,27.44201892954872,20.92450927734375,1046.2254638671875
93,3,4,0.009400000000000004,679.9097945324702,21.343794870376588,26.075079952561413,55.06449809827303,1046.2254638671875
93,3,5,0.009400000000000004,747.1733555541623,24.336705803871155,27.334471927479452,174.37091064453125,1046.2254638671875
