epoch,startPos,prefixLength,learnRate,MSE,MAE,RMSE,meanLoss,totalLoss
495,2,mix,0.005900000000000008,79.66522873916787,2.3481156952858555,8.925538008387386,2.471632780852141,66.73408508300781
495,2,2,0.005900000000000008,82.30578694478847,2.449680259743104,9.07225368609082,2.471632780852141,66.73408508300781
495,2,3,0.005900000000000008,61.57539311298715,2.297293788602474,7.846998987701422,22.24469502766927,66.73408508300781
495,2,4,0.005900000000000008,4.1018543657852076e-07,0.0006170530978124589,0.0006404572090144046,66.73408508300781,66.73408508300781
