epoch,startPos,prefixLength,learnRate,MSE,MAE,RMSE,meanLoss,totalLoss
182,2,mix,0.008700000000000008,645.8636734261826,20.184350286211288,25.41384806412013,19.267118181501115,539.4793090820312
182,2,2,0.008700000000000008,650.0692931251825,20.233146386487142,25.49645648173845,19.267118181501115,539.4793090820312
182,2,3,0.008700000000000008,494.49005294981043,17.110114336013794,22.237132300497077,179.8264363606771,539.4793090820312
182,2,4,0.008700000000000008,280.345251310252,16.232603311538696,16.743513708605253,539.4793090820312,539.4793090820312
