epoch,startPos,prefixLength,learnRate,MSE,MAE,RMSE,meanLoss,totalLoss
286,2,mix,0.007700000000000012,348.6909300395209,8.428263448378337,18.67326779220822,8.443814919211647,928.8196411132812
286,2,2,0.007700000000000012,350.7230918089146,8.465559165059988,18.727602404176423,8.443814919211647,928.8196411132812
286,2,3,0.007700000000000012,536.1237253218467,12.185214071957903,23.1543457113745,21.60045677007631,928.8196411132812
286,2,4,0.007700000000000012,327.1131806399943,7.9296993892639875,18.086270501128592,48.885244269120065,928.8196411132812
