epoch,startPos,prefixLength,learnRate,MSE,MAE,RMSE,meanLoss,totalLoss
363,2,mix,0.008200000000000011,359.2140982933957,8.558221675869492,18.95294431726627,8.376065090969876,929.7432250976562
363,2,2,0.008200000000000011,358.14233884115527,8.532613064817808,18.924648975374822,8.376065090969876,929.7432250976562
363,2,3,0.008200000000000011,464.278858720356,10.945102094587954,21.547131101851033,21.621935467387356,929.7432250976562
363,2,4,0.008200000000000011,288.5142615378356,7.361702633649111,16.985707566593614,48.93385395250822,929.7432250976562
363,2,5,0.008200000000000011,73.14366729982655,2.4671992547810078,8.55240710559469,154.95720418294272,929.7432250976562
