epoch,startPos,prefixLength,learnRate,MSE,MAE,RMSE,meanLoss,totalLoss
165,4,mix,0.008700000000000008,686.5890242666925,20.75323441028595,26.202843820217158,19.239559775904606,365.5516357421875
165,4,4,0.008700000000000008,652.8483007707424,20.10323770046234,25.550896281162867,19.239559775904606,365.5516357421875
165,4,5,0.008700000000000008,793.9807998619913,25.431510269641876,28.177664911450545,60.925272623697914,365.5516357421875
