epoch,startPos,prefixLength,learnRate,MSE,MAE,RMSE,meanLoss,totalLoss
50,3,mix,0.009600000000000003,495.84052434374644,11.455652088942854,22.2674768293075,10.574174747910611,454.68951416015625
50,3,3,0.009600000000000003,498.18020128008106,11.522413725880059,22.31995074546718,10.574174747910611,454.68951416015625
50,3,4,0.009600000000000003,352.83151013154196,8.638619437068702,18.7838097874617,23.931027061060856,454.68951416015625
50,3,5,0.009600000000000003,164.4972396454718,5.829275842756033,12.825647728106047,90.93790283203126,454.68951416015625
