epoch,startPos,prefixLength,learnRate,MSE,MAE,RMSE,meanLoss,totalLoss
361,2,mix,0.007100000000000011,761.1062118116937,23.119088967056836,27.58815346868459,23.346855909304512,3105.1318359375
361,2,2,0.007100000000000011,749.9981011941017,22.85516732229906,27.386093207942267,23.346855909304512,3105.1318359375
361,2,3,0.007100000000000011,830.4690774931528,24.15260098072199,28.81786039061805,62.10263671875,3105.1318359375
361,2,4,0.007100000000000011,1166.4790412421578,29.573618721961974,34.15375588778133,163.4279913651316,3105.1318359375
361,2,5,0.007100000000000011,2258.7569536808537,44.63198533654213,47.5263816598829,621.0263671875,3105.1318359375
