epoch,startPos,prefixLength,learnRate,MSE,MAE,RMSE,meanLoss,totalLoss
381,2,mix,0.00690000000000001,116.26354650023113,2.8460456462566714,10.78255751202984,2.3309968890565815,153.84579467773438
381,2,2,0.00690000000000001,116.39130901736438,2.8616701071817476,10.788480384992337,2.3309968890565815,153.84579467773438
381,2,3,0.00690000000000001,77.65450776848068,2.3559356470132116,8.812179512951417,12.820482889811197,153.84579467773438
381,2,4,0.00690000000000001,184.67614700483838,4.703586603473013,13.58956022117119,51.28193155924479,153.84579467773438
