epoch,startPos,prefixLength,learnRate,MSE,MAE,RMSE,meanLoss,totalLoss
269,2,mix,0.008000000000000012,751.7758058863667,23.008142175043332,27.418530337827494,23.58427624236372,3136.708740234375
269,2,2,0.008000000000000012,750.0957989596906,22.9432054670418,27.38787686111668,23.58427624236372,3136.708740234375
269,2,3,0.008000000000000012,840.3686993156514,24.624015134114487,28.98911346205074,62.7341748046875,3136.708740234375
269,2,4,0.008000000000000012,1157.9196474028615,30.083562751611073,34.02821839889449,165.08993369654604,3136.708740234375
269,2,5,0.008000000000000012,1779.5532175660496,37.77884843945503,42.18475100751514,627.341748046875,3136.708740234375
