epoch,startPos,prefixLength,learnRate,MSE,MAE,RMSE,meanLoss,totalLoss
92,3,mix,0.009600000000000003,530.4097352031608,11.838781164112417,23.03062602716567,10.474441173464752,450.4009704589844
92,3,3,0.009600000000000003,519.2429177338096,11.628570029342717,22.78690232861434,10.474441173464752,450.4009704589844
92,3,4,0.009600000000000003,265.8356036208893,7.154016406834126,16.304465756990915,23.70531423468339,450.4009704589844
92,3,5,0.009600000000000003,430.48788388431313,11.789488408714533,20.748201943404954,90.08019409179687,450.4009704589844
