epoch,startPos,prefixLength,learnRate,MSE,MAE,RMSE,meanLoss,totalLoss
321,3,mix,0.00840000000000001,478.92893204277965,10.96640243889256,21.884444979089135,10.574015062908794,454.6826477050781
321,3,3,0.00840000000000001,488.61207992593535,11.104193426668644,22.10457147121236,10.574015062908794,454.6826477050781
321,3,4,0.00840000000000001,290.86850550492716,7.288785804063082,17.054867501828536,23.930665668688324,454.6826477050781
321,3,5,0.00840000000000001,73.18380466204825,2.449586221948266,8.554753337300161,75.78044128417969,454.6826477050781
