epoch,startPos,prefixLength,learnRate,MSE,MAE,RMSE,meanLoss,totalLoss
172,2,mix,0.008700000000000008,335.8535670184559,9.874942392395395,18.326308057501816,9.278270964926861,1308.2362060546875
172,2,2,0.008700000000000008,331.5373214860306,9.774085572299859,18.20816634057451,9.278270964926861,1308.2362060546875
172,2,3,0.008700000000000008,349.23349650747434,10.226127302668129,18.687790038083005,13.214507131865531,1308.2362060546875
172,2,4,0.008700000000000008,314.3789495800795,9.593462517751115,17.730734603509227,16.990080598112826,1308.2362060546875
