epoch,startPos,prefixLength,learnRate,MSE,MAE,RMSE,meanLoss,totalLoss
340,3,mix,0.00830000000000001,466.6187693524731,10.878104356540875,21.601360358840207,10.40505555618641,447.4173889160156
340,3,3,0.00830000000000001,452.6802542489972,10.515899695456028,21.276283844905745,10.40505555618641,447.4173889160156
340,3,4,0.00830000000000001,260.9372604968588,6.988093037158251,16.153552565824608,23.548283627158717,447.4173889160156
340,3,5,0.00830000000000001,106.67307664096523,3.0340425595641136,10.328265906770858,89.48347778320313,447.4173889160156
