epoch,startPos,prefixLength,learnRate,MSE,MAE,RMSE,meanLoss,totalLoss
296,4,mix,0.007600000000000012,296.937881095842,7.963359525799751,17.23188559316252,8.099413420024671,153.88885498046875
296,4,4,0.007600000000000012,296.6744032752041,7.913669718801975,17.224238830067474,8.099413420024671,153.88885498046875
296,4,5,0.007600000000000012,130.65777983445093,3.211670931428671,11.430563408443652,30.77777099609375,153.88885498046875
