epoch,startPos,prefixLength,learnRate,MSE,MAE,RMSE,meanLoss,totalLoss
145,4,mix,0.009300000000000004,265.85636290130407,7.153238213062286,16.305102357891045,7.9912261962890625,151.8332977294922
145,4,4,0.009300000000000004,265.85636105059746,7.153238178789616,16.305102301138668,7.9912261962890625,151.8332977294922
145,4,5,0.009300000000000004,261.3008607076233,7.336075218394399,16.16480314472228,30.366659545898436,151.8332977294922
