epoch,startPos,prefixLength,learnRate,MSE,MAE,RMSE,meanLoss,totalLoss
189,3,mix,0.008600000000000009,669.0300630108081,21.467167184903072,25.865615457800498,21.04317138671875,1052.1585693359375
189,3,3,0.008600000000000009,664.1615881516342,21.340221570088314,25.771332680938993,21.04317138671875,1052.1585693359375
189,3,4,0.008600000000000009,579.0183619582874,19.526982283592226,24.0628003764792,55.3767668071546,1052.1585693359375
