epoch,startPos,prefixLength,learnRate,MSE,MAE,RMSE,meanLoss,totalLoss
274,5,mix,0.007700000000000012,650.8953512111257,21.488383173942566,25.512650807219654,21.046461486816405,105.23230743408203
274,5,5,0.007700000000000012,651.6098807820135,21.50634765625,25.526650402706846,21.046461486816405,105.23230743408203
