epoch,startPos,prefixLength,learnRate,MSE,MAE,RMSE,meanLoss,totalLoss
354,3,mix,0.007100000000000011,56.76259399894544,1.9429787588312593,7.5340954333579715,1.660181999206543,4.980545997619629
354,3,3,0.007100000000000011,37.0030698736875,1.5390135111852032,6.083014867126949,1.660181999206543,4.980545997619629
354,3,4,0.007100000000000011,3.6097285724840757,0.5707127088096513,1.8999285703636533,4.980545997619629,4.980545997619629
