epoch,startPos,prefixLength,learnRate,MSE,MAE,RMSE,meanLoss,totalLoss
149,3,mix,0.008800000000000007,541.6289686622349,12.276935838501561,23.272923509139005,10.249831798464752,440.7427673339844
149,3,3,0.008800000000000007,545.9012077281706,12.400336607274683,23.364528835997753,10.249831798464752,440.7427673339844
149,3,4,0.008800000000000007,325.8440607718038,8.044626517966389,18.05115123120417,23.19698775442023,440.7427673339844
