epoch,startPos,prefixLength,learnRate,MSE,MAE,RMSE,meanLoss,totalLoss
207,3,mix,0.00840000000000001,752.5903448326305,22.19661362354572,27.43338012044142,20.755341796875,1037.76708984375
207,3,3,0.00840000000000001,718.2654427820685,22.01080053127729,26.800474674566278,20.755341796875,1037.76708984375
207,3,4,0.00840000000000001,663.752768110368,21.24172410964966,25.76339977779268,54.6193205180921,1037.76708984375
207,3,5,0.00840000000000001,731.5698837280335,23.966644674539566,27.047548571507058,172.961181640625,1037.76708984375
