epoch,startPos,learnRate,MSE,MAE,RMSE,meanLoss,totalLoss
0,1,0.01,516.6807624019668,12.887560262589703,22.73061289103237,12.882272188780737,3929.093017578125
1,1,0.01,482.7591733431805,12.797904423323109,21.97178129654445,12.841686411372951,3916.71435546875
