epoch,startPos,learnRate,MSE,MAE,RMSE,meanLoss,totalLoss
0,2,0.01,1244.1509698403909,19.106690767945768,35.272524290733585,19.067505631710123,12432.013671875
1,2,0.01,1243.2751677147126,19.105713452871253,35.260107312864385,19.058312164493866,12426.01953125
2,2,0.01,1204.0047179127707,19.033099147268548,34.69877112972116,19.029657843654142,12407.3369140625
3,2,0.01,1153.085639542773,18.91085416960371,33.95711471168852,18.882133998753833,12311.1513671875
4,2,0.01,1134.130358045922,18.8364903326169,33.676851961635634,18.781763743769172,12245.7099609375
5,2,0.01,1112.2813517367495,18.793845086835507,33.350882323212225,18.68227868577454,12180.845703125
