epoch,startPos,learnRate,MSE,MAE,RMSE,meanLoss,totalLoss
0,1,0.01,1415.853706049516,28.68768114632084,37.627831535307955,34.22984304827844,5716.3837890625
1,1,0.01,1061.5974859977384,24.919565532179107,32.58216515208494,27.750280688622755,4634.296875
2,1,0.01,890.8127547313379,23.442988048706734,29.846486472135005,25.055131923652695,4184.20703125
3,1,0.01,814.5270847917667,22.963749240551675,28.53992089673282,23.925652601047904,3995.583984375
4,1,0.01,780.1984126978541,22.87011785166604,27.932032018774684,23.41168541822605,3909.75146484375
