epoch,startPos,learnRate,MSE,MAE,RMSE,meanLoss,totalLoss
0,1,0.01,4222994942.275891,45290.52008428744,64984.574648726375,44860.654822335026,17675098.0
1,1,0.01,4203630090.895252,45183.49634103568,64835.40769437062,44779.47715736041,17643114.0
2,1,0.01,4183897763.7441063,45119.66313491792,64683.056233793606,44697.82741116751,17610944.0
3,1,0.01,4164855313.10448,44987.51806166707,64535.69022722605,44617.77157360406,17579402.0
4,1,0.01,4144798035.562771,44866.06590123688,64380.10589897139,44533.15228426396,17546062.0
